effector,replicate,n_timepoints,duration_days,area_end_mm2,AUC,AGR_mean,AGR_max,RGR_mean,RGR_peak,RGR_final,time_to_10mm2,is_control
BM00001,1,13,28,82.12033173438071,746.1592802759224,2.7829455187757346,6.744028316187233,0.14197907343991015,0.38210939617051776,0.05104332,11.57599747302631,FALSE
BM00001,2,13,28,192.85183724084564,1782.242083939296,6.993938349539813,20.281330378291784,0.1815697972575496,0.3566068709341117,0.017021653655183933,9.332730806689309,FALSE
BM00001,3,10,23,89.09655716225835,734.3945681584548,3.074656098634822,8.774988406463885,0.20567661006633034,0.4313318023312713,0.021130660841489846,7.886446527186981,FALSE
BM00001,4,13,28,109.2484604495928,969.1357464508353,3.9614569317304364,9.368837780875936,0.18934948855635977,0.4802467263498102,0.063537256,9.503651094605639,FALSE
BM00001,5,12,28,201.7105428778507,3445.9771457386296,5.686814012924099,26.590848449823348,0.15465024693255575,0.34493380270699875,-0.062015995,4.607942441426807,FALSE
BM00001,6,12,28,114.32936818452448,983.9517812,3.682007824728018,8.095296250911183,0.18702554187420448,0.4815108664055938,0.050134914696992126,12.348117000968815,FALSE
BM00001,7,12,28,117.07027620505838,1568.6626559195488,4.211554988835915,11.60950483359587,0.14097165689612157,0.34363049420505637,-0.006311318,6.419202664890664,FALSE
BM00001,8,11,28,166.39083678308842,1937.1494757708756,4.371476911750943,12.86012228531324,0.20072200584368383,0.4255671264778505,0.026666498241832315,8.073961339445573,FALSE
BM00001,9,13,28,212.10743161698127,2125.9469830811636,7.582472093698591,15.729390111850012,0.1995646346075536,0.5099580401501738,0.033246061,7.084581282,FALSE
BM00001,10,13,28,70.05015063719848,719.2018269603304,2.4222245,5.710681018980165,0.7157286079106622,6.361939872398667,0.046729848,11.858100409759144,FALSE
BM00001,11,12,28,72.69109464439136,945.6480966509492,2.214429608146559,7.762594969456794,0.31450793087103457,1.0211094155946154,-0.055359316,11.566733862630173,FALSE
BM00001,12,13,28,0,0.089441486,0.000496897,0.010522528,0.27155787343325305,4.9772104577832375,-3.199248657,,FALSE
BM00002,1,12,28,50.01402520402731,713.3344114174339,1.6932756463132514,7.4995922373319885,0.17048595683700957,0.6726431686962567,-0.030804154,8.080165332533879,FALSE
BM00002,2,13,28,144.66344549355054,1769.9855223613063,5.311773341922466,15.448988438458155,0.17394244530603828,0.4136315739759164,-0.044261085,9.062542645946127,FALSE
BM00002,3,12,28,239.84845496974228,2575.2324953915013,7.9928218773655715,20.930354113058353,0.19930332077146648,0.6356504197545453,0.013130894192909063,7.1149081276396595,FALSE
BM00002,4,12,28,0,0.014469797,-0.000657718,0,-0.435446307,0,0,,FALSE
BM00002,5,13,28,113.20300695051108,952.4384987062832,4.029146452364018,17.40675192241706,0.1422247648862868,0.503286496,0.045864992,11.24659327175587,FALSE
BM00002,7,13,28,215.70394560253155,1517.0466558036994,7.023699574733967,24.704490496768813,0.17425714600615194,0.2749270361777172,0.1403226465113153,10.06487420171514,FALSE
BM00002,8,13,28,121.08367161764755,1014.7624966813989,4.391672277758585,11.897480211460149,0.16251872209191512,0.33013480780610227,0.043691213,10.591567475546464,FALSE
BM00002,9,13,28,160.83261638139237,1683.3031720959352,5.701430035997173,14.946266361276436,0.20044104153786216,0.556176958,0.026293444,8.462579838048153,FALSE
BM00002,10,13,28,104.89817053075254,826.8472787271946,3.767794364,9.911500624073895,0.3191648091996152,1.3884531555504933,0.073467426,11.953679939473927,FALSE
BM00002,11,13,28,222.0973218875453,1849.5998937516629,7.910976594281969,41.13918215276029,0.16510101555767795,0.3523126922078141,0.049304408,9.227843258297062,FALSE
BM00002,12,13,28,91.90987436481544,894.4238128787856,3.1398999327192354,6.0505110086902505,0.20929981177127885,0.8962024193622394,0.073338126,9.229217718901063,FALSE
BM00003,1,13,28,0,0,0,0,0,0,0,,FALSE
BM00003,2,12,26,98.99594715,1107.3633564320942,3.9164161083342095,10.086000955459092,0.14808532698329296,0.30983403111252933,0.010282776,5.831021418481893,FALSE
BM00003,3,13,28,99.45145917887208,1029.0487272330965,3.721164111047038,11.275155301722995,0.17972204732170025,0.8830323475436068,-0.011239921,9.964904099122776,FALSE
BM00003,4,13,28,52.32236251840725,463.95679420622616,1.8114343915404325,4.400353388031629,0.1811293754330137,0.3560754110889963,0.096641405,13.524172254360607,FALSE
BM00003,5,13,28,123.62124902270092,1031.9862975190272,4.411666758708618,12.273637671240309,0.182347708,0.30210976156722474,0.038532159,11.410622934478763,FALSE
BM00003,6,13,28,97.34195617362953,1106.9901581054883,3.4513193799811894,6.345550524610594,0.14688928396322012,0.28830668215199695,0.04170901,6.915274295180623,FALSE
BM00003,7,13,28,0,0.1843483979787215,-0.000476352,0.011432458789378068,-0.145039224,3.4809413798345052,0,,FALSE
BM00003,8,13,28,10.370454820712304,300.7689128329329,0.3504197479084872,3.5118369814946497,0.6325252244991325,5.952895074018681,-0.142920813,13.160192979003192,FALSE
BM00003,10,13,28,71.54497017973502,626.4678382927545,2.6077200322346656,10.324689259121076,0.6904543044081226,5.503002496801718,0.002876685,13.462978067108345,FALSE
BM00003,12,13,28,62.98112965921419,693.9605734545945,2.127518059444259,4.494885531646297,0.15650344546370046,0.35037888354538155,0.053963758016797314,8.922578003515694,FALSE
BM00004,1,1,0,0,0,,,,,,,FALSE
BM00004,2,12,25,10.649954677232026,531.4529782018168,0.4134587814891311,5.863219362230698,0.087937469,0.3484905791253709,-0.369796202,6.8915837849854595,FALSE
BM00004,3,13,28,166.50228230719492,1744.1636864258724,5.859719907733106,14.651533371771345,0.16101337694508042,0.3719852044787599,0.005972112,8.557215597488984,FALSE
BM00004,4,1,0,0.6544757567050447,0,,,,,,,FALSE
BM00004,5,13,28,98.66616044983093,1267.5526037971938,3.559578870132055,8.748739931518514,0.16007355000859516,0.32981908462839943,-0.007539367,8.506178514,FALSE
BM00004,6,8,16,34.188063284585034,143.19788541651064,2.0279209204114803,6.551912007356632,0.22230676070269034,0.2865329319318022,0.24167537451983767,11.265088509133724,FALSE
BM00004,7,13,28,142.5465202860257,1415.438306614907,5.142357658,12.85628729262193,0.23059390437860863,0.72447124,0.009739111,7.890958221150507,FALSE
BM00004,12,3,4,2.8066143508384265,8.121430310468842,0.3967603743713329,0.4140243498927826,0.20836955558305367,0.2590891121794261,0.15764999898668125,,FALSE
BM00005,7,1,0,0.6992544740686553,0,,,,,,,FALSE
BM00006,2,13,28,122.88248129780789,1680.0181542221185,4.411037865375165,13.298200354340864,0.1579848580310029,0.31447377884175975,-0.035234202,6.543375625807366,FALSE
BM00006,3,3,4,0,0,0,0,0,0,0,,FALSE
BM00006,4,13,28,205.97505538271653,1817.923266387731,7.2012174301819805,16.074356562980554,0.17361164579367303,0.3561614266907679,0.05742214,8.156772546,FALSE
BM00006,5,11,28,115.3901065008066,1112.447295692013,3.5928098673755358,7.611846507,0.2579195913052718,0.9178268313926403,0.047733120956333565,9.378912267042885,FALSE
BM00006,6,13,28,158.38972318239922,1585.9787245638709,5.3561762249011045,15.080840370954759,0.16938627310340718,0.3498678243526595,0.039452048,8.489699357127243,FALSE
BM00006,7,12,28,220.5110575793711,2487.7648223510932,7.1429039627189805,13.832742592684587,0.22149633737956725,0.5549441862689253,0.032771113,5.999571930117021,FALSE
BM00006,8,13,28,193.9090371212792,2053.1821074609743,6.844863454078591,16.369289337582643,0.16557529989314762,0.37526040854343723,0.020025044,6.4600979834446335,FALSE
BM00006,9,13,28,150.74852909546112,1059.5390201058995,5.134762723,14.385517795781388,0.19157428002251617,0.38806052177333183,0.11242233619073734,10.597370704732123,FALSE
BM00006,10,13,28,51.64175058014778,413.34058246672396,1.682718906344536,5.612256410988202,0.6683275656073434,5.2370019620037445,0.1315233154666271,13.606949959423037,FALSE
BM00006,11,13,28,140.86567941045365,1235.3355008086646,5.030927446150479,13.03428027092842,0.19669377796146006,0.41781311515767544,0.053637397,10.590178272137734,FALSE
BM00006,12,12,28,42.23408192860291,747.5850652346609,1.5675310204187463,7.6238144915398784,0.27140368767494416,1.1388045534619349,-0.074131065,10.272736053936407,FALSE
BM00007,1,13,28,148.166088,1082.3753964987138,5.132419029691149,14.24890735951196,0.21258869400809202,0.5445891282173755,0.065639496,12.29346847043134,FALSE
BM00007,2,1,0,0.913067153,0,,,,,,,FALSE
BM00007,4,13,28,144.60976601116573,1489.2105328261289,5.194333501951745,13.154339503749483,0.7511236329406358,6.5332187430476285,0.013422657502689006,9.081288955534061,FALSE
BM00007,5,12,28,131.4539568661023,1087.4139567692507,4.347879113435511,11.027243650549607,0.16898381468895984,0.311390579,0.075296929,11.22893879361396,FALSE
BM00007,7,13,28,209.21120914648165,2052.2712701615005,7.246101489946134,14.267347858856178,0.17151238994994766,0.302408249,0.047512778,6.906471654436468,FALSE
BM00007,10,12,28,86.28138185011414,905.4198749110551,2.836490443032276,7.429351765,0.1916243450459945,0.4038030789040403,0.041382288,9.205257786046312,FALSE
BM00008,3,6,11,3.4027340517600138,47.45030965,0.17967533047219417,1.0459240553626574,0.15779793359474684,0.5756850935896001,-0.426077197,,FALSE
BM00008,4,12,28,146.10746503633592,1417.2253286038294,4.8312271750182845,11.851589286177695,0.17206217181802141,0.2901400243707724,0.030074456715277975,9.514971284898941,FALSE
BM00008,5,13,28,0.9382767951445256,25.049912297922187,0.047323693654453214,0.758102713,-0.068561324,4.3710582791880705,-0.250478994,,FALSE
BM00008,6,12,28,77.69472178,890.0199623001186,2.5370130465610377,5.439927279401606,0.15758726617037527,0.4326222517890199,0.078595239,8.012639605599418,FALSE
BM00008,7,13,28,154.56193122833255,1547.5094776410745,5.328155503555746,19.342356196221512,0.1572070606574991,0.309435023,0.000842291,9.511478168,FALSE
BM00008,8,13,28,154.57959535404402,1266.3584207544707,5.4828868949391065,17.41973734,0.1965481165342333,0.35934975648308815,0.056399488,10.035256951762774,FALSE
BM00008,9,13,28,135.07091929180982,1428.3786653912948,4.834838612342147,12.669819297565452,0.24930368728021768,0.7412128356966178,-0.000990379,10.009098184486797,FALSE
BM00008,10,13,28,76.20241487954831,698.5310723653371,2.6370057473480153,6.051383113343334,0.2872772839881671,1.1939224684724352,0.090706108,10.743554224222132,FALSE
BM00008,11,12,28,112.05809631490736,1350.959296156848,3.875766743571125,9.334139652427801,0.17503176103855808,0.3273806927934018,0.013051441258865223,7.652737564821573,FALSE
BM00009,1,12,28,194.1456634191461,1559.1614428309394,6.566852697418542,14.870855850914111,0.17231428173813235,0.3215844498941087,0.071636789,10.334018295053447,FALSE
BM00009,2,13,28,124.50344915419542,1247.0035265082206,4.5116933184204635,14.964644596219564,0.18868149717359528,0.3749571407701366,0.028631711039870094,7.824340476591561,FALSE
BM00009,5,13,28,169.38374286602843,1848.7202895421672,6.059413215740549,12.948768125815157,0.2137983943334487,0.640628044,0.026532226582874092,7.738761934655377,FALSE
BM00009,9,13,28,168.03580721196522,2059.532963735006,5.920668609992723,14.034687420389167,0.21137501680640758,0.6924710479349385,0.000177497,7.006759216,FALSE
BM00009,10,12,25,54.078992343844696,1226.0111310623633,1.617267093513255,12.075274523821392,0.1485843142732524,0.35904414558610664,-0.338107526,7.918768202119735,FALSE
BM00009,11,13,28,50.16524192813271,505.2399709605482,1.7250996388485753,3.822111656676212,0.1620686146777309,0.3614248774512094,0.062057567,10.573564903091958,FALSE
BM00010,1,13,28,119.85004751455668,1102.349828508688,4.235944955860973,11.308299609830158,0.3093752405990664,1.7716225196590858,0.025233429171454286,10.328389332074412,FALSE
BM00010,2,13,28,179.80167284162988,1849.4397449898022,6.345859894503007,16.85219837743135,0.19553841340759237,0.546202529,0.022677303070993027,8.872093247947424,FALSE
BM00010,3,13,28,85.71399872481943,600.4128093027248,2.913094149577427,9.427970419876715,0.22143436964836472,0.5935570837507598,0.13348260669398115,13.905258543956686,FALSE
BM00010,4,13,28,142.43020812559175,1236.5164044548383,5.031726182488179,12.70817258282446,0.3211603234312101,1.2504026179279002,0.047714087152234796,10.798078613121353,FALSE
BM00010,5,12,28,110.06939847013392,1480.966230553302,3.9057887103438564,9.77389474,0.17922188353824064,0.4923560355379387,-0.032067679,8.051079973299712,FALSE
BM00010,7,11,28,105.56126368895976,1354.118203672201,3.9187378125561976,12.467719330850525,0.20818981451581067,0.4683423021065705,-0.002871826,7.425417823937354,FALSE
BM00010,9,13,28,154.14882309452346,1937.4897979746156,5.371254117799683,19.915570036582366,0.18268225559087978,0.5334164710057128,-0.02510104,7.632236544792077,FALSE
BM00010,10,13,28,132.7183490780604,1708.021851289764,4.740044126182724,11.110104059874121,0.2051469404295171,0.7118327159850166,-0.010134977,7.088911473163376,FALSE
BM00010,11,13,28,114.5860541,1554.502322,4.085459621523355,9.958443130043921,0.19646140354609296,0.5823286749213658,-0.010653305,6.840853937,FALSE
BM00010,12,13,28,150.7625263895423,1419.9996929911254,5.313302759643045,11.67653045,0.16290506992214673,0.4101049550735576,0.026918738767972645,11.444214479310807,FALSE
BM00011,1,13,28,35.54088903924165,356.3560317590566,1.3709203458449153,5.664638111766115,0.1893293235093473,0.5628168285471801,0.010280284631608941,14.485611252774909,FALSE
BM00011,2,13,28,52.176238068881325,474.20749443575943,1.9840234202945088,6.618933441578381,0.20134142688161025,0.5077728449847483,0.026397682,14.29017290234788,FALSE
BM00011,3,12,28,146.60443299276946,1347.7349052145928,4.606309442208104,12.58945767564461,0.19570767274314493,0.3548749588716355,0.045296308,10.90763707373937,FALSE
BM00011,4,13,28,161.08123622528493,1644.7701659567995,5.754893667342031,12.17546722096534,0.199454156,0.35944983833118005,0.019924611726162073,9.491499619,FALSE
BM00011,5,13,28,178.14473911143966,1839.9726631051797,6.378968561,15.341999202820062,0.2079152884861862,0.4294477895430872,0.010620285645110231,8.736685554608613,FALSE
BM00011,6,13,28,171.15466673196065,1692.7212300188562,5.986069651514804,12.626528212082116,0.21026872036517122,0.5115435634029377,0.031926439,8.372892668,FALSE
BM00011,7,1,0,1.3362736058525198,0,,,,,,,FALSE
BM00011,8,13,28,0,0,0,0,0,0,0,,FALSE
BM00011,9,13,28,149.6776021421149,1381.944506743526,5.380328294,11.408294998570074,0.1894818491140193,0.31210770847949276,0.04256919,11.000248020904381,FALSE
BM00011,10,12,25,97.08426634162096,782.1527658022578,3.813367843012661,8.335559422750212,0.1964407608494916,0.31090114737177355,0.06241807,11.178808557392173,FALSE
BM00011,11,12,28,173.95143275874574,1750.746808521403,5.477505150405357,13.714689367918702,0.1746751359845953,0.5823124491809483,0.024001534,8.631431335909042,FALSE
BM00011,12,11,25,13.204481721686726,368.67103739300603,0.046009377,4.4352403799702635,0.099301695,0.4882924964110761,-0.288579621,11.415531590585665,FALSE
BM00012,1,1,0,0,0,,,,,,,FALSE
BM00012,2,11,28,91.59909024027296,926.062924,2.832173364367665,7.204886653380793,0.1982682728454396,0.39725642937038763,0.033119976,10.649337188676931,FALSE
BM00012,3,13,28,20.576043360611845,164.83384144669668,0.7286432779811207,2.4559815019502693,0.15637048469959014,0.4902363288895959,0.080715503,21.97077787844689,FALSE
BM00012,4,12,28,152.3486668049435,1182.7764597039584,5.994687159074278,14.763030920055812,0.20073032364844323,0.5021512498940861,0.081932735,10.11358124170433,FALSE
BM00012,5,13,28,0.478234233,17.573611650542123,0.030008607588890995,0.8492424480859214,0.5440632639723777,6.266988343261192,-0.54036962,,FALSE
BM00012,6,1,0,0.6344808082187685,0,,,,,,,FALSE
BM00012,7,12,28,0,0,0,0,0,0,0,,FALSE
BM00012,8,13,28,137.7950310637875,1587.7504509383516,5.343957378375161,13.78437420171836,0.16000455581675305,0.35893978116284275,-0.034779277,9.709142104,FALSE
BM00012,9,13,28,146.52750147176394,987.8683517890989,5.071193812892222,15.60608129779476,0.18589480029182903,0.33370922710993733,0.12078551488063205,12.096370529462106,FALSE
BM00012,12,13,28,0,0.23323464973559108,-0.00057334,0.010320117,-0.275972155,4.967498790237267,-3.31166586,,FALSE
BM00014,1,12,28,115.37525751458904,1438.4283742474472,3.7177913830149394,9.859595089141994,0.17028887010858032,0.4300355206360006,0.012476597,6.803357393096137,FALSE
BM00014,3,11,26,0,0.059419354,-0.002970968,0,-0.549618764,0,0,,FALSE
BM00014,4,13,28,137.73575428043972,1920.523919807859,5.005176011374303,13.638539130964464,0.1560193845750882,0.3123076536389208,-0.019346701,6.542755279743383,FALSE
BM00014,5,13,28,28.66930967434901,224.10136243989447,1.030613893561497,3.6837884926746867,0.6669089294698681,5.636457231265149,0.043426243,19.078095074432188,FALSE
BM00014,6,12,28,177.95314139936423,1983.365278835386,6.056540169032929,14.028606396878436,0.19162201679533195,0.3859799577954812,0.013757004886779297,7.687990749663823,FALSE
BM00014,7,13,28,121.34637395200065,1311.6749448077057,4.328529013043915,14.59717842443446,0.14457997070615441,0.3342222839597867,0.025652379248624218,6.856549191611324,FALSE
BM00014,8,13,28,106.66979350822176,1168.008357,3.7680481440651206,8.598678335,0.7410690968373995,6.257821305598171,0.017036839210857597,10.445847616166901,FALSE
BM00014,9,13,28,6.316848265981914,75.73303282606892,0.2158562515822253,0.5158488047689511,0.10523683074722649,0.24379698045164697,0.030682780353384603,,FALSE
BM00014,10,13,28,0,1.5273522922099343,-0.009356962,0.039119504,-0.354733944,0.11907335895312943,0,,FALSE
BM00014,11,5,9,1.112897011477348,5.652556804542415,0.086441768,0.1686367787674682,0.13148658804503705,0.18052732598871174,0.18052732598871174,,FALSE
BM00014,12,12,28,107.26610161621456,886.7422980152322,4.176248896474653,10.292870022928255,0.2105297999902305,0.38941185297586894,0.034666199348742786,13.141300395472154,FALSE
BM00015,1,12,28,97.86105828230544,746.3611807111486,3.544299386705177,10.134602919783138,0.19435435842286644,0.6080418261005207,0.10699637934329687,11.440334083599524,FALSE
BM00015,3,12,28,215.26133366172343,2286.2405607658434,6.943528343125911,17.329873448824767,0.17664877162632125,0.2849936316294171,0.024193637253574412,7.435457018204344,FALSE
BM00015,4,13,28,152.5049617455605,1653.0628956878502,5.351365391409917,12.24257689,0.18206494085356703,0.5337342684869035,0.020946538955804783,8.859718088572592,FALSE
BM00015,5,13,28,75.08612955306349,815.3914956,2.6705368550991064,7.815030336059536,0.14816716896941187,0.383703508,0.059497329,10.678507894405326,FALSE
BM00015,6,10,28,54.53632171647049,720.2985495646677,1.804913617503991,4.170804551,0.19739937521190606,0.6045508564281425,0.007297577,7.550883006482385,FALSE
BM00015,7,12,28,71.94508138710088,879.5973621522025,2.243332267,7.291945858583297,0.15880764190338648,0.36008350391204325,-0.030563335,11.003201412950727,FALSE
BM00015,8,13,28,168.9848758622594,1113.6184746845806,5.759138331240081,17.961139702513197,0.16621876478787767,0.4125821960043934,0.12799841563487835,12.761206753977664,FALSE
BM00015,9,13,28,74.21382794872153,564.2285659187692,2.5889357942656415,6.037072550370549,0.18295004360478764,0.48872734997961464,0.081797492,14.719929164183432,FALSE
BM00015,11,13,28,101.18275060182565,1339.1483590118378,3.8279289118919366,10.06154051301014,0.17070363396408902,0.3551866,-0.037159545,9.086017498208962,FALSE
BM00015,12,12,28,168.38406992598408,1677.2817069950004,5.740511054054953,15.87328436539093,0.17182923020318772,0.3071413820037401,0.001127538,8.891214490743762,FALSE
BM00016,1,12,28,141.98219957045885,1686.3075423512432,4.462237311670553,13.353010101641818,0.21575585645084772,0.45462560169531363,-0.032195726,8.627656322851507,FALSE
BM00016,2,11,28,117.56083867030212,1113.6378628750056,3.7618630914577738,7.849607922192665,0.26735176532499266,0.8747897527675779,0.074511128,8.619368005662018,FALSE
BM00016,3,13,28,163.06271319234148,1278.2639146676688,5.803954760426545,15.30028975267009,0.18500618638585534,0.43541425389085947,0.061514822,11.403656628558267,FALSE
BM00016,4,13,28,140.91711529977934,1396.7025417571067,4.968276731955068,12.371719873835382,0.17809785308569492,0.5650276833109602,0.030496715,8.035371448872493,FALSE
BM00016,5,13,28,130.83196990380355,920.6810225343553,4.602548718378986,12.591038270640048,0.18466184575833774,0.4060768170110607,0.090847617,11.944354525191404,FALSE
BM00016,6,13,28,89.36926067277494,599.3541385188212,3.139848317196242,9.599864830651708,0.16317549170186135,0.29807817712248313,0.092714719,15.205560626218983,FALSE
BM00016,7,13,28,0,0.031713646,0,0.007928412,0,4.835677581677887,0,,FALSE
BM00016,8,13,28,168.02239795163092,1698.2727509431138,6.015133092581927,20.48650056,0.17855891563439386,0.33456015840756104,-0.008328618,9.073184978,FALSE
BM00016,9,13,28,183.38168744203296,1660.112585495706,6.700214204687267,23.57744842118444,0.22926053107521868,2.843391935664733,0.030643788,14.417330077401544,FALSE
BM00016,10,13,28,151.0961660374856,1448.6660716742053,5.414876259219878,15.71606800914764,0.200281842,0.6805226262706889,0.042495543,10.86976009702142,FALSE
BM00016,11,12,28,35.86442696141878,464.4037192087301,1.1819529880412285,3.0512234348317455,0.7465370503458139,6.4912333946752065,-0.053973766,12.718699109560264,FALSE
BM00016,12,13,28,71.90533830411604,717.8810077988985,2.633299473329639,7.5071760528781155,0.25275967499743807,1.0918129536143069,0.040021659,10.241183826845564,FALSE
BM00017,1,13,28,113.37431438331735,1250.219940489008,3.972490805835075,9.789834121954595,0.15202693868658548,0.28181746847343037,0.007888023,9.676797029504634,FALSE
BM00017,2,13,28,113.44530604652245,1525.0295064156094,4.290019110643401,11.843356981509167,0.1623796216648202,0.3534821012317897,-0.049951455,5.4970956354469385,FALSE
BM00017,3,13,28,187.75787130206143,1697.0936130207626,6.464589620118855,14.90580609881654,0.17936831457513613,0.38562923373135066,0.068128912,8.862485267,FALSE
BM00017,4,13,28,184.56136172341152,1801.6999334609134,6.393536877557529,15.666750170201553,0.17099826620334924,0.3903344341536985,0.034804339,8.783277354804401,FALSE
BM00017,5,13,28,87.56245765273225,939.0704960614955,3.0489447624949677,8.101216787871563,0.2452906680526865,1.1964926886496012,0.043665931,9.284434232268888,FALSE
BM00017,6,12,28,175.23946527529688,1652.6882229785183,5.956903034826772,13.148814788224769,0.17657918940787407,0.40189764278443874,0.043824375,7.825951012261091,FALSE
BM00017,7,13,28,66.25993273275174,613.8096262,2.389825795,4.897377686471875,0.19101111737694224,0.6057999105774583,0.051150466,12.76111735641479,FALSE
BM00017,8,12,28,60.52133524954004,669.0310882479231,2.2607713025642564,6.271767909524758,0.270832415,0.9431558930846399,-0.005708583,12.085481922392804,FALSE
BM00017,9,12,28,50.82835553535048,487.5932549980672,1.7293732881161383,7.777147174863126,0.7405319682299795,6.007541971473933,-0.004082578,15.476566843787353,FALSE
BM00017,10,13,28,25.659612072325245,394.04498553051974,1.0134141361666609,2.3102655707328195,0.15172420338100281,0.5968470547782365,-0.017131496,11.666111522683575,FALSE
BM00017,11,13,28,97.6078827,828.5450624635523,3.3721185449450934,6.9123681978561295,0.1691004591536348,0.26304517809100547,0.079610817,11.054506164637202,FALSE
BM00017,12,13,28,149.16625870494795,1512.6173784687167,5.265604765506995,13.002887480525445,0.1830177887571064,0.3552450542704153,0.050069216,9.017232919866888,FALSE
BM00018,1,1,0,0.6460657633867259,0,,,,,,,FALSE
BM00018,2,12,28,0,0.051520396,0.000312245,0.010304079,0.15050670168807107,4.966721155706345,0,,FALSE
BM00018,3,13,28,101.00017177170896,603.3598890597389,3.4486550808872565,11.450923171477967,0.2928744114308565,1.078018509464803,0.1385687158565032,13.950125133526083,FALSE
BM00018,4,13,28,0,0.09376712,-0.000200357,0.007212855,-0.133010658,4.788383683736978,0,,FALSE
BM00018,5,12,28,0,0,0,0,0,0,0,,FALSE
BM00018,6,13,28,0,0,0,0,0,0,0,,FALSE
BM00018,7,13,28,0,0,0,0,0,0,0,,FALSE
BM00018,8,13,28,0,0.036064277063054755,-0.000200357,0.00480857,-0.133010658,3.192255789157985,0,,FALSE
BM00018,9,13,28,0,0,0,0,0,0,0,,FALSE
BM00018,10,13,28,0,0,0,0,0,0,0,,FALSE
BM00018,11,13,28,226.44120714984183,2296.696091039724,7.907839791813945,19.637445370930347,0.16868303841410062,0.3069132240150658,0.020653974659287755,7.981107991914166,FALSE
BM00018,12,12,28,0,0.14528751616830654,0.001042898,0.013395303,0.42857415375753055,5.097903287940091,0,,FALSE
BM00019,1,13,28,176.68980096788857,1585.2832372921478,6.114172761442724,12.37720080285277,0.17516913617244234,0.2959491041133573,0.074657754,8.688590496014749,FALSE
BM00019,2,13,28,16.49588718238032,92.53281545039559,0.5209042381110741,3.0702394667848476,0.6555880754946197,6.53341785,0.2724234934503869,25.884240870246252,FALSE
BM00019,4,13,28,60.29105198917884,557.5563646162859,2.2486307511409582,6.956229358528711,0.7109927886922142,5.703536351629772,0.035694914334145324,12.638221768809526,FALSE
BM00019,5,9,28,104.97250852557626,1304.4270055667864,4.019100701915617,9.742472710992047,0.18130752624551438,0.368996311,0.031854733,6.510831706422151,FALSE
BM00019,6,13,28,116.89516354662118,1416.1081579805905,4.178348823971787,10.80850313209013,0.17445575444082198,0.40904607457921444,-0.017385834,6.785275905236574,FALSE
BM00019,7,13,28,0,0,0,0,0,0,0,,FALSE
BM00019,8,10,28,127.38018539729704,1176.1921373006865,4.107501410449266,7.951027571,0.20535779670939078,0.3835133893930799,0.068906434,9.208266957905074,FALSE
BM00019,9,13,28,0,23.210231029112506,0.016524122,0.39972254455834494,-0.474598752,0.5004629773554243,0,,FALSE
BM00019,10,2,2,0.2607471926649717,0.5430505920367454,-0.010778103,-0.010778103,-0.039715525,-0.039715525,-0.039715525,,FALSE
BM00019,11,13,28,141.33575652776807,1799.2766757798124,5.010893975,11.094917410625552,0.17608411161994128,0.36523109289830247,-0.004187862,7.147077070180095,FALSE
BM00019,12,13,28,191.14904115891275,1899.1237816184098,6.7778753539186765,16.82721022488822,0.2044870097500621,0.39960687185167915,0.017464798,7.155508131,FALSE
BM00020,1,12,28,186.6038822417796,1849.2990013841882,5.900428069412877,17.61208976349307,0.16171206901758095,0.33791561350134214,0.051477055549638585,8.630819783,FALSE
BM00020,2,13,28,122.5424313664282,1044.6240485367434,4.3586581147492796,10.234431305410368,0.15864221375065538,0.32186204262088836,0.059954656719911625,10.79054907022026,FALSE
BM00020,3,13,28,38.06194161568799,579.3572861194002,1.3429116264780516,2.473801468170539,0.1431441525557151,0.42237896324914476,0.018219179,7.955822397882882,FALSE
BM00020,4,11,25,21.896789666711083,121.67899663218715,0.8453921815378127,3.1101671783791316,0.7991504620378241,6.016242236029037,0.16709005528314758,19.665387695879843,FALSE
BM00020,5,7,14,19.36616793855857,95.27146278172032,1.371789958,2.758856839609969,0.40934952364481925,1.1720781643757503,0.15603423959864227,10.22907011422035,FALSE
BM00020,6,13,28,0,0,0,0,0,0,0,,FALSE
BM00020,7,13,28,57.18683546521861,444.82938416699767,2.0346664893742994,4.856012069504455,0.21272219022008865,0.45001008194910075,0.056889198,16.084326080630373,FALSE
BM00020,9,10,28,103.34672420781556,1003.8989752582435,3.798857233719965,15.083022818573891,0.18478217116847828,0.33520086521223846,0.021768179,12.060910476549484,FALSE
BM00020,10,12,28,200.0191880267034,1834.598349233068,7.621781269778669,16.509359755248326,0.18055292294283182,0.3944445203129926,0.056981285612705435,8.692404996133131,FALSE
BM00020,11,13,28,52.20785417635018,560.7568136,1.8072234928595867,4.084486225943213,0.16370150726056806,0.5118629382250656,0.043721438,11.468425304064596,FALSE
BM00020,12,13,28,63.03826216388494,679.5003441,2.2824188418744855,5.790260112827518,0.1726377996925651,0.47090455582656665,0.019254399,10.272534763638093,FALSE
BM00021,1,13,28,19.93652702579492,209.6904894257324,0.7842393129406244,2.3703552809075354,0.6910185345615171,6.498510518380982,-0.018808727,18.58437603183577,FALSE
BM00021,2,13,28,179.5817094420473,1846.3142623720323,6.351501559467607,16.37062731461113,0.1822606172361578,0.41634553926143236,0.00879073,9.382827376169638,FALSE
BM00021,3,13,28,114.80931666182546,1192.9352420970345,4.715920537234035,24.548903284316737,0.29156904626117336,3.933087290003737,-0.00256347,14.406582881545917,FALSE
BM00021,4,13,28,0,0,0,0,0,0,0,,FALSE
BM00021,5,11,28,69.46901429913135,790.5148833706434,2.120818887725026,5.749583778349447,0.15603311591135624,0.4238906879307123,-0.003111051,9.951276593610554,FALSE
BM00021,6,11,28,86.56542039672188,704.1038781194968,3.1184911414655105,11.090050217248713,0.19472566925411436,0.34258658718591106,0.062817843,14.004752007126498,FALSE
BM00021,7,13,28,96.75744097713547,1025.0867033243844,3.3668377974599655,8.909091529104602,0.16249105502339234,0.45192449578306365,0.014041471032614142,10.034999000945348,FALSE
BM00021,8,12,28,77.75382154,822.6336476319561,2.4909443643715377,6.081907527,0.19292918829500538,0.4716841770564809,0.032341577,11.466953514447606,FALSE
BM00021,9,13,28,58.13502541021957,518.1888708099277,2.1271180781065646,7.534983025213876,0.1796181536071826,0.6663920855118989,0.067289249,14.555226805011188,FALSE
BM00021,10,13,28,170.9253536941057,1368.0678910310412,5.843479985335577,14.862699250915417,0.20749639927523836,0.361460937,0.066548143,11.42694815173741,FALSE
BM00021,11,13,28,108.99949855725288,1150.353402787304,3.8169278181497397,9.386274347156286,0.1585704683107297,0.41018038901611775,0.019664585292363295,9.980485935378823,FALSE
BM00021,12,13,28,50.58710545927049,460.3922753769411,1.859389837452652,5.560704662615429,0.25738690795498653,0.9841185177438536,0.027831765150694448,13.977417069128485,FALSE
BM00022,1,12,28,121.0580826639359,1452.465763564489,4.798176132405265,13.526808010525926,0.17529946641827318,0.3320108134932266,0.023957849006656613,6.3984827369363675,FALSE
BM00022,2,11,28,0,0.037484919,0.000249899,0.007496984,0.1602567208259981,4.807701624779943,0,,FALSE
BM00022,3,13,28,126.20251300081054,1234.9910061451353,4.498118926770824,8.190133587073241,0.24136620388916477,1.003923467409028,0.060198635415118794,7.0751411177598245,FALSE
BM00022,4,12,28,90.46289145906071,983.4391369087962,3.286242193,7.821924578908721,0.26756215800355254,1.269462523254642,-0.001965009,9.241334177,FALSE
BM00022,5,13,28,119.75060867566582,918.7103923,4.132468413104239,14.244269367621385,0.19447581834966962,0.5440468922384447,0.076041212,11.622067702901644,FALSE
BM00022,6,13,28,0,0,0,0,0,0,0,,FALSE
BM00022,7,12,28,0,0.10709976968136375,0.00064909,0.021419954,0.16159432384937222,5.332612687029283,0,,FALSE
BM00022,8,13,28,111.8057335611629,998.7379106087003,3.945109266021102,8.976995595,0.18283700098144517,0.32488708230276697,0.060336566178204855,12.066252987090037,FALSE
BM00022,9,12,26,153.4064971,1606.459167400838,5.9399933896483255,11.204242405215858,0.1856942078481609,0.46745594862122714,0.030545256,5.5026904683558655,FALSE
BM00022,10,13,28,0,0.053549885,0.000297499,0.010709977,0.13850108602081415,4.986039097,0,,FALSE
BM00022,11,13,28,209.4177488,2460.6739713072634,7.538464213491777,15.386595511042799,0.2109036263646102,0.8953141932323342,-0.006588668,5.952368773,FALSE
BM00022,12,13,28,0,0.27845940117154533,0.001070998,0.01392297,0.2922143024222201,5.117221228983055,0,,FALSE
BM00023,1,13,28,235.48850069117444,2734.331965613449,8.155243368388293,20.15433911,0.19545167299034405,0.4393148114991306,0.021863564160025994,5.226509201000737,FALSE
BM00023,3,13,28,69.87410182930871,694.9704395,2.423287970325549,6.752343025167132,0.16534579667537827,0.3844743590991974,0.026274165318440918,11.088177704606764,FALSE
BM00023,4,13,28,0,0,0,0,0,0,0,,FALSE
BM00023,5,12,28,58.543111037068606,756.3584858255074,2.170258086,5.856502824330832,0.21662380104860002,0.645246071,0.019538194833637945,8.061579065672971,FALSE
BM00023,6,12,28,0,0.071691796,0.000558637,0.010241685,0.270746417,4.963684315949278,0,,FALSE
BM00023,7,13,28,72.66885287542976,573.0445091,2.6522010132738987,7.338372249951085,0.5719290961016285,3.788277093197616,0.044615445,14.604584955801883,FALSE
BM00023,8,13,28,69.34542604141379,555.7898300179207,2.506052166058465,6.745481096,0.24472673126448177,0.9585020409478701,0.098006117,14.030008335676932,FALSE
BM00023,9,12,25,0,0.040966741,0,0.010241685,0,4.963684315949278,0,,FALSE
BM00023,10,13,28,116.44283941246422,893.9516340930197,4.216888687965404,13.777831793518253,0.18002567947584927,0.366460273,0.067583905,12.507453955581276,FALSE
BM00023,11,12,28,114.72428464282514,875.7400743774249,3.7005027153582493,11.421834539598265,0.1481878117110774,0.34975464255773214,0.074746656,12.328592870778742,FALSE
BM00023,12,13,28,163.80428342690738,1594.7001250940743,5.917975694583717,16.732353128115875,0.20016174520699873,0.4274076278967704,0.034020917,8.460840509,FALSE
BM00024,1,12,28,125.7871082325728,1165.6237205736961,3.8679922534840476,8.617477945624007,0.15849609130977563,0.3740309257193877,0.063651416,11.25659461,FALSE
BM00024,2,11,28,0,0,0,0,0,0,0,,FALSE
BM00024,3,11,25,0,0.028734778,0,0.007183695,0,4.7863581394154995,-4.786358139,,FALSE
BM00024,4,12,28,0,0.014367389,-0.000653063,0,-0.435123467,0,0,,FALSE
BM00024,5,13,28,75.17469578427222,670.6380171958577,2.5718852465606643,8.185306878,0.15666734340491648,0.3980176133431761,0.06599368,15.138145650505967,FALSE
BM00024,6,13,28,155.29485218122616,1125.4074483297218,5.351604470253967,15.155235254181392,0.1732094584431262,0.3305585120702109,0.085851336,11.949564613113902,FALSE
BM00024,7,13,28,105.24646238341944,819.9827177621578,3.633207707920264,8.478093745496508,0.15486572055174705,0.2574411830076017,0.084637454,12.579304208197078,FALSE
BM00024,8,13,28,104.63359060962954,671.0069512257933,3.652341421,12.921208857056078,0.23386639245191396,0.6945000285135459,0.1542606924361086,13.843703228508748,FALSE
BM00024,9,13,28,49.217133708105095,642.0846783872321,1.729123842805402,5.094334131298264,0.20369382929665333,0.9826755960963718,-0.014979855,10.640188847841605,FALSE
BM00024,10,13,28,166.3981758070508,1760.9826731651299,5.826842926942068,15.032907197524075,0.18247040959152447,0.4009368174621617,0.025872653439161414,8.568385579425158,FALSE
BM00024,11,13,28,107.07974124594168,823.8636574589784,3.7898521596661667,11.189527961052935,0.23930431179539827,0.7702989088321374,0.09450661,12.068868732214858,FALSE
BM00024,12,12,28,41.81033407623765,399.50403706740667,1.2854384948131614,3.2538715741736652,0.16780418770337208,0.5061227246225525,0.08862877,14.294684426970015,FALSE
BM00025,1,13,28,150.98165289198022,1459.0566085667201,5.198825704607933,13.200123627962475,0.17958602847024482,0.35156683885224016,0.050280885,9.677811771406462,FALSE
BM00025,2,13,28,0,0.16143564580151099,0.000252962,0.020696878,0.008053035,5.3154426555432845,0,,FALSE
BM00025,3,13,28,61.86213947113917,644.6724511462807,2.204775137391105,4.599881061459731,0.18484896365322656,0.6379789686005904,0.069500113,11.48084959797269,FALSE
BM00025,4,13,28,111.07703790638996,1009.5572660847585,4.039901165,14.19008978156452,0.3339169283006831,1.9777327816354924,0.030185006794629505,10.73576224796326,FALSE
BM00025,5,13,28,74.35746542495282,641.4344246353003,2.659177961133368,7.552083691860705,0.24624448510136002,0.8852528476829322,0.064480574,11.284429489722712,FALSE
BM00025,6,13,28,105.97587846783884,928.1111201,3.8222993675157855,10.39490332379232,0.22100053802774453,0.67367128,0.051225406,11.823062144169214,FALSE
BM00025,7,13,28,0,0.036219536,0.00020122,0.007243907,0.13307032203594296,4.790531593293947,0,,FALSE
BM00025,8,13,28,0,1.7131840488743717,-0.003469602,0.043187485,-0.297378408,0.7822202732516832,0,,FALSE
BM00025,9,13,28,0.9079720232451672,32.058946084025145,0.036736958,0.5266320522332641,0.5675279323152734,6.037134319595294,-0.232186847,,FALSE
BM00025,10,13,28,151.5868295949592,1447.0742547258797,5.7266133325109285,18.655648106966325,0.17095468823952187,0.29934,0.003191944,10.630614975675279,FALSE
BM00025,11,13,28,83.24222106978267,911.0663099407514,2.8196592509091296,7.104306744,0.14023650131130302,0.3407373144140676,0.074608762,6.216950581,FALSE
BM00025,12,13,28,0,0.036219536,0.00020122,0.007243907,0.13307032203594296,4.790531593293947,-3.193687729,,FALSE
BM00027,1,13,28,164.16180765285205,2151.188408442815,5.597725210448364,15.664880760551384,0.16416046292367514,0.46928755457581534,0.032865423,4.6335115269688005,FALSE
BM00027,2,10,25,127.02160127269082,1224.9078717632722,4.917410381662611,9.237875748218663,0.20430077143106612,0.49554558927925785,0.074443673,6.064348691852361,FALSE
BM00027,3,12,28,0,0.029572919,0,0.00739323,0,4.8007335695262245,0,,FALSE
BM00027,4,13,28,0,0,0,0,0,0,0,,FALSE
BM00027,5,13,28,0,0,0,0,0,0,0,,FALSE
BM00027,6,13,28,102.49403356957622,1196.302409778552,3.6340364541399275,9.847570759604695,0.13472403823409349,0.25614404013552083,0.062074096788235465,5.576436859367175,FALSE
BM00027,7,13,28,11.476193650626646,181.22569871265614,0.36621718005963705,0.9365109711213755,0.070186555,0.19389332113690383,-0.013556035,21.24531618624646,FALSE
BM00027,8,13,28,100.52827940305868,1090.2955359135549,3.680123853251947,8.947180996572136,0.16407231495137328,0.38461263659992795,0.026093187467283247,7.411298239466979,FALSE
BM00027,9,13,28,125.58330123832395,1538.2783630958825,4.634818649,10.575698270026574,0.16633200222885194,0.39981966371328287,-0.024013032,8.427757294212153,FALSE
BM00027,10,13,28,138.0529337289605,1189.904414391429,4.757948195881923,11.534917018162844,0.17064556243303866,0.37124301683270133,0.077082402,9.791660064,FALSE
BM00027,11,13,28,226.82006328424745,1895.4122328497108,7.714486094114974,17.35581801640491,0.15608105467464062,0.34936484789093275,0.079242874,7.731671781117603,FALSE
BM00027,12,11,28,89.01047243083264,773.1497446302583,2.9039983219217764,8.556660040699652,0.16208619772652547,0.4205568868728586,0.045489525,10.80738382840921,FALSE
BM00028,1,13,28,77.76119854120164,641.4015877,2.675011992,7.574008619480967,0.20071676301234798,0.4568225377657023,0.068094218,12.163417826086677,FALSE
BM00028,2,13,28,0,0.051115639,0.000283976,0.010223128,0.13785493103792001,4.9627775173651205,0,,FALSE
BM00028,3,13,28,202.55553176905724,2083.5201450586646,7.214554930257761,16.754786219651976,0.17275145405313663,0.3815590834044122,0.011408286775322019,8.495832142,FALSE
BM00028,4,12,28,244.2830676416976,2659.636021425228,8.053138113963273,21.811247411603983,0.2055770998444177,0.43555180591342163,-0.004682559,8.203768525748863,FALSE
BM00028,5,13,28,169.9944611178071,1919.2220106955847,6.293772017060795,14.83723415686626,0.1881155270074533,0.37161619318041006,-0.010475674,7.892394822553629,FALSE
BM00028,6,12,28,103.69931814294974,1284.3865334427999,3.4292846798295056,6.704787186744635,0.17086396639597934,0.3997234395988371,0.007039786,6.875037613557403,FALSE
BM00028,7,13,28,149.75553074654243,979.6200686927109,5.213846242901443,16.567600751455537,0.16500005611853583,0.34934661675138173,0.10361219127166106,11.928382895459876,FALSE
BM00028,8,13,28,66.65213459415938,695.2298309189047,2.3313927913756594,4.965713895063762,0.16609139404270484,0.39720586397004576,0.084322055,8.179120077181894,FALSE
BM00028,9,11,23,108.51134435158242,635.8390816991446,4.828011772647052,13.997097522437905,0.20167294306054542,0.34206120194676526,0.14919226357447046,9.909319066755844,FALSE
BM00028,10,12,28,0,0,0,0,0,0,0,,FALSE
BM00028,11,13,28,86.89474529139625,1001.2009890372224,3.260104308055912,9.807353097,0.19625355709321887,0.5344689850945928,-0.034404173,10.00571368,FALSE
BM00028,12,13,28,104.12828058126335,1344.9905634580573,3.756715454170013,7.286125343434453,0.17829247997460115,0.431561652,-0.009260581,7.7578825095124255,FALSE
BM00029,4,1,0,0.1997550809677899,0,,,,,,,FALSE
BM00029,6,13,28,121.01647308616673,1393.223736069142,4.402569935,9.909843407868145,0.21041874746902486,0.5824839704456506,0.004193879,9.041285051694766,FALSE
BM00030,4,11,28,60.14200683630395,575.8900398959086,1.7944855970871412,3.836017480124068,0.16456140257567956,6.863366777219941,0.044740878,13.086885317491763,FALSE
BM00030,8,13,28,148.3875159179057,1307.2696565832655,5.149055212328882,12.85704567779652,0.20354769994797217,0.4149626003671747,0.061548548,10.527276545736525,FALSE
BM00030,10,1,0,1.2294946727894058,0,,,,,,,FALSE
BM00030,12,12,28,55.27378603198801,360.0308294206751,1.971449019779505,6.272900402355019,0.14937211422909688,0.24880517154582305,0.12266458600365986,17.174763202844357,FALSE
BM00031,1,1,0,1.4486707143089728,0,,,,,,,FALSE
BM00031,2,13,28,115.54359053415986,1060.585033,4.017818693014936,9.608752218481639,0.16225352071880017,0.39282811904227916,0.061565765,8.683326711,FALSE
BM00031,3,13,28,125.46149622846758,906.4552423470093,4.396154142777671,10.505779900494698,0.21662922845061305,0.4077914665753842,0.096092155,13.511155447641201,FALSE
BM00031,4,13,28,159.96315378495825,1062.3887404815448,5.537976346597571,16.278745662445978,0.203789738,0.5102937989725584,0.116875943,11.433811416877186,FALSE
BM00031,5,13,28,105.10447455302142,1031.3624664420934,3.8804931800460594,11.440803495484994,0.21176729536980368,0.7548942172858942,0.030381824,9.604844027827983,FALSE
BM00031,6,13,28,63.03446331246787,836.2742340071508,2.2899140334067383,4.450491899843442,0.21635101666513004,0.7557891421571983,-0.021641442,8.286547979,FALSE
BM00031,7,12,28,59.616775959020565,346.9538269004945,2.0357571723992494,8.341633539545365,0.7303074871077103,5.584355455697707,0.13015148103606267,17.250880359130324,FALSE
BM00031,8,13,28,145.47925581837302,1034.6311593955534,5.138151897078363,17.11577221553008,0.16688680806346248,0.2822960239608254,0.087677883,11.714736388442379,FALSE
BM00031,9,13,28,0,0,0,0,0,0,0,,FALSE
BM00031,10,13,28,197.41595930465263,1697.0017012142769,7.159921629613273,20.96164289540983,0.18891803522214712,0.386613696,0.047740418775979045,9.197071632080268,FALSE
BM00031,11,13,28,100.67829283446672,890.1195568377227,3.6686434557709013,9.732932226012906,0.25517773314178305,0.9830184760819543,0.016698557562766798,12.496688725596274,FALSE
BM00031,12,12,28,90.73488846111836,654.4508249811005,3.1934895304217807,11.996480217120663,0.17781292334835813,0.3059840035860412,0.060301527,14.605848069537267,FALSE
BM00032,1,2,2,0,0,0,0,0,0,0,,FALSE
BM00032,3,13,28,184.36556968414789,1765.737669852461,6.702463435360786,17.763979560516294,0.18580238833636809,0.4115209443320058,-0.00126082,9.557851094070482,FALSE
BM00032,4,13,28,0,0.484420963,0.001274914,0.053302996,0.15871250180072818,5.788447496471912,0,,FALSE
BM00032,6,13,28,179.13895539707917,2082.4467544319705,6.237108232302169,20.16428334369074,0.18246390977996865,0.45421241251859784,0.011272595160004784,6.376941288165366,FALSE
BM00032,8,13,28,0,0,0,0,0,0,0,,FALSE
BM00032,11,13,28,139.37867583371377,1487.7672414712993,5.114106023391835,15.258321519769133,0.18434467249815426,0.34753040208008895,-0.009734365,8.518432739923018,FALSE
BM00032,12,12,28,159.97136505448495,1627.8905945771041,5.1138817544276955,11.559093620754377,0.20862714474878075,0.4619637010150167,0.033921137369955424,8.685217099924202,FALSE
BM00033,1,13,28,181.63941420139503,1952.217025868692,6.486697472493081,14.944502846316553,0.17345347449463658,0.40634249986657967,0.007570051,8.17297509,FALSE
BM00033,2,13,28,0,0.036884395,-0.000204913,0.004917919,-0.13332296,3.199751032582728,0,,FALSE
BM00033,3,12,28,149.37189197790116,1032.4797762516844,5.226938971362849,17.913907378441664,0.18621982871808127,0.2883091890522398,0.092233762,11.468042925090439,FALSE
BM00033,4,12,28,0,0,0,0,0,0,0,,FALSE
BM00033,6,13,28,82.62757767920917,802.5192759272763,3.008124364441476,8.687012613,0.1740844635256681,0.4576209209265813,0.036341035,11.312694214005502,FALSE
BM00033,7,13,28,86.71563321,682.1079567382917,2.860926357,7.639285038639642,0.14071828511564258,0.33342279602940605,0.10230527258397142,13.900933395147547,FALSE
BM00033,8,12,28,0,0,0,0,0,0,0,,FALSE
BM00033,9,13,28,57.89606418951472,647.7318063683206,2.0941319939385186,5.502940904230719,0.1850430049054662,0.5796463329150514,0.02211114,11.231664133713487,FALSE
BM00033,10,4,7,9.073561068104192,27.934027395601742,1.062387657,1.918339798409485,0.352899863,0.605858014,0.33527979210691733,,FALSE
BM00033,11,12,28,44.54307027758271,419.82281607077425,1.5596701972399307,5.245066294083784,0.23678091602242757,0.7798165413611273,0.032535278,14.877871839588401,FALSE
BM00033,12,13,28,210.65225744663888,1796.1756976617887,7.403833798534542,17.006972807569362,0.16917182521894295,0.26713722430074566,0.058590151280880555,8.627043691010208,FALSE
BM00034,1,13,28,188.1915609,1485.4039036778584,6.351300402727605,16.399283912515248,0.17392509926679048,0.43320424835219323,0.076902603,11.290200943780114,FALSE
BM00034,2,13,28,105.86952193527034,1003.8003246777728,3.688033584746591,9.750805209,0.20061492409355583,0.45925465803013676,0.063472228,11.340674749318906,FALSE
BM00034,3,13,28,172.80567377071543,1553.1169345681187,6.151405851073492,16.437856106615776,0.18497719210450636,0.4033870043799096,0.035315753409172146,10.256656961631395,FALSE
BM00034,4,1,0,0,0,,,,,,,FALSE
BM00034,5,13,28,120.72079850163873,627.5202957382803,4.243815069696339,15.046732393564998,0.5649043389167113,4.286835198203745,0.12396471185577991,17.09943699434075,FALSE
BM00034,6,13,28,155.4223079898029,1379.1373686684008,5.586898868276459,12.303933802339003,0.21135928582017804,0.43079803683155715,0.049303499,9.115876124454305,FALSE
BM00034,7,12,28,117.50871657073338,1022.4597287707927,3.798512530631049,9.942789538922145,0.20518174711476797,0.6656462790627413,0.07957672,8.880489507202034,FALSE
BM00034,9,13,28,13.801621968000203,150.47668645912714,0.4976865007897145,1.148644874682497,0.6588155046909124,6.579464016,0.062227242,22.904738688302913,FALSE
BM00034,10,11,25,135.4908631,1020.9721395068594,4.846641774,16.630156027022373,0.22549434541974317,0.49769378453070906,0.028847232637673415,9.867672201480651,FALSE
BM00034,11,13,28,136.53210191353804,978.3270022343723,4.767321563446069,15.034739947762844,0.18308779910121145,0.27227378776320554,0.093758569,10.861346650008732,FALSE
BM00034,12,13,28,97.90801067913694,988.8297548347407,3.5467132475428507,8.464878389145204,0.2108689437027761,0.5515799989697281,0.018579036790744574,9.544775341059495,FALSE
BM00035,1,13,28,181.37196592613373,2349.230103304115,6.212148510652953,17.885441923068417,0.2114673366101211,0.6783584210628244,0.003041756,7.524068908587244,FALSE
BM00035,2,13,28,213.5083238619391,2204.3433217141705,7.534770172446507,18.791789189577926,0.1699782533967683,0.33738566758115046,0.016656723740059814,6.492911748792286,FALSE
BM00035,4,13,28,162.42838052795227,1246.907736430075,5.590104767842092,13.963451510078102,0.2019205979652983,0.35933946626430713,0.099423966,10.476703531814838,FALSE
BM00035,5,11,28,162.83060933241896,1635.1828145883705,5.3257502515793425,12.390474546432525,0.2326477996855299,0.600894607,0.02855064,7.960669630681189,FALSE
BM00035,6,2,2,0.9521007064944448,1.2125007688595557,0.3458503220646669,0.3458503220646669,0.6482258317488496,0.6482258317488496,0.6482258317488496,,FALSE
BM00035,7,13,28,68.53401545677363,697.2104727216501,2.511605439374919,8.244963697134555,0.7301857838841347,5.532990245297292,0.017502165,11.991643323898852,FALSE
BM00035,8,13,28,7.813040148713955,220.97883617742235,0.2937057056420946,2.551048458,0.12939868989681969,1.0784509321329434,-0.157784498,,FALSE
BM00035,9,13,28,86.25388668628081,1009.1855292570145,3.177856741949343,7.735584627771225,0.1693905444548892,0.4235240667623302,0.014227502913817544,7.345870810279711,FALSE
BM00035,10,12,28,204.78616770602065,1852.5382690367592,6.767032567474465,22.265347437753682,0.1992354041416669,0.39882343034444234,0.042758326,9.330002740648203,FALSE
BM00035,11,12,28,178.4280331636536,1450.9444752484756,5.6179340727527505,14.044264129113543,0.21503525465423842,0.4910519752218633,0.061861066120553275,10.323824104796682,FALSE
BM00035,12,13,28,46.13940243782196,583.4712971560663,1.6256920560155192,4.356405828036415,0.21059015488076838,1.0846516006844107,0.048087212,10.181131991818123,FALSE
BM00036,2,13,28,212.0419321,2510.818145363214,7.406412167942296,17.280136096506734,0.17434830427529266,0.4083273846492387,0.001702122,6.581855810364981,FALSE
BM00036,3,13,28,0,0.052703695,0.000292798,0.010540739,0.13827986264519673,4.978075055227082,0,,FALSE
BM00036,4,13,28,202.37712851768143,1636.8242363218599,6.991642873732663,16.49435914267847,0.19141274155367338,0.40217794246550065,0.072344313,10.348015652397379,FALSE
BM00036,6,13,28,74.46842343424659,833.1185044571615,2.8759264344711273,9.590702159448924,0.1811678458141387,0.4377178099181931,-0.025961725,8.331871304,FALSE
BM00036,7,12,28,132.07398349169958,1231.637703581661,4.6543105623338725,11.28041775087062,0.19034810328984733,0.349022938,0.052094443,10.381625537725387,FALSE
BM00036,8,11,26,172.13764576842024,1662.6689687756511,6.437690266,15.942867680181237,0.21815208120235718,0.4341191799925902,0.009529504,7.596498825165566,FALSE
BM00036,9,13,28,14.77031587803686,211.2063677,0.5614056130877114,2.487508987666758,0.6580736738649505,6.689065015649426,-0.074713101,15.108891343894108,FALSE
BM00036,10,4,7,3.225676937,13.279749981405836,0.3894568807853565,0.40676711654756625,0.2806073494676677,0.4603662458250487,0.1396511619271972,,FALSE
BM00036,11,12,28,0,0,0,0,0,0,0,,FALSE
BM00036,12,12,28,179.2973373010393,1919.0893092111532,6.130422869933532,15.546957524764629,0.18335972753467092,0.36446104955254516,0.013895735,6.9250977392606465,FALSE
BM00036,13,13,28,219.94221592413035,1643.666862426499,7.4995337407063865,19.220545596243785,0.16630150671316793,0.35501350589708486,0.10134601662955145,9.511549428,FALSE
BM00037,1,13,28,130.25351143754534,1728.4701355819413,4.719583759,12.530106819434906,0.17392892097707777,0.504407908,-0.008736294,6.073356595897096,FALSE
BM00037,2,7,28,207.84199643338405,2213.7365266931333,4.503383107651836,10.095181498083818,0.24373135190050588,0.37436493880938704,0.099475343,6.374695272286208,FALSE
BM00037,3,12,28,102.08984970724455,1473.760781230983,3.031225157315342,9.898453394,0.15997174519939777,0.36856073569950143,-0.038131473,7.835680272591649,FALSE
BM00037,5,13,28,173.9452046180305,1622.579781137387,6.122528141,12.61124678625199,0.19420963985744633,0.4796561428935464,0.041960770614177356,9.493382849776028,FALSE
BM00037,6,3,4,3.1696466832843178,8.349530856,0.5682391665904991,0.6224535306083094,0.3156662948790991,0.43529845155181046,0.1960341382063877,,FALSE
BM00037,7,13,28,0,0,0,0,0,0,0,,FALSE
BM00037,8,13,28,0,0.051879774179722254,0.000288221,0.010375955,0.13806102158061548,4.970196776902156,0,,FALSE
BM00037,9,13,28,0,0.155639323,0.000864663,0.031127865,0.15331952558989478,5.519502921236212,0,,FALSE
BM00037,10,13,28,165.29228084214296,1742.1329853908164,5.949359219414489,15.16757077918362,0.17350756928274216,0.4182503836443082,0.012632875332819834,7.220008524229122,FALSE
BM00037,11,13,28,32.36571592,308.6777045,1.1306188009083662,3.2024347005659015,0.126703695,0.2886665483472624,0.063712639,15.777691489410794,FALSE
BM00037,12,12,28,180.15874141198748,1676.0553771708776,6.142092370876909,13.863935813595582,0.21071766582205173,0.40035517014005684,0.041036006614629215,8.211895313442195,FALSE
BM00038,1,13,28,144.79479643328887,1375.1643270890515,4.986786002463527,14.067692948300868,0.172526977,0.3265780800378475,0.027956311726071863,11.079901385376774,FALSE
BM00038,2,13,28,219.0711474120781,2180.210027049907,7.791575240030331,17.178773233477116,0.18820651926982854,0.3226338744825215,0.028338615253035826,8.599694948643624,FALSE
BM00038,3,13,28,142.30572365275737,1218.2383509293827,5.1130297161751646,16.395241902395682,0.17850954761434387,0.3785049640762337,0.049206404,10.915136683056115,FALSE
BM00038,5,12,28,119.44754744518528,1059.5902534052195,4.551827820233131,10.76276321616158,0.19460867978104568,0.35301974746266995,0.023436235,10.620296367604125,FALSE
BM00038,6,13,28,112.52611070951046,1033.4870020015796,3.9828350705580746,9.954726979197247,0.18811427459985053,0.3551091338532919,0.046051256883759294,11.273264893383823,FALSE
BM00038,7,12,28,183.93319789989988,1857.9385018977896,6.420999475263838,13.851736947945575,0.18092932175187393,0.29715492409080274,0.035215903,8.451930548190544,FALSE
BM00038,8,12,28,158.40179715099114,1523.9644764579498,5.149373393426964,10.587892036733368,0.17718560588547294,0.4338154098713001,0.059513702,7.454952135442495,FALSE
BM00038,9,13,28,84.869144,1470.0786055262267,3.2391749013535023,16.065207744440837,0.19761262555659323,0.5273345082803275,-0.083679905,8.068261289722356,FALSE
BM00038,10,12,28,130.3679762685594,1031.212529630865,4.265942307414788,11.88362803886509,0.3440678166071931,1.758600528709231,0.076358828,10.993236344564188,FALSE
BM00038,11,13,28,198.1349900352876,1489.2543721748673,6.857770325354934,16.835495998725968,0.17745236037012888,0.29166108800808854,0.080120455,10.88369109869771,FALSE
BM00038,12,13,28,138.9255065076502,1131.6195566526442,5.002276810579575,15.108577929250398,0.17358117286973532,0.38847833644582375,0.045367237771780644,10.137839907800329,FALSE
BM00039,1,13,28,67.70741069,832.4340975214501,2.4286966527593017,5.359831310957096,0.16593140516841037,0.5106618789739885,0.015547681695710303,9.085289360585579,FALSE
BM00039,2,13,28,156.18489920878935,1418.651748835497,5.461767116,12.882214907675042,0.1786752591848814,0.41596369330217803,0.051417699,8.928561608723754,FALSE
BM00039,3,12,28,82.66727177565467,649.3455582968857,2.7281210086108145,9.249765459415489,0.6001426462823626,5.150991182317818,0.06711731,11.918625130495565,FALSE
BM00039,4,13,28,121.10037443533308,1042.7266401124766,4.413415439771719,11.935905435126116,0.18598612280323853,0.43080864353592385,0.029061305572443057,12.297730786392604,FALSE
BM00039,5,13,28,78.77840161356073,636.6544353402672,2.7742823794529343,6.097493057435817,0.7183790744875642,6.049246218311145,0.088076072,12.768060801480441,FALSE
BM00039,6,13,28,68.34665370186887,649.1551047376477,2.3934875706487797,6.065360669229186,0.2346713163957065,0.7975674636218848,0.065197679,11.139580974862527,FALSE
BM00039,7,13,28,70.67401747548426,614.6090634632435,2.6264326075584603,7.0348650445233005,0.7252041757570868,6.221024264065955,0.064141209,10.538652805333689,FALSE
BM00039,8,13,28,180.31759953560663,1510.7583884407136,6.234448791165312,14.735466357287955,0.17594860705618212,0.2830095873703153,0.081583137,7.9911515292102155,FALSE
BM00039,9,13,28,222.0413992232808,2039.4739606739927,7.846958548231218,17.65181751605515,0.19003694374706215,0.40761148712819634,0.027595907481629805,10.713611476906204,FALSE
BM00039,10,13,28,1.2414592900495762,4.953601317007037,0.04649916,0.4094219530434324,0.5821357346249075,6.807824376905965,0.13871644621402324,,FALSE
BM00039,11,13,28,141.21078070995344,1078.585002168803,5.119166461869738,12.459812320985229,0.24467132462460806,0.8048044920995616,0.07554381,12.63377146813431,FALSE
BM00039,12,5,9,0.2617406456566641,1.4108459192712872,0.023460899336298545,0.074053451,1.5154449585804748,5.842349452203822,-0.13211934,,FALSE
BM00042,3,13,28,191.7690878347932,1972.5084470966635,6.6280656497603365,15.829100254556963,0.16594263629517408,0.2829349182196064,0.029010218652092707,6.961319833357221,FALSE
BM00042,4,13,28,211.1557747707656,2206.1743877268054,7.415439760087099,21.224152074176676,0.18071597516414573,0.35758907446802146,0.006350247,7.693615097637824,FALSE
BM00042,6,13,28,234.9379748534832,2215.534128,8.518721961778043,22.611199965534666,0.18018691939151962,0.321441243,0.023411441,9.026061924365822,FALSE
BM00042,7,12,28,164.9825528217828,1417.1830609649546,5.356462323841487,12.64846751638351,0.18689167539039397,0.36034324157160563,0.087120054,8.915482289175541,FALSE
BM00042,8,12,28,46.096546170304975,597.7157598229676,1.467683904,3.6790959034269513,0.15644096844488953,0.5688408696883906,0.002967728,8.813999571994064,FALSE
BM00042,9,13,28,0,0.052952886,0.000294183,0.010590577,0.1383453766480047,4.980433559328169,0,,FALSE
BM00042,10,13,28,133.27076399221173,1090.5333355030305,4.841552955029803,15.637198996319135,0.16160549504805102,0.30439838449869366,0.048504678921526434,10.363429453118025,FALSE
BM00042,11,12,28,123.24530002431726,756.8812263250878,4.502495627078162,14.633071073339659,0.16305605941390391,0.25421588875699813,0.14678584946606765,13.853333770166739,FALSE
BM00042,12,13,28,0.067779694,1.857481329046957,0.006904468,0.1608708671430714,0.6242600593609188,6.340752217632012,0.3877169366018946,,FALSE
BM00044,1,12,28,0,0,0,0,0,0,0,,FALSE
BM00044,2,13,28,0,0.04210613,0,0.010526532,0,4.9774007150500195,0,,FALSE
BM00044,3,3,4,2.298221311,5.766176687158447,0.2836256015506479,0.5730515373121404,0.17012866285832418,0.3452666440541352,0.3452666440541352,,FALSE
BM00044,4,11,25,124.13875278049466,709.9353429714045,5.103706911,16.99605337373945,0.19113486964152182,0.27113802054234737,0.14718115170347046,11.581603323185927,FALSE
BM00044,5,12,28,57.33501471104023,579.0627244129087,1.7163709723084108,4.7435562830672575,0.20467585186585663,0.7399931360591504,0.045754425835510926,11.26651515089106,FALSE
BM00044,6,12,28,43.52248551028245,438.8845437490779,1.5185235904501349,4.397620054,0.749747613,5.695428650389497,0.033552933,12.963379612272082,FALSE
BM00044,7,3,4,0,0,0,0,0,0,0,,FALSE
BM00044,8,13,28,0,0.075189518,-0.00041772,0.010025269006397932,-0.14321495,3.4371587913462562,0,,FALSE
BM00044,10,12,28,184.01538801184972,1586.2846375510612,7.138220681561204,14.229079127973606,0.1735043033097616,0.26919540548642473,0.053439852,9.148234408395057,FALSE
BM00044,12,12,28,151.48625444866167,1185.5479251843394,4.853645454604398,14.53606718676238,0.20593456965455006,0.4088894306975702,0.085722931,10.275073027671858,FALSE
BM00045,1,13,28,142.92704946055454,1477.155430367866,5.0656585461772226,12.01389799,0.1808904611631216,0.4061148463153549,0.026490541,8.441255629029564,FALSE
BM00045,2,1,0,0.483401959,0,,,,,,,FALSE
BM00045,3,12,28,140.41085305913688,1191.010568141824,4.364309129440311,10.207427413992665,0.18415082966457091,0.3775058396346185,0.069849503,10.644405854047026,FALSE
BM00045,4,11,25,87.42375404425795,771.7994404872034,3.2755063296299114,6.899522250363132,0.28790754309744954,0.999909534,0.048803225632447766,9.008224519131982,FALSE
BM00045,5,13,28,6.2188090346508345,73.62757682228741,0.18207515086414383,0.8200417241388959,0.44273895557636633,4.196572003035176,0.065922704,,FALSE
BM00045,6,12,28,163.19849787254955,2056.7008568090805,6.511115070712296,14.043294172510706,0.17788148375788454,0.3711204891931055,-0.030072826,7.578718081,FALSE
BM00045,7,12,28,118.8446689956654,946.7427369252626,4.061746537991349,12.725514095478896,0.2246223902431356,0.5455482978354367,0.074148045,12.119185648001096,FALSE
BM00045,8,13,28,116.49137650577704,1249.9388811295955,4.065523987350985,10.931871940505317,0.2573504975978089,1.1171364257126988,0.029824040448848937,10.250103690730947,FALSE
BM00045,9,13,28,60.97767392955223,433.91219681279784,2.082204852960263,6.506598865318591,0.278333368,1.3471148227417888,0.12860996275404327,15.84259236817213,FALSE
BM00045,10,1,0,1.6912696838430532,0,,,,,,,FALSE
BM00045,11,13,28,171.06270013095175,1417.999221816769,5.920626793431189,16.189186832401234,0.1870958917117899,0.311237524,0.074576379,9.039805868656615,FALSE
BM00045,12,12,28,205.21645032309868,1656.6248856151096,7.0106207743264655,16.977582294717635,0.20762468201109463,0.44668055932007944,0.067618643,9.502606042667237,FALSE
BM00046,1,11,28,96.06113746976996,809.3181806,3.133751354293434,8.489373428299437,0.22343263035329733,0.7910490400488674,0.07153734,11.788571802657472,FALSE
BM00046,2,1,0,0.5333571110519751,0,,,,,,,FALSE
BM00046,3,13,28,164.5160588053251,1952.0497932867486,5.7440375666087755,15.177128484660376,0.16690468806397793,0.29546134628023335,0.014365312832487653,6.427422893919927,FALSE
BM00046,4,13,28,186.28377545817543,2030.9417749869644,6.361605391423427,16.94303413569178,0.17977315975432814,0.31459168696873263,0.024673106230952868,7.485376589126716,FALSE
BM00046,5,13,28,197.6813665787185,2071.2631694884158,6.935372094,14.010171130109285,0.16722627675678645,0.2868075730641162,0.030330876,6.902629998056167,FALSE
BM00046,6,13,28,174.56370907558028,2083.008376212165,5.943595654350728,15.823846965245144,0.17040008837576415,0.30981108195787715,0.015200565334396288,6.718349390204416,FALSE
BM00046,7,13,28,105.76827932187145,1258.9558341059274,3.7787329439186674,10.609011811959059,0.1610230626499769,0.3946256766606925,-0.017176451,10.277398730117698,FALSE
BM00046,8,12,28,99.42973102954852,1022.198209415878,3.1646144557720066,7.431039319913289,0.15559653391259365,0.5255397326324169,0.021409205324315412,11.212235055159246,FALSE
BM00046,9,13,28,156.75670996697386,1295.0164181301266,5.372722506781504,12.412009189952379,0.19405877639892322,0.505733111,0.079378218,9.155541903811093,FALSE
BM00046,10,13,28,74.04859420349321,581.2691913435337,2.654698626,8.664295042484937,0.7107578950450805,5.910172774270514,0.040574128,12.76618729948385,FALSE
BM00046,12,13,28,173.47429429226608,1905.2016692051843,6.224774399611349,14.229645247604644,0.17817272938758089,0.366449471,0.042054598,7.2246164719984565,FALSE
BM00051,1,12,28,121.47991599389522,1256.1237614091724,4.647894915658677,10.97069063849915,0.12605586771190883,0.2575546062901092,0.020656134,7.728880636907289,FALSE
BM00051,2,13,28,134.68173967147905,1532.8271793248293,5.215696668,15.947029116035743,0.16182810663931008,0.35231634190668554,-0.032196514,9.583892573,FALSE
BM00051,3,12,28,117.67323111924188,1154.0535372323698,3.857441135137849,10.085216635633392,0.2718907044998013,0.8779390129594447,0.042116436,10.493118435904309,FALSE
BM00051,4,11,26,14.29641987780465,222.15967182877716,0.6065306280363788,2.0487729635303733,0.12008235618579206,0.30897893025027845,-0.03867803,14.943325798559004,FALSE
BM00051,5,13,28,177.49931894066674,1682.650034230056,6.164931940251523,21.615333662820234,0.20946577043836903,0.6723332325616742,0.044114522,8.208975216393544,FALSE
BM00051,6,13,28,164.60949003989745,1796.3782308354841,5.786724817538874,12.863320964657248,0.21807683253742838,0.607121235,0.015131953,9.246228578,FALSE
BM00051,7,13,28,175.00096411822798,1346.7185911063507,5.990990252626859,16.795065198173393,0.16915569202093464,0.24401101098773714,0.11318544388313463,9.332269892191045,FALSE
BM00051,8,12,28,195.54403360919576,1624.6815354219834,7.079847193081136,19.96570485510287,0.20025879905364413,0.39266103650378736,0.049017081578126266,7.6846908242699605,FALSE
BM00051,9,13,28,0.1570867556447492,7.630581751658878,-0.014763952,0.12273537542285075,-0.070615779,0.6584896504322869,0.6584896504322869,,FALSE
BM00051,10,12,28,0.3130841440520174,5.806218439049575,0.00809697,0.17778473315688678,0.2601788890835397,2.4735408686819964,-0.109696149,,FALSE
BM00051,11,13,28,23.22487376,296.72740391796515,0.8723864659154525,1.8123802729970127,0.6699436109630371,6.456928874376717,0.017453776009299204,14.647977914084526,FALSE
BM00051,12,13,28,6.336195600084045,55.01620465777533,0.19150168228883405,0.750937149,0.1509445769674496,0.4452282641596962,0.13953343573787613,,FALSE
BM00052,1,13,28,44.77176224863128,423.3690040960025,1.4566298451304929,4.613047825112221,0.14091994464261923,0.4260136051449741,0.12325546096260813,13.208535738980533,FALSE
BM00052,2,13,28,27.74221555384273,292.71637429129026,0.9365701800187295,1.5892822946176661,0.1660847928815776,0.603633433,0.059819845108953405,15.131644831690009,FALSE
BM00052,3,12,26,4.757407364480211,28.845683513937196,0.16940981999978375,0.7408830037345436,0.19905555437677805,0.5853774305283026,0.20986818006002328,,FALSE
BM00052,4,12,28,14.461424929083476,91.92922373372153,0.5148701814447948,2.3397438264365165,0.6889629764118593,5.974825691532462,0.067093712,23.64233765585604,FALSE
BM00052,5,13,28,9.331423585,71.84348083657247,0.35423214504045647,1.8762076415026587,0.039418284123070635,3.8415075733493267,0.042574079,,FALSE
BM00052,6,12,28,10.324361787951016,63.154141505439455,0.39681131687526605,1.6567624868520578,0.1932012927765089,0.5257723889050624,0.12050884415247709,27.689337031059587,FALSE
BM00052,7,13,28,231.1725017431251,2506.18668,8.189097413,19.863643019358975,0.17460555030278643,0.2900196136923151,0.005607512,7.247588200541047,FALSE
BM00052,8,13,28,162.71809786582062,1211.218759745239,5.698327344237601,15.362021816830513,0.20772455783240032,0.6579376959027121,0.076489811,11.455073165657634,FALSE
BM00052,9,13,28,68.49616195479562,731.2868253288223,2.495861278087776,6.012625039168764,0.21269374047043563,0.6488276131105281,0.030003646782755133,10.19091968038482,FALSE
BM00052,10,13,28,76.03564742016746,960.3243915482575,2.7830257892195687,6.486995364482624,0.24356444959560175,1.2918289051620533,-0.025518435,7.507671058777924,FALSE
BM00052,11,13,28,171.54132134231182,2170.5468767488173,6.049979504965712,14.415290145875915,0.18408642629204505,0.3867205463351777,-0.01707248,7.607908733922602,FALSE
BM00052,12,12,28,104.3383683028088,1334.9480509753957,3.4695013728052753,8.935582839637455,0.15308287674280308,0.3409525619067035,0.001087587,7.380737618530408,FALSE
BM00053,1,13,28,2.3244499585576266,34.86483749311711,0.080981198,0.3855299830254164,0.094827996,0.43513704103284007,-0.092018771,,FALSE
BM00053,2,12,28,17.471411143049508,200.59167950375866,0.56669407,1.488704541639862,0.16955445897265528,0.39689265855823114,0.003392234,18.842429127792293,FALSE
BM00053,3,12,28,0.1036443055114439,4.912740081242442,-0.012429389,0.075428904,-0.382757821,2.568076747779763,-0.291822912,,FALSE
BM00053,5,3,4,0.1803209664820462,0.49024762762306306,0.033508304597389175,0.042765854,0.339965276,0.5232779633560287,0.15665258866983933,,FALSE
BM00053,6,13,28,22.112059765939577,111.33078858435917,0.751616876,2.9315573791910037,0.18659313770317032,0.6976044262152422,0.16901754285807571,23.574433509378924,FALSE
BM00053,7,13,28,0,9.344288833,-0.000737921,0.13866199319880562,-0.280730199,1.0327980674288915,-3.890913487,,FALSE
BM00053,8,12,28,16.19809556834872,217.26824951162865,0.5421819931014334,1.3428478223788538,0.1369386742287145,0.4350852327104908,0.041612568,18.818697211495014,FALSE
BM00053,9,13,28,8.255319246756178,52.80687428362003,0.2968313652585705,1.410568810348953,0.1464263450764026,0.3083576465320299,0.099269856,,FALSE
BM00053,10,13,28,11.925937670490596,111.5394859529327,0.4176770476879601,1.6373116923092634,0.19844047962716693,0.613990672,0.17693571428164426,26.823719588923076,FALSE
BM00053,11,8,16,67.71474918666027,331.6418538,4.396856899551595,14.063324751430969,0.2762275545908737,0.4288427896079824,0.071647251,7.649165848340428,FALSE
BM00053,12,12,28,112.29568688100892,1239.6854125752686,3.4731972140835548,13.926641727172345,0.1601559288808352,0.3972092970278624,0.026201597422318795,6.554803131,FALSE
BM00055,1,13,28,142.68799438431978,1659.6778200384456,5.0476473298547315,10.561798851239189,0.16003790653719177,0.36849661547960894,0.017568047,7.448975629709952,FALSE
BM00055,2,13,28,162.4138443,1268.785165,5.6511884974105016,20.021303769017365,0.20448628541245176,0.5429113112271404,0.070346614,10.810511555032155,FALSE
BM00055,3,13,28,189.8663408383817,1921.1509105596247,6.519627638867324,14.817261090626275,0.1693448193051045,0.3815942792255904,0.037683757,7.233838394292793,FALSE
BM00055,4,11,26,111.72908614726823,1156.6695803589482,4.091188814725536,9.399708222951126,0.165833693,0.3573675501249884,0.011264356877823309,9.343721539869435,FALSE
BM00055,5,12,28,180.3671790847981,1630.459556214875,5.577036516680346,14.482531096956144,0.15817287127977117,0.27704545600172636,0.058867810073191564,9.008966456848684,FALSE
BM00055,6,12,28,190.4780111958833,1571.927623771647,6.121473972114187,13.272997604890357,0.18149864636558702,0.3564766092515709,0.07336555,8.909836108906468,FALSE
BM00055,7,13,28,168.8625442,1708.858421445857,6.024271888129234,21.07106796709214,0.17045705557606292,0.29565836515976696,0.021293885859445066,8.030299728027428,FALSE
BM00055,8,13,28,167.1433891766925,1474.975484392393,5.7148724387955525,14.377160185064739,0.1854685366316181,0.32694857073173317,0.099491488,9.340506940497974,FALSE
BM00055,9,13,28,143.5344913454651,1822.9983732944593,5.107859279506963,15.895124198538767,0.171971901,0.40257451769825187,-0.02505773,9.033676784384584,FALSE
BM00055,10,13,28,189.61718794326904,1364.834228882937,6.506685530148974,19.012926635186318,0.19046198484421337,0.319670942,0.11927767008002672,10.85266895818927,FALSE
BM00055,11,13,28,157.26779892407615,1021.9051671077432,5.3970092886846075,17.852220189648875,0.18651965790334712,0.3123390563812445,0.13878018633689435,11.584981240633327,FALSE
BM00055,12,13,28,182.85061056683372,1497.4235373598078,6.445761303122981,17.15812174934746,0.1919615464596157,0.6917478745824125,0.067081219,10.35488630701907,FALSE
BM00056,1,13,28,0,0.085546225,-6.20E-05,0.007438802,-0.003643948,4.803806150394724,-3.202537434,,FALSE
BM00056,2,3,10,35.965333413299966,155.2177278973814,4.051844712552291,5.895215320556038,0.24628866285455842,0.2669889771351153,0.22558834857400148,3.2509465541936313,FALSE
BM00056,3,12,26,148.25022695114305,1509.996613785289,5.888555821443744,11.493587010468296,0.18649666653605462,0.3414823981767918,0.013812962725206823,8.014948638242847,FALSE
BM00056,4,12,28,210.1982338,2149.2359471098307,6.983692417000731,19.61580259533741,0.188934964,0.3727354057495209,0.020103235068270386,8.916538597327172,FALSE
BM00056,5,13,28,196.97608165815777,2063.9448727263953,7.027439390154631,18.71326335128338,0.20390705580320914,0.34385346904007463,0.024206134006321395,8.646175113240103,FALSE
BM00056,6,13,28,179.43007264064212,1630.0765218798078,6.4352162740619825,15.70522427884805,0.17397293268775404,0.40553997521918256,0.033998135,10.242779108797746,FALSE
BM00056,7,11,28,128.1701368299288,1538.423571317809,4.309825915131713,12.598036599948287,0.16099106005416894,0.3014984139017397,-0.033947392,9.027451631393497,FALSE
BM00056,8,13,28,177.18036631818555,1443.027309220216,6.536106504850994,21.19877970347691,0.2219722371691287,0.3763071201253873,0.039390538769780825,9.550863861931846,FALSE
BM00056,9,13,28,166.56009468598594,1214.3117714099208,5.675602397037693,12.80462276,0.1937276830056898,0.31961003545696304,0.08699884,11.734027304484876,FALSE
BM00056,10,1,0,0.3489860917783378,0,,,,,,,FALSE
BM00056,11,13,28,67.97938763521682,493.49428241712076,2.3243541121514877,7.330904145137448,0.16658819724834592,0.3514690454972814,0.13028428375207643,14.52325334043809,FALSE
BM00056,12,13,28,180.22347402956328,1230.7576878506734,6.538949189977386,20.875616882192524,0.7613872865601544,6.697197984942379,0.073830121,11.460584660752406,FALSE
BM00057,1,13,28,201.0760667111063,1538.3810797064193,6.988483252581243,22.70818778236898,0.1812606689449393,0.3121357722680887,0.078875213,8.468824907219677,FALSE
BM00057,2,13,28,181.3753241237075,2036.5048091893445,6.614800300294815,15.504852950286619,0.20396629300002908,0.43463249534647824,-0.008596172,7.573984046624776,FALSE
BM00057,3,13,28,190.8992715,1637.1531385303522,6.676234410008704,14.687486074812071,0.1857398376759236,0.45940164800501915,0.061685208,9.661981698813173,FALSE
BM00057,4,1,0,0.3223965987630571,0,,,,,,,FALSE
BM00057,5,13,28,55.43292630184974,583.0570044,2.0254120604992214,5.620638138987498,0.7134402199321043,6.320274626876247,0.030627053272632338,12.37945010032216,FALSE
BM00057,6,12,28,201.4624763097553,1402.894174030714,6.784215399807192,24.758087523748024,0.19604684829692537,0.4354980800368601,0.10053139809083393,12.101239190369215,FALSE
BM00057,7,13,28,170.90050813575698,1364.3152135117352,6.054518746795758,13.524441934501155,0.18160281710452894,0.2920838394357219,0.082342675,9.556876082375245,FALSE
BM00057,9,13,28,163.59645527791594,1840.6497232950906,5.941960200178887,13.655117478970194,0.1985056799464835,0.35684836983768736,0.001134325,8.434563520290947,FALSE
BM00057,10,13,28,167.44168650616092,1617.189031200045,5.818573847565865,16.30815957523437,0.18292604883629593,0.40197537570132735,0.037243072,9.251146189,FALSE
BM00057,11,13,28,160.27964924409326,1405.1279521740832,5.5726519405814985,14.091974408655046,0.19286923350760796,0.4911482329038842,0.048180205,10.477980044212512,FALSE
BM00057,12,13,28,154.25967172833415,1556.7801539749462,5.223023910207675,13.497345924063794,0.1792028304268747,0.3496451225368296,0.046543667,8.789177965815172,FALSE
BM00058,1,12,25,148.60033051223655,908.2104835089085,5.854490806975551,14.816809046743947,0.22134593157979676,0.5310420226579727,0.101469224,11.52376256323871,FALSE
BM00058,2,13,28,76.43096285441935,545.4692245970059,2.5684343384378567,8.226730400671599,0.6927721876176599,5.564339657955215,0.12998284794776285,14.468872849916519,FALSE
BM00058,3,13,28,28.427555562381595,165.56592423107446,0.9681264466122586,3.6690535247522975,0.2183025241913609,0.9694720173628619,0.15711823204673184,22.776035440318356,FALSE
BM00058,4,13,28,67.85556523747206,678.2960607246467,2.251602752450776,5.891471705432384,0.25848353917896466,1.3692740587575694,0.078111307,11.113761550704117,FALSE
BM00058,5,10,25,95.70801592802864,777.2329799472151,4.255659882598512,9.757385670701744,0.19794977683683374,0.3010084398921179,0.1140146254553942,9.244248175526254,FALSE
BM00058,6,13,28,127.12211358223782,960.1740047568824,4.635996309561423,15.232128173173734,0.16154923388036588,0.32683837416965766,0.056656921,12.195165567859194,FALSE
BM00058,7,13,28,95.81263672817764,626.8613181756509,3.2768745566723663,11.40105341584353,0.18395698420116022,0.35845949138608946,0.14719296199701137,12.824285067211893,FALSE
BM00058,8,13,28,128.74363280821592,971.1310216340264,4.441657957147884,11.830920405015931,0.17208043072828252,0.3131711653332461,0.092754332,11.614965315577562,FALSE
BM00058,9,13,28,116.44625220845278,764.2031505700775,4.084398445,12.14798127,0.18044665091290776,0.31038786060059365,0.1251247743140551,12.561662773631408,FALSE
BM00058,10,13,28,182.9972559,1300.2841544105167,6.269850839173131,19.39271374122965,0.19375684165874874,0.4177311222504896,0.090292938,10.838239807372972,FALSE
BM00058,11,13,28,26.59844555740961,270.95652298946163,0.9434042511792833,2.1448295793861494,0.17506480425263296,0.6895099041783761,0.050296188,16.366068454152785,FALSE
BM00058,12,12,28,137.82170551226966,1361.4116942466908,4.571411834231856,13.026115029203403,0.16433555392516377,0.29413895726410466,0.027219596675543595,9.572605805875476,FALSE
BM00059,1,13,28,0,0,0,0,0,0,0,,FALSE
BM00059,2,13,28,143.30115349800403,967.5008874358632,5.204984486,18.185865476437826,0.18684042131468026,0.3518729129344985,0.074127737,12.531819506813381,FALSE
BM00059,3,13,28,0,0.103414568,0.000574525,0.020682914,0.14764181098543774,5.315105195475759,0,,FALSE
BM00059,5,13,28,193.2772777,1642.9977113203017,6.969417994777342,19.759111302481294,0.1871054511405907,0.31712355078713506,0.031384364,11.150908101147733,FALSE
BM00059,6,13,28,68.16467848407902,933.0181269857491,2.2126954453805574,6.890650565330833,0.17643631133366422,0.378384254,0.019069464,10.557533550885363,FALSE
BM00059,7,13,28,148.35791905390184,1550.3632845376128,5.1446650662418785,14.58310874944759,0.20004662272082077,0.4847484702039298,0.025514631708209556,8.565135035792437,FALSE
BM00059,9,13,28,103.12562789755516,1039.1655285661407,3.5123925027707297,8.457036558350296,0.23443118340662483,0.9609490868088386,0.045442844614383304,9.313720375408346,FALSE
BM00059,10,12,28,0,0.1137560250212199,-0.00125351,0.006894305,-0.602246255,3.3123544034638575,0,,FALSE
BM00059,11,12,28,48.73514941045465,769.5413083045496,1.655016665252527,6.512118774192039,0.21655103990211994,0.9349471497586004,0.022758735110846473,8.041233536362684,FALSE
BM00059,12,13,28,143.65896790397986,1318.697484948807,5.120997493258297,11.391424931056768,0.7486298947575564,6.800953043338635,0.046951139,10.338526799703434,FALSE
BM00060,1,13,28,116.16154018914052,982.1613062547018,4.222197708116174,12.371437212138819,0.21042573392243943,0.4417782460061108,0.026361834,11.563491453436011,FALSE
BM00060,2,13,28,184.15590022287844,1585.750594572033,6.405721787862023,17.55050998304928,0.17583423325117964,0.4205186910617246,0.057579776,8.281720830174649,FALSE
BM00060,3,13,28,108.4579368048609,1177.7341073202488,3.938085787,11.64012227617031,0.2538716040909222,0.9492225797480733,0.027673262127740312,9.480833759988625,FALSE
BM00060,4,13,28,148.55160976321014,1344.5758249960168,5.1958455415844655,16.192588333246636,0.19829512213790867,0.45817690073573825,0.019923655298382137,10.629981016429161,FALSE
BM00060,5,13,28,190.34277215716227,1700.3163479044795,6.777908957504746,18.831018845125747,0.2029019829912629,0.515327737,0.014227861529185168,9.778176795590147,FALSE
BM00060,6,13,28,168.2689089171161,1408.0669625925002,6.140977626195464,17.057933987467898,0.18923142041699212,0.4240868193822309,0.041040074507135614,11.046842073350545,FALSE
BM00060,7,11,28,138.01648076448387,1366.579020670924,4.7925204906147085,9.513175352721255,0.18237071398591798,0.3668820524561671,0.048568299876433706,8.547769997741376,FALSE
BM00060,8,13,28,71.48516999476094,456.2399707936552,2.5882490847714474,8.670406972030946,0.19168544773651897,0.28482465846250016,0.11066763546168934,15.95142887800564,FALSE
BM00060,9,13,28,86.89950642864572,611.7357697359522,2.969773553039081,9.495735632145468,0.18426156790944948,0.3036035009438598,0.13240862546840493,14.888854803272707,FALSE
BM00060,10,13,28,120.5922078,1056.7664387655368,4.288348071081737,12.518329287449482,0.24386879193523492,0.9239315812763447,0.053984037,11.179388298462534,FALSE
BM00060,11,12,28,187.3097286492488,1944.9043399070938,6.948656340159759,22.07239536777326,0.2073164592453969,0.4169631482434055,0.02210987,8.673311924370395,FALSE
BM00060,12,12,28,92.02154187695162,1832.239900560146,3.070370991459663,11.154780793934004,0.1839119447269467,0.46855518784663897,-0.134926828,7.641770015858079,FALSE
BM00061,1,13,28,155.60197869066835,1235.3461017469008,5.390505248210917,11.823347639652745,0.22552133918335227,0.5382125065279197,0.072862128,11.416498265961536,FALSE
BM00061,2,13,28,165.4557896165087,1862.768134683974,5.788930949249633,19.146900624712668,0.20247754942705284,0.6292340784050159,-0.003446372,7.287622902606243,FALSE
BM00061,3,13,28,56.4793196,712.5249933552586,2.021712858824242,5.590055670700934,0.18194802708156052,0.4524298720366276,-0.027069102,10.31308178710523,FALSE
BM00061,4,13,28,102.09013798285773,669.4501858159817,3.484134207262064,11.138036824856675,0.19255541754570216,0.3939237788844787,0.1321519783313274,14.243346513707172,FALSE
BM00061,5,12,28,13.998355050768383,92.37817536643796,0.5390551409695062,1.5068191544281744,0.6998560225716496,5.961632592246847,0.081010026,24.35083059449631,FALSE
BM00061,6,11,28,66.45669888314144,666.8758789881387,2.4220617556043957,7.0370650147974665,0.2132256339800604,0.6319648796456793,0.041960928,10.932940311861714,FALSE
BM00061,7,12,26,81.97729360289703,994.6614850380284,3.452394189687348,7.865585773853773,0.1575757760385481,0.3396332780629371,-0.042898318,7.253434893635941,FALSE
BM00061,8,11,28,137.15454988308412,1266.5673333530847,3.687133051033193,9.953920264444092,0.16032596211358882,0.36249266226964877,0.064240214,7.688166452866388,FALSE
BM00061,9,13,28,74.15041229936033,634.1764225591592,2.661516702583494,6.666359929702633,0.7300541342144463,5.378700334408208,0.063132661,12.883000295134813,FALSE
BM00061,10,13,28,146.60681469471157,1209.9223708792385,5.114873479055426,14.108443227554133,0.18320344449587345,0.37302858763010516,0.054144732,12.037683309789385,FALSE
BM00061,11,13,28,201.75322994578053,1915.720547717914,7.311618823038234,20.240599768790887,0.1721528674758532,0.2955538310448542,0.005421463,8.970861392790884,FALSE
BM00061,12,13,28,98.69844176077244,879.0932045948907,3.7209792406622615,13.084868277717893,0.7635468504504681,6.483792195,0.051509471,14.570827099421622,FALSE
BM00062,1,2,2,2.172290523576993,3.3714613171464425,0.4865598650037718,0.4865598650037718,0.29707591954941726,0.29707591954941726,0.29707591954941726,,FALSE
BM00062,2,2,2,1.0796065946606728,2.4012476614179317,-0.121017236,-0.121017236,-0.101138743,-0.101138743,-0.101138743,,FALSE
BM00062,3,12,28,121.05024074903352,1313.3538770087616,4.262407079261284,11.079823342280847,0.32095643536290014,1.6120145950544986,-0.003172097,9.885749421086892,FALSE
BM00062,4,11,26,160.3250043232245,1405.935902755289,5.351493577569549,13.01460456656719,0.19820145581202406,0.36695980377841586,0.052027227578038605,8.707807309556436,FALSE
BM00062,6,12,25,125.37697019704488,878.8393114,5.092247282986006,12.18454672178175,0.2195097622376885,0.43981972804106306,0.10806322956653869,9.959330226825587,FALSE
BM00062,7,12,28,191.3701806926631,1676.2587246141825,6.066258334909866,13.743738603176507,0.19937412425441925,0.329376679,0.054474805,9.461853623543567,FALSE
BM00062,9,12,25,147.7599694476237,1168.8790169568501,5.878069896689482,13.699856881563111,0.2257091745001425,0.4930742072446631,0.088509472,9.204994488,FALSE
BM00062,10,13,28,12.193472521353057,94.71415017203329,0.43257838206665916,1.3482108887369872,0.6603166867917121,6.403147424479495,0.13434173375447558,26.373049394810987,FALSE
BM00062,11,13,28,93.00309515188565,1412.3811603527151,3.429415588135646,10.192432803504776,0.19722217954813318,0.6375720514040191,-0.037241038,8.828785078676926,FALSE
BM00062,12,12,26,162.4586855742372,1623.7612192820254,6.547728166782485,15.321446329263395,0.2227990815084925,0.5505743758320092,-0.003096818,8.752681706783166,FALSE
BM00063,1,13,28,0,0.041590076,0,0.010397519,0,4.971234835878284,0,,FALSE
BM00063,3,13,28,38.20589121859544,292.66811483243475,1.2441555610601895,4.680755066998491,0.6877487438652364,6.4953971977148655,0.15271375959624164,16.859297204903502,FALSE
BM00063,4,13,28,57.59123344,815.5855430214324,2.037214763815413,6.386364070486941,0.15499263056170182,0.4759386399566084,0.047922187748907774,7.164940350627587,FALSE
BM00063,5,13,28,162.60908582989944,1433.2989187740416,6.0169691052884735,15.091686785499796,0.20023079364186822,0.3824785027700518,0.041347609,9.309404627889208,FALSE
BM00063,6,3,4,1.879663470194116,5.108093094573323,0.1790452757868275,0.42359492076395777,0.11991880176309633,0.299567626,0.299567626,,FALSE
BM00063,7,13,28,144.51199620083506,1588.7919426557119,5.0325926662221905,10.89160902,0.20973859051163343,0.480260609,0.042699873,7.589113089700143,FALSE
BM00063,8,13,28,130.73798698795224,983.1794073715248,4.5806616182039965,14.547688595652716,0.16975658973190835,0.3013598037084066,0.070902358,11.208065024876758,FALSE
BM00063,9,12,28,100.35477310332764,982.1139736078849,3.1658189162117223,8.415647837926848,0.13919457925396972,0.3055833715926258,0.012322916326040398,11.773243913503723,FALSE
BM00063,10,13,28,192.98959635960512,2021.910990749561,7.106813932790485,19.572497563684077,0.23117655595680245,0.5693629327789942,0.012053700233547163,7.980250187358192,FALSE
BM00063,11,13,28,198.41481378121085,1780.7076832613527,7.069382865,15.720563388123105,0.18852446936389475,0.35800637978621824,0.032917421,10.209373590702484,FALSE
BM00063,12,13,28,128.2057752303957,1336.826475259915,4.460983287245505,12.87379202,0.20246795463909703,0.515809889,0.021388546,8.478213937704979,FALSE
BM00064,1,13,28,176.83768765679417,1344.5631666419306,6.171961401223824,15.536640835430072,0.20166052870265752,0.360016167,0.10198244530760874,9.655197254652027,FALSE
BM00064,2,1,0,0.7095704637717719,0,,,,,,,FALSE
BM00064,3,12,28,0,0.028374711,0,0.007093678,0,4.780053203217223,0,,FALSE
BM00064,4,13,28,151.32801132084148,1356.7216291773311,5.410469156356688,16.855287993111617,0.17384002581910063,0.3470481859374212,0.036677513674819195,11.185547490610794,FALSE
BM00064,5,13,28,133.97748327396627,1128.3474597317181,4.7666925548533845,12.40218103945223,0.1859053467319175,0.6320222516720977,0.10797843153355569,8.287462914966486,FALSE
BM00064,6,11,26,187.33248005455653,2162.9902722373904,8.000599184,13.458024321662762,0.15643430630329871,0.3239450213734438,-0.004128494,4.489549060562234,FALSE
BM00064,7,12,28,167.8131106672581,1803.2741235239973,5.384116245421811,12.376197910787411,0.17585662708203503,0.4976164442961079,0.023703179194576762,6.126071762114238,FALSE
BM00064,8,10,21,31.75576104104221,438.55042035333946,1.4887152697258694,5.4390943985339035,0.15796424360637984,0.39719506610962796,-0.098355945,7.3069804252674455,FALSE
BM00064,9,13,28,0,0.079043839,0.000281495,0.010133826,0.13773307431073847,4.958390675186587,0,,FALSE
BM00064,11,13,28,241.7559873992727,1708.5786921756585,8.372926969,23.67109636962715,0.20010050160371315,0.381390436,0.1097289681758949,9.066905512057543,FALSE
BM00064,12,13,28,215.41432398711805,1959.9601924185326,7.771825032378285,25.206674952536844,0.18619725122668696,0.4410339926754448,0.046114691,7.082869144105966,FALSE
BM00065,1,12,28,102.36126669274988,1090.457710141054,3.9206374875710583,8.579021028505725,0.15835436639552908,0.4360387775384534,0.015552886773432325,8.702587041262055,FALSE
BM00065,2,13,28,206.7790355554908,1746.508480914219,7.019843248054538,15.522760241665566,0.18116928283125378,0.3284183541611203,0.085053532,9.854123818924007,FALSE
BM00065,3,13,28,0,0.028733563,0,0.007183391,0,4.786336994624541,0,,FALSE
BM00065,8,12,28,0,0.028733563,0,0.007183391,0,4.786336994624541,0,,FALSE
BM00065,9,13,28,205.8018891651388,1655.5645982000638,7.327816876417031,18.565781416688978,0.21481909823721704,0.45822876181751443,0.054818168,11.10703444455947,FALSE
BM00065,10,12,28,183.23536954489327,1929.3221854183691,5.777512915890065,12.86003461762509,0.2143365610377252,0.4621343787149884,0.036564185,7.993796258389807,FALSE
BM00065,11,13,28,18.390301441105905,300.8480011330561,0.7494329015691062,3.774666632673756,0.666117311,5.642592043,-0.118394648,15.608405438585919,FALSE
BM00065,12,13,28,128.16995844666295,1040.4324738970704,4.644620869000048,13.007068365587326,0.18397238875813712,0.3494618641312525,0.040249282,12.470373169051514,FALSE
BM00067,2,12,28,82.36909503865267,1660.668664395148,3.076510903421597,21.187174894051168,0.17540328796317473,0.3038541992973012,-0.286552206,8.044987616933634,FALSE
BM00067,3,13,28,0,0.036227124,0.000201262,0.007245425,0.13307323161112694,4.790636338,0,,FALSE
BM00067,5,1,0,0.3061709535484671,0,,,,,,,FALSE
BM00067,6,12,26,226.1545514692994,1915.0562559207542,8.523649545277847,17.41634527649738,0.203423777,0.47768214964915645,0.068292793,7.417256019166693,FALSE
BM00067,7,13,28,183.4669923149233,1687.0467721801426,6.751784292656892,16.918895106533242,0.19943061527643158,0.474310397,0.017740108713427755,10.35516166447437,FALSE
BM00067,12,13,28,0.01449085,0.021736275,0.000402524,0.004830283,0.2661464632222539,3.1937575586670466,3.1937575586670466,,FALSE
BM00068,5,13,28,0,0,0,0,0,0,0,,FALSE
BM00068,8,11,28,0,0,0,0,0,0,0,,FALSE
BM00068,12,2,2,0.7476627720131908,1.4067645969512403,0.044280474,0.044280474,0.063037,0.063037,0.063037,,FALSE
BM00071,1,13,28,167.4587453936513,1484.469643223946,5.845927401203583,14.217336198977996,0.1897343363230001,0.523572092,0.047224160539038586,9.617466349028437,FALSE
BM00071,3,12,25,70.22182064019495,583.2206181511459,2.746665948834854,7.175114169940535,0.1808388390852256,0.5288308425275071,0.11430151745141792,9.126504143945041,FALSE
BM00071,5,13,28,117.50000421246384,1168.3822894817602,3.924605190117436,8.962789439181316,0.1817000573610664,0.6057148508972271,0.086618578,8.756000790827454,FALSE
BM00071,6,13,28,126.59356291489802,849.3013598211322,4.423493231681214,11.615537350882164,0.19719182130416543,0.32106664569517923,0.10478637069741599,14.27027255,FALSE
BM00071,7,13,28,162.80072725356328,1968.587327167102,5.7206363416647354,13.546153048570332,0.19281745671209125,0.41222366767762403,0.016200217,7.312581391484498,FALSE
BM00071,8,13,28,209.5700570530772,1615.587270699204,7.4179389402714255,21.407204368587472,0.20132540889083028,0.4269489151234269,0.07980237,9.156065702169096,FALSE
BM00071,9,12,28,125.09077782631525,1580.524549701766,4.468634295024131,11.925689775577661,0.14678963742229562,0.33331003313384433,-0.026895839,5.916516838086485,FALSE
BM00071,10,12,28,114.98205903155124,1690.2376264054997,4.222931149196456,9.572055324791236,0.1902453950487682,0.4860229158902144,-0.018205008,6.920708036958044,FALSE
BM00071,11,13,28,175.13613241563124,1534.431356433844,6.451546065072787,20.18591285642239,0.1893897963222643,0.33948241093693604,0.012245729211182757,9.224812214168887,FALSE
BM00071,12,13,28,96.26316078,1095.1085137877426,3.4038220243446986,8.386003581619601,0.18953938865991368,0.433594711,0.030252314,9.14097802,FALSE
BM00073,2,12,28,0,0.073496017,-0.00044543,0.004899734,-0.290774199,3.1985161925724817,0,,FALSE
BM00073,3,7,14,10.947126703850996,125.18104062348374,0.5942327946516728,2.1447187637110057,0.1435975338284775,0.30679237861198183,-0.217058954,7.187778898113514,FALSE
BM00073,4,13,28,115.44628321343852,1155.270658353017,4.061305308060601,10.330495123135535,0.16466875633864073,0.39256320507797493,0.081299386,8.087499736667786,FALSE
BM00073,5,13,28,54.481967267082574,341.5153060595819,1.8463453511776835,6.601482222650165,0.7026648878986145,6.650888335082998,0.1505927051363772,17.179112008067925,FALSE
BM00073,6,12,28,80.65137897609091,779.8207714295565,2.7001259353035287,7.5937484452760105,0.18418029633123273,0.43158404796845296,0.046775187,11.973663578235803,FALSE
BM00073,7,11,23,0,0.052497154837005004,0.000349981,0.010499431,0.16587039202760295,4.976111760828089,0,,FALSE
BM00073,8,13,28,18.472068878187304,103.85690631731163,0.6132134326338523,3.2688228411841833,0.22233040572573412,0.6217121122987777,0.25229953168464475,25.408220240189536,FALSE
BM00073,9,5,9,10.528619385490392,34.67857054222882,1.175253805336033,2.6819746463129164,0.3942378504746191,0.7937206894340627,0.3561279890637973,8.802899186158557,FALSE
BM00073,10,13,28,58.69328902810712,592.2395127,2.0935194552019154,6.912930343246504,0.17596209555131656,0.45318281727539045,0.040160682,10.655063003138736,FALSE
BM00073,11,12,28,112.8831621256766,864.0196981409129,3.8809784826617846,9.951885642451057,0.22328606418513156,0.5387794397351388,0.089486539,12.244110483534548,FALSE
BM00073,12,13,28,21.508714302579023,237.93978449219665,0.7859232390303946,2.106815817918685,0.19675716298415621,0.9237125781559147,0.010875706711919916,17.520244836144443,FALSE
BM00075,1,12,28,194.02045565312872,1515.1888676064398,6.9660009985230085,23.33589216083157,0.21152367603648067,0.39248809498078663,0.047434218,11.093156145073882,FALSE
BM00075,3,12,28,0,0,0,0,0,0,0,,FALSE
BM00075,4,13,28,76.42620923,673.0429653750283,2.7135382639379966,7.940562485295729,0.1820714240780291,0.3693016072338051,0.060100863,11.189457757152942,FALSE
BM00075,5,13,28,124.70055964473464,1198.7377963276263,4.405273011660973,8.923965074181524,0.7479653528933502,7.016626399,0.043258948,9.438216989063223,FALSE
BM00075,7,13,28,215.1330074991666,1964.2193164762348,7.843477400418344,21.744708544091026,0.24593651879987985,0.8399457878276433,0.011041867,7.641018382482841,FALSE
BM00075,8,13,28,112.22236413928744,1201.8897745097145,4.0669964568565495,8.857173590201732,0.1667821128848754,0.3201812990181446,0.020662909182903217,8.073948855,FALSE
BM00075,9,13,28,197.68217527324293,1782.7987199159313,7.0542569125992065,16.820823164011387,0.7607768055482375,7.181109852389349,0.028214480560616966,9.406248041678746,FALSE
BM00075,10,13,28,147.67017246174777,1270.9643030890188,5.083952877614837,15.121183922158963,0.33135250058520727,1.580835175548713,0.052625783,10.369924521656516,FALSE
BM00075,11,13,28,139.7836230253939,1252.7533150510483,5.1227922806561415,14.467336099083433,0.22576077478396214,0.4902254833222193,0.019494737241310862,11.754673651943198,FALSE
BM00076,1,12,28,45.59925676859016,385.55060952927244,1.9067206755349828,11.548710026702997,0.18150545254024866,0.6271004856134942,0.012051582693200244,16.058549888210234,FALSE
BM00076,2,12,28,189.52329279300625,1518.862976380229,6.435785268390223,18.16031980565957,0.1954548217609594,0.35298673854872503,0.060642744,9.395580640412566,FALSE
BM00076,3,11,26,219.64288371518032,1960.5439832322625,8.962238633359828,17.992329336548337,0.18926016284427438,0.34387802488078445,0.070519424,5.472301522445468,FALSE
BM00076,4,13,28,215.4331779671876,1686.821603469296,7.6405631564238945,27.007006808408462,0.17595344127347212,0.35309337200372565,0.053780602,9.172702582135395,FALSE
BM00076,5,12,25,172.48918617006592,1031.947996821218,7.167849803167973,21.847435555283596,0.2452430916935704,0.552781165,0.14605893533892944,10.683988700903669,FALSE
BM00076,6,13,28,275.97237301707696,2355.5251206956596,9.613960432258859,25.09976488926081,0.22496402712721109,0.45714074434131546,0.049344593,8.941709020330775,FALSE
BM00076,7,13,28,94.9520638,854.5545045,3.346177493996887,7.520500278818467,0.15480675230480864,0.3073989225889435,0.0405929,11.238346321638454,FALSE
BM00076,8,12,26,196.6258621230618,1521.8804575772874,7.464750293162538,17.507399670045885,0.1678203792680378,0.4004603635145587,0.084438101,7.074734624010616,FALSE
BM00076,9,13,28,168.55643196371878,1391.171707052105,6.007069770047465,16.33030272432756,0.18706441941976493,0.30398998595612403,0.05335084,10.08818152082801,FALSE
BM00076,10,11,25,87.21223088160757,881.1209065956783,3.4367133314448184,9.713191998019731,0.16452088776562646,0.2861508652772669,-0.008867898,8.371664865719987,FALSE
BM00076,12,12,26,183.04571571201183,1260.2873493614784,6.812750187787666,18.523311805875995,0.19419109004735094,0.4050040848064924,0.12060318206624032,8.369846630407913,FALSE
BM00077,1,13,28,217.88177796024272,1682.3283711908693,7.785127706245572,26.543794884811426,0.20105486339694975,0.4180266505967401,0.067360896,10.291596634995434,FALSE
BM00077,3,13,28,225.0117699042682,1917.3507226974548,7.9060957744616545,21.43830182759467,0.23455822014325925,0.8001134585035421,0.049511933,10.347570205105939,FALSE
BM00077,4,13,28,275.03150678296606,1930.5407520882422,9.472207168084518,22.70099509060907,0.23310609413471528,0.46108992804831767,0.094837411,10.087657877382686,FALSE
BM00077,5,12,26,142.6131921161134,1620.424360602919,5.630710689927349,11.668714334506468,0.18666150935624648,0.43712630966283156,0.016508929,5.7081313115011465,FALSE
BM00077,10,13,28,209.01522951937127,1777.8146035635164,7.505946169271457,16.800807884870302,0.20777950780551102,0.36873431328044104,0.077554648,8.039829461427377,FALSE
BM00078,1,12,28,0,0.050712134,0.000307346,0.010142427,0.1502671175156948,4.958814878017928,0,,FALSE
BM00078,2,12,28,170.15462564643244,1247.9990415577436,5.749291784054427,14.099190309052084,0.24650381099520083,0.7662900458885035,0.087720271,11.603075570185528,FALSE
BM00078,3,12,26,134.60217422200398,892.3338519,4.992849310289771,12.413011857637898,0.1775352600455734,0.3162001699360606,0.10021796745824425,12.328876530899212,FALSE
BM00078,4,13,28,135.0817082,1148.0756501177332,4.725252393,9.890218429608234,0.2193956522938447,0.6658909757348705,0.057307853,12.28758257,FALSE
BM00079,1,12,26,249.76732841188544,2242.6609528807226,9.573471177198648,22.842090286335733,0.19529841497337133,0.32909977027767506,0.039711922,5.571915019401439,FALSE
BM00079,2,12,28,222.4794351247185,1755.9919163310783,7.2603784131069355,19.593506753667327,0.25842475772366974,0.7646274220166326,0.076292754,10.335377360636734,FALSE
BM00079,4,13,28,0,0,0,0,0,0,0,,FALSE
BM00079,7,13,28,134.01717307075842,1029.262750326765,4.737220989407098,12.59846782,0.7486201257098289,6.715971689768038,0.078482691,10.269749949079422,FALSE
BM00079,8,1,0,1.698772841715682,0,,,,,,,FALSE
BM00079,10,1,0,0.4146906225483571,0,,,,,,,FALSE
BM00079,11,13,28,253.58602472253804,2785.1738124058093,8.835818998943193,22.222485537067495,0.18913047776768743,0.3398796127465167,0.017546460126533603,7.306093214921058,FALSE
BM00079,12,13,28,195.09359983122096,1647.8365384191407,7.081253365973567,21.212571473209778,0.21628997013674992,0.5596473203385737,0.038631538,9.727519880180015,FALSE
BM00080,1,12,26,221.06892666435937,1991.8318177556166,8.738121559,21.968548841383196,0.1989801554313092,0.42111393907227795,0.023481074564728033,6.078268597940328,FALSE
BM00080,2,12,28,154.43693333859088,1058.5476233328284,5.524295183679443,22.739327540975943,0.17836495888807777,0.33428622296163146,0.089728499,11.203941320578709,FALSE
BM00080,4,13,28,117.42078171674147,1177.1563846691045,4.074714468,9.375860574085397,0.15843150827171415,0.4185091393465788,0.066042988,8.174713346,FALSE
BM00080,5,13,28,106.83931478425384,986.2586984,3.8654099816913146,11.503480965559351,0.21298941794248713,0.47473715240704695,0.060402309,9.348654238712953,FALSE
BM00080,6,12,26,145.41246023932658,1158.3653423342291,5.508303745993547,16.474325626437683,0.17645732560017863,0.30701128077220075,0.07829999,7.429706737223208,FALSE
BM00080,7,13,28,206.81045942396327,1772.0345194952401,7.485865078804488,16.28032719866468,0.24531834468203498,0.7146762199476934,0.055328066288311696,8.405640438540871,FALSE
BM00080,8,13,28,201.41396552451425,1816.8025771103012,7.380884000095487,24.646978747410493,0.1992130587173134,0.35054116010067854,0.018007332529991576,9.430168244757018,FALSE
BM00080,9,12,28,183.4031932101604,1597.766879129279,5.951925494497335,15.792723623482523,0.20561538978128943,0.4567357074672105,0.060714410122927255,9.413733816,FALSE
BM00080,10,12,28,90.79689641018606,1015.9462986954861,3.1097872117300156,6.300707359936621,0.12969443492032984,0.29704443788613005,0.045543614403579014,6.2412439833882996,FALSE
BM00080,11,2,2,0.8990679824748992,1.3068818817181538,0.24562704161582224,0.24562704161582224,0.39527385533916376,0.39527385533916376,0.39527385533916376,,FALSE
BM00080,12,11,26,200.7224549997105,1867.8821545424735,6.730696878744524,17.941183200907577,0.1802688792688723,0.34424199081977974,0.021379243,6.753650804711987,FALSE
BM00083,1,13,28,126.15566792765368,1434.8111648509457,4.421732312606628,7.934075193521231,0.16779269697918017,0.44642005231933257,0.038270294,7.212973400704495,FALSE
BM00083,3,12,28,130.62892254368134,1158.6673672523393,4.4760310062603255,11.175391838736992,0.15124668243607226,0.2714161827770701,0.072101947,11.327029509373334,FALSE
BM00083,4,1,0,0.4856882561468236,0,,,,,,,FALSE
BM00083,5,12,28,202.9328176301155,2121.313797584036,6.649158836136894,15.11150367606843,0.16866886657659888,0.4499562559794447,0.027443192,6.821412615932693,FALSE
BM00083,6,13,28,143.2415399844325,1464.667094578297,5.112943959509236,12.020731293734343,0.1493320956090233,0.42871632704705753,0.034077597722084775,8.224549734690743,FALSE
BM00083,7,13,28,93.96020184718968,968.7457539520847,3.401842378193369,9.492775905471676,0.18190309796508583,0.4133699129002421,0.022548163160620582,11.228086951268486,FALSE
BM00083,8,13,28,179.70529132511913,1688.2189594496515,6.354100128862644,13.625157571084372,0.1908260558094873,0.35278738116235236,0.038815142,9.601964931256896,FALSE
BM00083,10,13,28,264.7251372645996,2655.2293698443327,9.245419929,18.777081425768927,0.20945885337195877,0.5088230741604989,0.05570143,6.153242610589755,FALSE
BM00083,11,12,25,156.74957220934257,1361.9765985855588,6.2075083213135205,11.687390861053423,0.2065899112541582,0.3898228607926464,0.066068378,7.784388609463322,FALSE
BM00083,12,13,28,117.36575019102708,1552.2982840601098,4.2965056787754605,11.085001625928534,0.17873148341932973,0.49767897170666264,-0.022261405,7.443878466588976,FALSE
BM00084,1,1,0,0.3922158180863909,0,,,,,,,FALSE
BM00084,3,13,28,11.594297071260112,176.02378219295366,0.40758357563751807,0.8883667999624796,0.11935046030775487,0.46049325516522455,0.010392805364681568,22.002056762290515,FALSE
BM00084,4,13,28,0,0.05070008,0.000281667,0.010140016,0.1377415560220798,4.958696016794873,0,,FALSE
BM00084,5,10,28,0,0,0,0,0,0,0,,FALSE
BM00084,6,12,28,6.486771022394675,107.00616902924384,0.20176050704193982,0.787473641,0.054413239,0.17341016097609163,0.062730437,,FALSE
BM00084,7,13,28,0,12.628375900847757,-0.040151647,0.17075786909448865,-0.410206131,5.224010142325957,-3.482673428,,FALSE
BM00084,8,12,28,0,5.803739546,-0.032556826,0.085277534,-0.258571484,5.5211608152876135,0,,FALSE
BM00084,10,13,28,12.08101783827528,152.69606703119496,0.43413633414823566,1.185029867468878,0.24550793328373474,1.7054469043717446,0.11617451529250333,26.24391106,FALSE
BM00084,11,13,28,45.84564864739596,392.3389178803818,1.5956075644914494,4.2191254488496925,0.6916578379961068,6.425358424,0.10769457351346585,10.676013235647098,FALSE
BM00084,12,13,28,20.49500029773044,246.4899980394924,0.7054071116393468,1.6079361339198368,0.1073469148780715,0.5026542868168354,0.089452284,19.629001575948724,FALSE
BM00085,2,12,28,177.32517158353113,1770.3264839503481,5.486038534545959,13.828709282995941,0.2008737770883491,0.5062160601180576,0.038064757,7.389453244813455,FALSE
BM00085,3,12,28,164.00565920476458,1298.6523517585338,5.2711285080440655,15.322497970523166,0.17337008057822215,0.41797774788118613,0.072081328,10.449552244957221,FALSE
BM00085,4,13,28,60.29254817759176,732.5666602174745,2.2604417792143017,5.505291876402838,0.23767316150394613,1.0891307880950234,0.029926507036709182,9.596126236516376,FALSE
BM00085,6,12,26,211.4902477428024,1437.785126244745,7.962712682251404,23.727254786759985,0.19073847739808708,0.44820050710389614,0.093570312,6.640127230958333,FALSE
BM00085,7,11,28,174.2941374667327,1521.9814064904288,5.110630270268898,14.93709809123768,0.185975439,0.3845228874461333,0.055879599,7.790820008,FALSE
BM00085,8,13,28,211.83941614210048,1850.1421731817054,7.402799514204827,18.576284698681015,0.21190090405888176,0.6555126188186162,0.059640329,8.488104576,FALSE
BM00085,9,13,28,275.4067852887717,2617.693824269574,9.565922872088661,24.93686386802315,0.24586336688215027,0.836597883,0.043530884,6.4705937367031146,FALSE
BM00085,10,13,28,200.9245382,2120.592555110923,7.439381565,19.14010752658374,0.1871490740283752,0.33370682094946846,0.007705781,8.118306098081975,FALSE
BM00085,11,13,28,160.46454474561807,1993.7067570588874,5.472361603671178,16.067425612760612,0.21197083257819968,0.7192064711707207,0.004097847,5.911152117,FALSE
BM00085,12,13,28,205.5209405116697,1809.7338188032982,7.126187560396765,19.253271742741788,0.19654439316971659,0.37152940698573467,0.0741584,9.057893496957911,FALSE
BM00086,1,13,28,44.46505052284637,346.6535552577577,1.5542100523911617,4.520119942895505,0.7049546272116117,6.573132310307002,0.10991902340039002,16.29347876451435,FALSE
BM00086,2,13,28,99.95638992121329,816.6667198868118,3.3661412466654297,9.949502852520487,0.17254059886533726,0.4546213904425663,0.11823292402176093,10.366535280120212,FALSE
BM00086,3,13,28,145.04100655575505,1026.9286558556798,5.148699535883875,18.627880512312913,0.20747744737145069,0.3819962296716636,0.081588691,11.985577377139816,FALSE
BM00086,4,13,28,141.32630185064008,1119.2279582450692,5.055418344991825,15.264787858554485,0.20153336494952764,0.555592006,0.075934758,9.457554931,FALSE
BM00086,5,12,28,87.51681939050518,752.6157599025352,3.1495112675996157,6.982336136,0.18374274498547055,0.48347658733225535,0.09119327,9.689219136652403,FALSE
BM00086,6,13,28,130.17121280082992,1378.7642438491253,4.623383837542453,12.528508914723197,0.2029450696219061,0.5178267382945795,0.039841490225449284,9.394572858312104,FALSE
BM00086,7,13,28,106.21479453143068,1212.1594582745008,3.930924719028298,7.842729583673851,0.14938195048781586,0.3341936231632947,0.015633295,7.701795169047545,FALSE
BM00086,8,12,28,189.6978078203895,1416.5409001123774,6.355630669872827,16.003525192603075,0.19112721983804776,0.33562905905131046,0.097270094,10.74431669465141,FALSE
BM00086,9,13,28,179.15959291721728,1526.5262058553076,6.567212691541093,20.476432209874737,0.18160829097848244,0.29394793232891614,0.034231172,10.035447540935051,FALSE
BM00086,10,10,21,35.32417255875189,290.6828390049206,1.670391161135244,6.001839632814134,0.16766504639011862,0.32632227152765375,-0.015782255,11.562879333617802,FALSE
BM00086,11,13,28,96.19799255,1225.5394564443347,3.4819532647588205,8.003315653065478,0.1495168756570208,0.3993472578979007,-0.008382077,7.5981649177718005,FALSE
BM00086,12,12,26,140.1552970506275,969.4566513976984,5.463183072,19.780248631158166,0.19116275607294256,0.41512984705228106,0.066121798,8.253837473392743,FALSE
BM00088,1,12,28,9.24988548,90.44350998805444,0.3119733344904421,1.005784861464835,0.077813784,0.2607182757239084,0.12541312162112486,,FALSE
BM00088,2,13,28,8.954090927299896,90.54909134190564,0.2872074548849585,0.8074767443925976,0.10880667990989652,0.5325981458741329,0.10514976203957478,,FALSE
BM00088,4,11,28,0.6449530282636685,19.56830012,0.022294376630417948,0.2989213453555593,0.038879451,0.45972017038852564,-0.032806624,,FALSE
BM00088,5,11,28,4.239305021266395,63.13671156531047,0.17398514707183932,0.902704941,0.12311931743035916,0.7909687130527187,0.018587446942216035,,FALSE
BM00088,6,12,28,5.039555401196655,49.113360709817286,0.19917477546754603,0.8999950547926272,0.6432793137588194,4.972441461791874,0.017609030161415795,,FALSE
BM00088,7,12,28,5.154621358404652,63.03217247556442,0.1320959210108503,0.869560943,0.040455838,0.23802085324333122,0.038555743742598216,,FALSE
BM00088,9,13,28,0.7562668346931445,14.858621309356309,0.004096677,0.3042368922917984,0.006134283,0.41852761766507424,-0.108050204,,FALSE
BM00088,11,13,28,156.5564067056062,1584.1637911444254,5.538168759,11.70702310821914,0.1881008821956172,0.41962660298878895,0.04282968,8.415393554026764,FALSE
BM00088,12,13,28,0,9.117622165397131,-0.014562746,0.1021418823042009,-0.375447169,0.13935226910154627,0,,FALSE
BM00090,1,13,28,167.65298594398692,1745.2450752854966,6.248509309203489,16.91311748112581,0.1678635622604259,0.34524497224404677,-0.00735019,7.829520244285251,FALSE
BM00090,2,13,28,116.71197372763598,788.4677386635467,4.143638071760486,12.64232502666006,0.21962704093133123,0.4485106478698171,0.083095917,14.035459959224202,FALSE
BM00090,3,13,28,162.49491213736667,1195.4631644980564,5.657340202862254,13.996609857361008,0.18781095337803935,0.33390161285435116,0.099651587,11.016993699590437,FALSE
BM00090,4,12,28,152.14520868428625,1786.596261454174,5.027114187303615,11.16002286289238,0.16736129753807055,0.45471892920912205,-0.012722511,7.964317754443449,FALSE
BM00090,6,13,28,160.91302490052564,1538.5147984228875,5.873844526130537,15.10434946910901,0.20043805474610554,0.5430807621211383,0.008088919,9.350024483946768,FALSE
BM00090,7,13,28,154.34647177778555,2179.819721,5.656257756415804,15.02053203260562,0.1951128821607994,0.4967826378419331,-0.066225195,9.180558874771348,FALSE
BM00090,8,13,28,192.1519963664741,1557.8911310375534,6.895652924008893,21.143534683138995,0.20778807130610547,0.3847952846440492,0.023274923455585277,12.259098239999965,FALSE
BM00090,9,13,28,177.6335751588281,1913.1634770981525,6.374659422150103,17.134586024069343,0.1812466259951008,0.3962714146316982,-0.005757293,8.908323719884262,FALSE
BM00090,10,12,26,200.08481339392253,2136.1785112797234,7.827544190320091,29.670073586464838,0.21343036247612962,0.5712510390369909,-0.016632348,9.098017623784665,FALSE
BM00090,11,12,26,230.8262924730829,2159.4141984545595,8.79026878,23.861774199462502,0.18141280026755444,0.3654241482016073,0.018443055,6.072637191464025,FALSE
BM00090,12,13,28,241.76289838942813,1921.0126210152905,8.643903159282118,22.337906092151172,0.19557598786643202,0.4067892631781209,0.071204202,10.694331931159548,FALSE
BM00091,1,3,4,0,0,0,0,0,0,0,,FALSE
BM00091,2,11,28,84.14988154622425,660.3336298723025,2.8817366207622017,7.872164652498256,0.4355193375995885,2.8665632262364404,0.10980147973240761,13.498632390546657,FALSE
BM00091,3,2,2,0,0,0,0,0,0,0,,FALSE
BM00091,4,13,28,146.62288041727774,1365.449003,5.315650959742167,12.671683261011758,0.3406010669023985,1.541413490202463,0.020246368343091053,10.277177647421789,FALSE
BM00091,5,12,26,191.7263315779612,1702.3659726080655,7.842675743,23.57488925388423,0.19247217108898446,0.376537514,0.012442133936124478,7.324382096186055,FALSE
BM00091,6,13,28,143.4492736258647,1498.5076054455076,5.067227540954234,11.013042410404339,0.20374719346375822,0.49857186219540617,0.022137378,9.559619059216006,FALSE
BM00091,7,11,25,35.74405703645318,512.0404246,1.2088229298753248,3.300293113907183,0.8354652606512023,6.584832660688261,-0.080206135,8.638858352,FALSE
BM00091,8,12,28,80.58810287012474,791.3745086698376,2.7757454234054006,6.472443740693862,0.789599658,6.479668069797832,0.036056592,10.363481339247313,FALSE
BM00091,9,11,26,96.11435418702928,751.3410066911363,4.101467263806624,13.795287623187441,0.19754421987162438,0.6160651482361784,0.064401902,9.463291448733877,FALSE
BM00091,10,13,28,148.10837635969258,1479.4925917073401,5.185731605071628,14.779724251785836,0.18191265506943288,0.578532636,0.029506442,8.952984130001695,FALSE
BM00091,11,13,28,186.80927968174785,1638.9830788690492,7.175141406245061,23.967221608931744,0.1997392093816588,0.60831236,-0.000224122,8.640110888867525,FALSE
BM00091,12,13,28,0,0.036404116,-0.000202245,0.004853882,-0.133140922,3.1953821276401357,0,,FALSE
BM00092,1,12,26,80.50220828261065,852.8734893320927,2.9499565190516703,8.256890342012133,0.15401862641679778,0.3759966075234802,0.028739003682690445,7.448829999151752,FALSE
BM00092,2,13,28,149.38019706150934,1410.890959165742,5.204945939112011,9.625537463454766,0.1866467739171217,0.38058656120294243,0.063441369,9.207188450480695,FALSE
BM00092,3,12,26,33.40374761407944,416.1056698623266,1.2943304825096473,4.359001687196097,0.14940884766591986,0.42324776679829773,-0.005553273,12.402163809153683,FALSE
BM00092,4,13,28,35.72429142437378,336.3544723764691,1.24541071,3.004258191535513,0.5221020527337326,4.512859475,0.081070141,15.609330771518536,FALSE
BM00092,5,12,26,115.70317869945582,1232.0761054759716,4.539703215342882,13.401016876849432,0.18278908445789127,0.49321407820395957,0.004889413,7.063849206228929,FALSE
BM00092,6,12,28,0,0.1279276908297164,0.000175913,0.010750226,0.009727498,4.987914624163278,0,,FALSE
BM00092,7,13,28,167.59667022661617,1326.4478254897476,5.7914125804007925,15.33132747898253,0.3507762045103712,1.9304701075994153,0.10693374921547309,9.713967832,FALSE
BM00092,8,13,28,4.223548838082276,13.504111545341612,0.1448085320122654,0.7366771619264187,0.6121146501553391,4.987914624163278,0.2469308707603154,,FALSE
BM00092,9,13,28,187.00125838252137,1528.9338170779859,6.547861199866509,12.837633359979739,0.29409468382622833,1.5267146314374234,0.076869595,11.005787656984005,FALSE
BM00092,10,13,28,111.68904426619396,1139.3843232979907,3.861382678616383,9.049325343415035,0.16080813814057843,0.2809436108134742,0.046666025,9.368757280880844,FALSE
BM00092,11,12,28,167.3977910433935,1487.7306729114807,5.5993054423990305,16.549435600656075,0.8078506989511602,6.684833138,0.048037654404307815,10.268846904881517,FALSE
BM00092,12,13,28,0,0.037625791,0.000209032,0.007525158,0.13359936533871972,4.809577152,0,,FALSE
BM00093,1,12,28,126.79719852101704,1318.2936206198142,4.127521592892287,8.764716306698139,0.18597419740345458,0.40153648438087847,0.035144812069622944,7.041615268390684,FALSE
BM00093,2,13,28,0.021194259,0.18121091551104562,0.001089149,0.014835981,0.5484620495539158,5.148978932,0.11889164797957823,,FALSE
BM00093,3,13,28,263.9518195,2587.643974,9.610960685005164,28.22958747,0.21097332358048435,0.40181102894323417,-0.004634697,9.020198235435066,FALSE
BM00093,5,13,28,256.60440572283864,1880.7272645654632,8.886364289317429,21.52948165591181,0.18295066061825038,0.40354048519949715,0.096652375,9.85225093,FALSE
BM00093,6,13,28,178.17293040819794,1589.6228438404162,6.104841496,13.026415542853712,0.15480940842958027,0.43416342450827194,0.06020669,8.268725767965634,FALSE
BM00093,8,13,28,0,0.10597129562049451,0,0.01059713,0,4.980742813977583,0,,FALSE
BM00093,9,13,28,53.39088204470022,253.61251813358518,1.8268067850836054,7.478253036877497,0.6922271675505499,6.019212019708443,0.18168972350279766,20.474994644140114,FALSE
BM00093,10,12,26,94.93078215756924,848.6627492443794,3.5569490162615875,7.593832396634245,0.18164125576034387,0.48548425429462994,0.091470214,6.994806955172177,FALSE
BM00093,11,12,26,163.35708356749657,1827.2326366223506,6.322786986950976,15.38590176360924,0.200151532,0.5617860380881571,0.013047640977707609,6.448568062095742,FALSE
Col-0,1,13,28,199.2027049125556,2100.2802851444576,7.239005709062828,22.145776349812763,0.20453444333488804,0.38586180615547705,0.024008236564847962,8.270492782680956,TRUE
Col-0,2,13,28,134.2776359821389,2113.534451,4.631562542075344,18.220237514274565,0.18378257117242625,0.5237336206301492,-0.034103921,5.8106775037023475,TRUE
Col-0,3,13,28,210.83454485068984,1762.2735770565566,7.534508781047552,19.95106210481479,0.21628451771737267,0.6810148695601297,0.060337521,9.642904929944052,TRUE
Col-0,4,12,28,144.10049661604444,1752.8034203597838,5.119118138727517,15.151153413698346,0.16696770061614447,0.4371171647092528,-0.009235557,7.634018860647476,TRUE
Col-0,5,13,28,189.9446184560782,1899.304879046921,6.7638786707879435,17.431636298646765,0.18286340972373613,0.4095253167101618,0.010659909019331634,6.127151643445267,TRUE
Col-0,6,13,28,194.5700786601936,1641.3072116008238,6.776758274,16.61418427419315,0.18076433613075263,0.40288638039729774,0.050747312595593286,8.802120675884735,TRUE
Col-0,7,1,0,1.6289323420351296,0,,,,,,,TRUE
Col-0,8,13,28,128.31190081691813,1744.2298034803523,4.636206166221196,9.745825615255546,0.15006908047253006,0.42757244010189416,0.002889861,6.275302395836016,TRUE
Col-0,9,10,25,133.07844259588674,1220.4671441059625,4.985387833054311,14.322914993707016,0.16030443365575162,0.31426020126584087,0.050033935505963356,6.308610420666153,TRUE
Col-0,10,12,28,136.13476217302386,998.8678511549664,5.1937529383767655,12.906388800478645,0.17501788135156676,0.3089895181520772,0.087751477,12.61182572802489,TRUE
Col-0,11,13,28,207.1037209823498,2023.281880522219,7.251337905806499,15.578317070892737,0.15704901838241828,0.36129823799969807,0.036067364,6.255302875391134,TRUE
Col-0,12,12,28,131.09232753656457,1496.8027290148825,4.5789334822497585,14.321944591340307,0.1548627506367858,0.373947827,0.010499719678892147,7.289672955728312,TRUE
EmptyVector,1,13,28,0,0,0,0,0,0,0,,TRUE
EmptyVector,2,12,28,92.34055756683044,951.9762013298666,3.135993631,7.721681735,0.17658954230203247,0.4792632550136624,0.057980651071717425,9.892343486,TRUE
EmptyVector,3,13,28,65.72544891880733,771.4720484648692,2.3332096340364115,6.565859545025246,0.14186689120813925,0.38299886113910553,0.007230281,8.899500142952412,TRUE
EmptyVector,4,13,28,0,0.053058308376905006,0.000294768,0.010611662,0.13837300019422963,4.981428006992267,0,,TRUE
EmptyVector,5,12,26,248.96953282838808,2986.3148338113238,9.366579332733286,20.070260193115107,0.1767294024005256,0.36858817010123945,0.002303294,5.044674768225133,TRUE
EmptyVector,6,13,28,236.7071210627848,2341.4398030171333,8.524209282695022,20.793444936292374,0.18009493040023342,0.39951037658468824,0.02408962,8.12957107,TRUE
EmptyVector,7,12,28,0,0,0,0,0,0,0,,TRUE
EmptyVector,8,13,28,180.32248121711487,1870.011427257494,6.249410950813985,12.726070636406263,0.18536300132801128,0.4254702567861203,0.035216391755856336,7.545709613510162,TRUE
EmptyVector,9,13,28,0,0.053058308376905006,0.000294768,0.010611662,0.13837300019422963,4.981428006992267,0,,TRUE
EmptyVector,10,13,28,162.96710854702923,1326.101475940183,6.004169554128333,20.23155745,0.16583455600203767,0.3218357622120722,0.040647103,9.540670160583401,TRUE
EmptyVector,11,13,28,81.62235481,531.4258619,2.913083886287606,10.155572456573129,0.7095335262198409,6.019897212723126,0.10252943216320798,13.798420464471693,TRUE
EmptyVector,12,13,28,0,0.05051151,0,0.012627877,0,5.068404660553984,0,,TRUE
GFP,1,13,28,234.0227394788328,2197.561508956329,8.211432778202578,20.767413633438423,0.18298207971949243,0.35617656363332784,0.034574549,7.718445774855077,TRUE
GFP,2,12,28,136.8197939799986,1395.439485579006,4.505432975468356,8.139011169852758,0.2720319227496249,1.0917991628122272,0.052560409,8.699248641377999,TRUE
GFP,3,13,28,124.1226027446976,1282.7340306694232,4.267284894244415,8.897833582275684,0.2862073299709974,1.4951413343932132,0.058135176,10.386074388480075,TRUE
GFP,4,11,28,90.32335301945054,1722.526876200031,3.181623356010691,12.693257042117967,0.17778960431117016,0.43065403927280105,-0.123182543,6.263931727788981,TRUE
GFP,5,13,28,243.0813981097116,2388.9385480749693,8.709495674274828,20.002073971702213,0.30780177,1.3890644513076986,0.021359878542118516,8.203583843,TRUE
GFP,6,12,26,145.18388868711048,1120.9505887633761,5.454836520581861,12.689322848934935,0.16748967341173912,0.4554605895982382,0.10136317431238329,8.825138840779989,TRUE
GFP,7,13,28,138.38917940609997,1572.7999481303282,4.999329624783545,10.749527173752956,0.16031837286778433,0.29551145171674875,0.031119998,7.489407312526429,TRUE
GFP,8,13,28,200.5444245429404,1541.230670632005,7.230335074,23.01121514549056,0.22824819343639205,0.6638104797173587,0.059135005746213366,9.241718266968677,TRUE
GFP,9,13,28,163.71489232296187,1647.615785,5.812495564254821,15.458676935184139,0.19075635856160844,0.3948610258323678,0.015809927932788053,10.380400117281177,TRUE
GFP,10,13,28,142.3326715911943,1112.6713772546375,4.959457835285543,16.517412033993864,0.7512124343659679,6.546175910359467,0.090992672,10.66712147626741,TRUE
GFP,12,13,28,94.21558147519028,1289.5531796353584,3.4864568305578536,8.378043210215363,0.1568352477442208,0.45244593327413307,-0.026234153,7.564551370117022,TRUE
