BXY_0000100	GO:0005515,GO:0006887,GO:0016020,GO:0031267,GO:0042391,GO:0042734,GO:0044325,GO:0048167,GO:0048788,GO:0048791,GO:0050806,GO:2000300
BXY_0000200	GO:0005737,GO:0016791
BXY_0000300	GO:0003779,GO:0007155,GO:0051015
BXY_0000400	GO:0005669,GO:0006366,GO:0046982
BXY_0000700	GO:0005788,GO:0016757,GO:0097363,GO:0097370
BXY_0000800	GO:0005739,GO:0016020,GO:0032981,GO:0045271
BXY_0000900	GO:0004089,GO:0008270
BXY_0001000	GO:0005739,GO:0033615,GO:0043461
BXY_0001200	GO:0003785,GO:0005829,GO:0007015
BXY_0001500	GO:0005452,GO:0005886,GO:0006820,GO:0008509,GO:0015701,GO:0016020,GO:0022857,GO:0050801,GO:0051453,GO:0055085
BXY_0001600	GO:0003756,GO:0005789,GO:0005793,GO:0006457
BXY_0001700	GO:0004383,GO:0006182,GO:0008074,GO:0009190,GO:0019934,GO:0020037,GO:0035556,GO:0070482
BXY_0001800	GO:0004383,GO:0006182,GO:0008074,GO:0009190,GO:0019934,GO:0020037,GO:0035556,GO:0070482
BXY_0001900	GO:0016020,GO:0022857,GO:0055085
BXY_0002100	GO:0016020,GO:0022857,GO:0055085
BXY_0002200	GO:0000398,GO:0003723,GO:0005515,GO:0071013
BXY_0002500	GO:0005261,GO:0005886,GO:0008381,GO:0016020,GO:0042391,GO:0050982,GO:0071260
BXY_0002600	GO:0005737,GO:0019207,GO:0051018,GO:0060828
BXY_0002900	GO:0005515,GO:0005886,GO:0007156,GO:0007411,GO:0030424,GO:0070593,GO:0098632
BXY_0003100	GO:0006915,GO:0034164,GO:0043280
BXY_0003200	GO:0001508,GO:0005216,GO:0005249,GO:0005250,GO:0005515,GO:0006811,GO:0006813,GO:0008076,GO:0016020,GO:0051260,GO:0055085,GO:0071805
BXY_0003400	GO:0003924,GO:0005200,GO:0005525,GO:0005874,GO:0007017
BXY_0003500	GO:0000014,GO:0000729,GO:0000793,GO:0003690,GO:0003697,GO:0005634,GO:0006303,GO:0015074,GO:0031297,GO:0035861,GO:0042800,GO:0044547,GO:0044774,GO:0046975
BXY_0003700	GO:0000978,GO:0000981,GO:0003677,GO:0005634,GO:0006355,GO:0006357,GO:0009653
BXY_0003800	GO:0004888,GO:0005216,GO:0005230,GO:0006811,GO:0016020,GO:0034220
BXY_0004000	GO:0008643,GO:0016020,GO:0051119
BXY_0004200	GO:0004791,GO:0005634,GO:0030178,GO:0031397
BXY_0004500	GO:0000978,GO:0000981,GO:0005634,GO:0006355,GO:0006357,GO:0007548,GO:0043565
BXY_0004600	GO:0008270
BXY_0004700	GO:0003677
BXY_0004900	GO:0004653,GO:0005794,GO:0006493
BXY_0005000	GO:0003723,GO:0003735,GO:0006412,GO:0015935,GO:0019843,GO:0022627,GO:0042274
BXY_0005100	GO:0005200,GO:0005885,GO:0015629,GO:0030041,GO:0034314,GO:0051015
BXY_0005200	GO:0003676,GO:0003723
BXY_0005300	GO:0016787,GO:0033192,GO:0097720
BXY_0005400	GO:0004672,GO:0005524,GO:0006468
BXY_0005500	GO:0005886,GO:0007035,GO:0016471,GO:0033179,GO:0046961,GO:0051117,GO:1902600
BXY_0005800	GO:0005737,GO:0009143,GO:0047429
BXY_0005900	GO:0005739,GO:0030170
BXY_0006000	GO:0003676,GO:0003723
BXY_0006300	GO:0046872
BXY_0006600	GO:0046983
BXY_0007000	GO:0006355
BXY_0007300	GO:0003924,GO:0005525,GO:0005786,GO:0005829,GO:0006614,GO:0006616,GO:0008312,GO:0015098,GO:0015689,GO:0016020,GO:0030942,GO:0048500
BXY_0007400	GO:0000786,GO:0003677,GO:0030527,GO:0046982
BXY_0007700	GO:0003735,GO:0005840,GO:0006412
BXY_0007900	GO:0004252,GO:0005515,GO:0006508,GO:0016020
BXY_0008100	GO:0005515
BXY_0008200	GO:0005739,GO:0006783,GO:0006784,GO:0008495,GO:0016020,GO:0016765
BXY_0008400	GO:0000083,GO:0004672,GO:0004674,GO:0004693,GO:0005524,GO:0005634,GO:0005737,GO:0006468
BXY_0008500	GO:0003690,GO:0003697,GO:0005634,GO:0006281,GO:0008081,GO:0017005
BXY_0008600	GO:0004742,GO:0005967,GO:0006086,GO:0016746,GO:0045254
BXY_0008700	GO:0005313,GO:0005886,GO:0015175,GO:0015293,GO:0015501,GO:0015813,GO:0016020
BXY_0008800	GO:0000978,GO:0003700,GO:0006355,GO:0008270,GO:0043565
BXY_0008900	GO:0005216,GO:0005245,GO:0005891,GO:0006811,GO:0008331,GO:0016020,GO:0055085,GO:0070588,GO:0098703
BXY_0009200	GO:0005524,GO:0006457,GO:0016887,GO:0051082,GO:0140662
BXY_0009300	GO:0000166,GO:0005666,GO:0006352,GO:0006384,GO:0030880
BXY_0009400	GO:0004620,GO:0006629,GO:0006631,GO:0016020,GO:0019369,GO:0047499
BXY_0009600	GO:0004620,GO:0006631,GO:0016020,GO:0019369,GO:0047499
BXY_0009700	GO:0002116,GO:0005515,GO:0005886,GO:0007162,GO:0008045,GO:0008360,GO:0017154,GO:0030334,GO:0043087,GO:0050772,GO:0071526,GO:0097374
BXY_0009900	GO:0005509,GO:0005886,GO:0007155,GO:0007156,GO:0016020
BXY_0010000	GO:0005515,GO:0006355,GO:0034967,GO:0035064,GO:0070210
BXY_0010100	GO:0000462,GO:0005515,GO:0005634,GO:0005730,GO:0030686,GO:0032040
BXY_0010200	GO:0005869,GO:0007017
BXY_0010300	GO:0006820,GO:0016020,GO:0022857,GO:0055085
BXY_0010400	GO:0005515,GO:0005886,GO:0006897,GO:0016197,GO:0031410,GO:0035091,GO:0097320
BXY_0010500	GO:0030368
BXY_0010600	GO:0005506,GO:0005739,GO:0016226,GO:0051536
BXY_0010700	GO:0003676,GO:0003723,GO:0005515,GO:0005737,GO:0045087
BXY_0010800	GO:0004573,GO:0005789,GO:0005975,GO:0006487,GO:0009311
BXY_0010900	GO:0004930,GO:0007186,GO:0016020
BXY_0011000	GO:0000176,GO:0000177,GO:0003723,GO:0005730,GO:0016075,GO:0034427,GO:0034475,GO:0071028,GO:0071051
BXY_0011200	GO:0000978,GO:0003700,GO:0006355,GO:0008270,GO:0043565
BXY_0011400	GO:0003747,GO:0006415
BXY_0011500	GO:0007411,GO:0009887,GO:0009888,GO:0016477,GO:0034446,GO:0043256,GO:0070831
BXY_0011600	GO:0004930,GO:0007186,GO:0016020
BXY_0011700	GO:0003677,GO:0005634
BXY_0011800	GO:0003676,GO:0005515,GO:0005634
BXY_0012000	GO:0003677,GO:0003700,GO:0006355,GO:0007165
BXY_0012100	GO:0000166,GO:0004812,GO:0004817,GO:0005524,GO:0005737,GO:0006418,GO:0006423
BXY_0012200	GO:0000977,GO:0000981,GO:0006357,GO:0032502,GO:0046983
BXY_0012300	GO:0004090
BXY_0012800	GO:0033178,GO:0046961,GO:1902600
BXY_0012900	GO:0005272,GO:0005886,GO:0006814,GO:0015280,GO:0016020,GO:0035725
BXY_0013100	GO:0004672,GO:0004674,GO:0004712,GO:0005524,GO:0005634,GO:0005737,GO:0005856,GO:0006468,GO:0018105,GO:0018107
BXY_0013300	GO:0003712,GO:0006357,GO:0016592
BXY_0013400	GO:0005634
BXY_0013500	GO:0005634,GO:0006334
BXY_0013600	GO:0005524,GO:0016887
BXY_0013800	GO:0003677
BXY_0014100	GO:0005739,GO:0006629,GO:0047499,GO:0052816,GO:2000304
BXY_0014200	GO:0004672,GO:0004674,GO:0005524,GO:0006468
BXY_0014300	GO:0004672,GO:0004674,GO:0005524,GO:0005737,GO:0006468,GO:0035556
BXY_0014400	GO:0003676,GO:0006998,GO:0030514,GO:0031490
BXY_0014500	GO:0005739
BXY_0014600	GO:0007165
BXY_0014800	GO:0009653
BXY_0014900	GO:0005739,GO:0006631,GO:0016491
BXY_0015000	GO:0004672,GO:0004674,GO:0004691,GO:0005524,GO:0005952,GO:0006468
BXY_0015100	GO:0004672,GO:0004674,GO:0005524,GO:0006468
BXY_0015200	GO:0016020
BXY_0015400	GO:0005615,GO:0005783,GO:0031175,GO:0071542
BXY_0015600	GO:0000139,GO:0005462,GO:0005464,GO:0005789,GO:0022857,GO:0055085,GO:1990569
BXY_0015700	GO:0004222,GO:0006508,GO:0008237,GO:0008270
BXY_0015800	GO:0004930,GO:0005886,GO:0007186,GO:0016020
BXY_0015900	GO:0016020,GO:0046513,GO:0050291
BXY_0016000	GO:0000166
BXY_0016100	GO:0000166
BXY_0016200	GO:0005096,GO:0005829,GO:0007165,GO:0007266,GO:0008361,GO:0050770
BXY_0016300	GO:0005673,GO:0006367
BXY_0016400	GO:0005634,GO:0006355
BXY_0016500	GO:0004725,GO:0005515,GO:0006470,GO:0016311
BXY_0016600	GO:0005739,GO:0009055,GO:0022900,GO:0051536,GO:0051537,GO:0140647
BXY_0016900	GO:0000727,GO:0003677,GO:0003678,GO:0003697,GO:0005524,GO:0005634,GO:0006260,GO:0006268,GO:0006270,GO:0017116,GO:0042555,GO:1902969,GO:1990518
BXY_0017000	GO:0004672,GO:0004674,GO:0004692,GO:0005524,GO:0006468
BXY_0017100	GO:0000978,GO:0000981,GO:0003677,GO:0006355,GO:0006357,GO:0048856
BXY_0017400	GO:0006623,GO:0006886,GO:0006896,GO:0010008,GO:0015031,GO:0016182,GO:0016192,GO:0030117,GO:0030123,GO:0043195,GO:0048490,GO:0048499,GO:0098830,GO:0098943
BXY_0017500	GO:0005634,GO:0010468
BXY_0017600	GO:0006144,GO:0033971
BXY_0017700	GO:0003676
BXY_0017800	GO:0004672,GO:0005524,GO:0006468
BXY_0017900	GO:0004930,GO:0007186,GO:0016020
BXY_0018200	GO:0000978,GO:0000981,GO:0003677,GO:0003700,GO:0005634,GO:0006355,GO:0006357
BXY_0018400	GO:0000045,GO:0000407,GO:0000423,GO:0006914,GO:0006995,GO:0030674,GO:0034271,GO:0034272,GO:0043548,GO:0045324
BXY_0018700	GO:0002116,GO:0005515,GO:0005886,GO:0017154,GO:0030334,GO:0071526
BXY_0019100	GO:0003824,GO:0005737,GO:0009058,GO:0016853
BXY_0019300	GO:0006887,GO:0016079,GO:1990504
BXY_0019500	GO:0000978,GO:0003700,GO:0006355,GO:0008270,GO:0043565
BXY_0019600	GO:0004888,GO:0005216,GO:0005230,GO:0006811,GO:0016020,GO:0034220
BXY_0019700	GO:0004888,GO:0005216,GO:0005230,GO:0006811,GO:0016020,GO:0034220
BXY_0020200	GO:0000166,GO:0005215,GO:0005388,GO:0005524,GO:0005886,GO:0006874,GO:0016020,GO:0016887,GO:0019829,GO:0043231,GO:0051480,GO:0070588
BXY_0020300	GO:0003676
BXY_0020600	GO:0004521,GO:0090304
BXY_0020700	GO:0005615,GO:0008289
BXY_0020800	GO:0005654,GO:0006401,GO:0032299
BXY_0020900	GO:0006888,GO:0007094,GO:1990423
BXY_0021000	GO:0005515
BXY_0021100	GO:0031462
BXY_0021300	GO:0008270,GO:0031462
BXY_0021400	GO:0003676,GO:0005515,GO:0005634
BXY_0021700	GO:0005886,GO:0015137,GO:0015141,GO:0015744,GO:0015746,GO:0016020,GO:0022857,GO:0055085
BXY_0021800	GO:0005886,GO:0006812,GO:0008324
BXY_0021900	GO:0000932,GO:0005515,GO:0005829,GO:0022008
BXY_0022000	GO:0000808,GO:0003688,GO:0005634,GO:0005664,GO:0006260,GO:0006270
BXY_0022100	GO:0005184,GO:0005576,GO:0007623
BXY_0022200	GO:0005765
BXY_0022300	GO:0005743,GO:0016020,GO:0032977,GO:0032979,GO:0033617,GO:0051205
BXY_0022600	GO:0000977,GO:0000981,GO:0005634,GO:0006357,GO:0032422
BXY_0022700	GO:0000724,GO:0004402,GO:0006355,GO:0035267,GO:0046972
BXY_0022800	GO:0016020,GO:0022857,GO:0055085
BXY_0022900	GO:0004797,GO:0005524,GO:0046104
BXY_0023100	GO:0001653,GO:0004016,GO:0004383,GO:0004672,GO:0005524,GO:0005886,GO:0006182,GO:0006468,GO:0007168
BXY_0023200	GO:0001653,GO:0004016,GO:0004383,GO:0005886,GO:0006182,GO:0007168,GO:0009190,GO:0016849,GO:0035556
BXY_0023300	GO:0005085,GO:0005515,GO:0005737
BXY_0023400	GO:0000139,GO:0015165,GO:0016020,GO:0090481
BXY_0023500	GO:0000139,GO:0015165,GO:0016020,GO:0090481
BXY_0023600	GO:0043231
BXY_0023700	GO:0005634
BXY_0023800	GO:0000287,GO:0004170,GO:0006226,GO:0046081
BXY_0023900	GO:0003723,GO:0003735,GO:0005840,GO:0006412,GO:0015935,GO:0022627
BXY_0024100	GO:0003824,GO:0004776,GO:0005524,GO:0005739,GO:0006099,GO:0006104,GO:0042709
BXY_0024200	GO:0000124,GO:0035064
BXY_0024300	GO:0005634,GO:0018024,GO:0034968
BXY_0024400	GO:0030246
BXY_0024500	GO:0030431,GO:0032222,GO:1903818
BXY_0024700	GO:0007600,GO:0045494
BXY_0024800	GO:0003690,GO:0006281,GO:0046403,GO:0046404,GO:0046939
BXY_0024900	GO:0005739
BXY_0025000	GO:0000978,GO:0000981,GO:0005515,GO:0006355,GO:0006357,GO:0009653,GO:0030154,GO:0030509,GO:0060395,GO:0070411,GO:0071144
BXY_0025200	GO:0004672,GO:0005524,GO:0006468
BXY_0025400	GO:0004683,GO:0005516,GO:0006468
BXY_0025500	GO:0006623,GO:0016192,GO:0032510,GO:0035658
BXY_0025700	GO:0003881,GO:0005794,GO:0006661,GO:0008654,GO:0016020,GO:0016780
BXY_0025800	GO:0005783,GO:0005789,GO:0006886,GO:0006888,GO:0016020,GO:0070973
BXY_0025900	GO:0005794,GO:0008146,GO:0015014,GO:0015016,GO:0016787,GO:0019213
BXY_0026000	GO:0000395,GO:0000398,GO:0003676,GO:0005634,GO:0005685,GO:0008270,GO:0030627
BXY_0026100	GO:0003677,GO:0006260,GO:0006261,GO:0008622,GO:0042276
BXY_0026200	GO:0005515
BXY_0026400	GO:0005524,GO:0005886,GO:0016020,GO:0016887,GO:0042626,GO:0055085,GO:0140359
BXY_0026600	GO:0000139,GO:0006493,GO:0009101,GO:0016020,GO:0016757,GO:0016758
BXY_0026800	GO:0018364,GO:0030488,GO:0046982,GO:0070476
BXY_0027000	GO:0004029,GO:0005737,GO:0006081,GO:0016491
BXY_0027100	GO:0005789,GO:0006616,GO:0016020,GO:0045048
BXY_0027200	GO:0000139,GO:0003756,GO:0005615,GO:0006457,GO:0016971,GO:0016972
BXY_0027300	GO:0000981,GO:0003700,GO:0005634,GO:0006355,GO:0006357,GO:0030154,GO:0043565
BXY_0027400	GO:0042302
BXY_0027700	GO:0000070,GO:0000796,GO:0005634
BXY_0027800	GO:0004930,GO:0007186,GO:0016020
BXY_0027900	GO:0042302
BXY_0028000	GO:0000981,GO:0003700,GO:0005634,GO:0006355,GO:0006357,GO:0030154,GO:0043565
BXY_0028100	GO:0004672,GO:0004674,GO:0004675,GO:0005524,GO:0005886,GO:0006468,GO:0007178,GO:0016020,GO:0043235,GO:0071363
BXY_0028200	GO:0005783,GO:0005794,GO:0005886,GO:0016020
BXY_0028300	GO:0042302
BXY_0028400	GO:0042302
BXY_0028500	GO:0042302
BXY_0028600	GO:0042302
BXY_0028700	GO:0000049,GO:0000166,GO:0002161,GO:0004812,GO:0004822,GO:0005524,GO:0006418,GO:0006428
BXY_0028800	GO:0000445,GO:0006397
BXY_0029000	GO:0005509
BXY_0029100	GO:0003009,GO:0005515,GO:1901387,GO:1903078
BXY_0029200	GO:0005506,GO:0015671,GO:0016491,GO:0019825,GO:0020037
BXY_0029600	GO:0004672,GO:0004674,GO:0004697,GO:0005524,GO:0006468
BXY_0029900	GO:0005515,GO:0005739,GO:0019843,GO:0032543,GO:0043024
BXY_0030700	GO:0000417,GO:0000785,GO:0005634,GO:0006325,GO:0006338,GO:0006351,GO:0006355,GO:0031491
BXY_0030800	GO:0005515
BXY_0030900	GO:0005515,GO:0007156,GO:0007416,GO:0045202
BXY_0031000	GO:0006511,GO:0031593,GO:0034098,GO:0036503
BXY_0031200	GO:0003676,GO:0003723,GO:0004386,GO:0005524,GO:0005622,GO:0034458
BXY_0031300	GO:0005524,GO:0016301
BXY_0031600	GO:0003735,GO:0005840,GO:0006412,GO:0022625
BXY_0031700	GO:0003779,GO:0007015,GO:0015629,GO:0030027,GO:0034198,GO:0051015,GO:0140007,GO:1904262
BXY_0032300	GO:0046982
BXY_0032500	GO:0010508,GO:0032007,GO:0034198,GO:0038202,GO:1904262,GO:1990130
BXY_0032600	GO:0008277
BXY_0032900	GO:0005515
BXY_0033200	GO:0005515
BXY_0033300	GO:0005737
BXY_0033400	GO:0009055,GO:0020037
BXY_0033500	GO:0003735,GO:0005840,GO:0006412
BXY_0033600	GO:0005739,GO:0007178,GO:0045087
BXY_0034000	GO:0003700,GO:0005634,GO:0006355,GO:0008270,GO:0043565
BXY_0034100	GO:0005615,GO:0005737,GO:0006508,GO:0008237,GO:0008270,GO:0016020,GO:0042277,GO:0043171,GO:0070006
BXY_0034200	GO:0004516,GO:0005829,GO:0009435,GO:0034355
BXY_0034300	GO:0015078,GO:0015986
BXY_0034500	GO:0005789,GO:0030544,GO:0051085,GO:0071218
BXY_0034600	GO:0000380,GO:0000398,GO:0003676,GO:0003723,GO:0045292,GO:0071011
BXY_0034700	GO:0005743,GO:0032981
BXY_0034800	GO:0000776,GO:0004672,GO:0004674,GO:0004712,GO:0005524,GO:0005634,GO:0006468,GO:0007059,GO:0007094,GO:0018105,GO:0033316,GO:0034501
BXY_0034900	GO:0005886,GO:0006897,GO:0016020,GO:0018996,GO:0030659
BXY_0035100	GO:0004672,GO:0004674,GO:0005524,GO:0006468
BXY_0035200	GO:0042302
BXY_0035300	GO:0007160
BXY_0035400	GO:0003676,GO:0003723,GO:0003724,GO:0005524,GO:0005634,GO:0005829
BXY_0035500	GO:0003677,GO:0006272,GO:0006275,GO:0006298,GO:0019985,GO:0030337,GO:0043626
BXY_0035600	GO:0005515
BXY_0035700	GO:0005515
BXY_0035800	GO:0004672,GO:0005524,GO:0006468
BXY_0035900	GO:0000775
BXY_0036000	GO:0000045,GO:0000421,GO:0005515,GO:0034045,GO:0034274,GO:0043495
BXY_0036300	GO:0003824,GO:0005739,GO:0018773
BXY_0036400	GO:0003824,GO:0005739,GO:0018773
BXY_0036500	GO:0015149,GO:0015749,GO:0016020,GO:0022857,GO:0055085
BXY_0037200	GO:0005515
BXY_0037500	GO:0008446,GO:0019673,GO:0042351
BXY_0037700	GO:0005576
BXY_0037800	GO:0000281,GO:0005096,GO:0005634,GO:0007165,GO:0007266,GO:0030496,GO:0032154,GO:0051233,GO:0051256,GO:0097149
BXY_0038000	GO:0000493,GO:0005654,GO:0005737,GO:0051082
BXY_0038100	GO:0000338,GO:0006508,GO:0008234,GO:0019784
BXY_0038400	GO:0000281,GO:0005096,GO:0005634,GO:0007165,GO:0007266,GO:0030496,GO:0032154,GO:0051233,GO:0051256,GO:0097149
BXY_0038600	GO:0005856
BXY_0038700	GO:0007051,GO:0015631,GO:0030951,GO:0046785,GO:0051010,GO:0061863
BXY_0038900	GO:0004672,GO:0005524,GO:0005634,GO:0005737,GO:0006468,GO:0110031
BXY_0039100	GO:0070569
BXY_0039200	GO:0003735,GO:0005840,GO:0006412,GO:0015935
BXY_0039400	GO:0000776,GO:0005654,GO:0005737,GO:0007094
BXY_0039500	GO:0003779,GO:0003785,GO:0005737,GO:0005884,GO:0010591,GO:0010976,GO:0030016,GO:0030042,GO:0030837,GO:0042989,GO:0051015,GO:0051016
BXY_0039600	GO:0004222,GO:0004252,GO:0005509,GO:0005615,GO:0006508,GO:0008237,GO:0008270
BXY_0039700	GO:0006629
BXY_0039800	GO:0003700,GO:0006355,GO:0008270,GO:0043565
BXY_0040000	GO:0006629,GO:0016020,GO:0016491,GO:0016717
BXY_0040100	GO:0004222,GO:0006508,GO:0008237,GO:0008270
BXY_0040300	GO:0000454,GO:0001522,GO:0031429,GO:0034513,GO:0042254
BXY_0040400	GO:0005515
BXY_0040500	GO:0005847
BXY_0040700	GO:0005615
BXY_0041300	GO:0003779,GO:0005884,GO:0007015,GO:0030041
BXY_0041500	GO:0000786,GO:0003677,GO:0030527,GO:0046982
BXY_0041600	GO:0001510,GO:0002181,GO:0005737,GO:0008033,GO:0008168,GO:0008173,GO:0008175,GO:0030488,GO:0032259
BXY_0041900	GO:0005515,GO:0005737
BXY_0042000	GO:0003723,GO:0003743,GO:0006413
BXY_0042200	GO:0000978,GO:0000981,GO:0003677,GO:0006355,GO:0006357,GO:0048856
BXY_0042300	GO:0004672,GO:0005524,GO:0006468
BXY_0042600	GO:0008289
BXY_0042700	GO:0003713,GO:0005515,GO:0006338,GO:0006355,GO:0035097
BXY_0042800	GO:0007051,GO:0015631,GO:0030951,GO:0046785,GO:0051010,GO:0061863
BXY_0043200	GO:0005737,GO:0042030,GO:0051087
BXY_0043300	GO:0003676,GO:0003723,GO:0004842,GO:0016567,GO:0030014
BXY_0043400	GO:0000398,GO:0005681
BXY_0043500	GO:0000902,GO:0016477,GO:0030031,GO:0030866,GO:0031209,GO:0048812
BXY_0043600	GO:0005789,GO:0006488,GO:0016020,GO:0034203
BXY_0043700	GO:0003924,GO:0005525,GO:0006886
BXY_0044100	GO:0005509
BXY_0044200	GO:0005515,GO:0007281
BXY_0044900	GO:0006629,GO:0016020,GO:0016491,GO:0016717
BXY_0045000	GO:0000146,GO:0003774,GO:0005524,GO:0005737,GO:0007015,GO:0015629,GO:0016020,GO:0016459,GO:0051015
BXY_0045100	GO:0001678,GO:0004340,GO:0004396,GO:0005524,GO:0005536,GO:0005739,GO:0005829,GO:0005975,GO:0006006,GO:0006096,GO:0008865,GO:0046835,GO:0051156
BXY_0045500	GO:0004362,GO:0005739,GO:0005829,GO:0006749,GO:0016491,GO:0034599,GO:0045454,GO:0050660
BXY_0046500	GO:0004190,GO:0006508
BXY_0046900	GO:0003785,GO:0005634,GO:0030027,GO:0030425,GO:0030833,GO:0032433,GO:0048813,GO:0051015,GO:0051489
BXY_0047000	GO:0005777
BXY_0047100	GO:0003924,GO:0005525
BXY_0047300	GO:0005737
BXY_0047400	GO:0044255
BXY_0047700	GO:0005811,GO:0016616
BXY_0047800	GO:0003676,GO:0015074
BXY_0047900	GO:0003676,GO:0003723,GO:0003729,GO:0005634,GO:0048024
BXY_0048100	GO:0005737,GO:0006470,GO:0019888
BXY_0048300	GO:0005737,GO:0006470,GO:0019888
BXY_0049000	GO:0000123
BXY_0049100	GO:0005515
BXY_0049200	GO:0005515,GO:0016279,GO:0018023,GO:0018026
BXY_0049300	GO:0005515
BXY_0049400	GO:0005272,GO:0006814,GO:0016020
BXY_0049500	GO:0004930,GO:0004983,GO:0005886,GO:0007186,GO:0008188,GO:0016020,GO:0042923,GO:0043005
BXY_0049600	GO:0005886,GO:0016020,GO:0051180,GO:0055085,GO:0090482
BXY_0049700	GO:0005215,GO:0005524,GO:0005789,GO:0006874,GO:0015662,GO:0016020,GO:0016887,GO:0019829,GO:0055085,GO:0140358
BXY_0049900	GO:0004181,GO:0006508,GO:0008270,GO:0035609,GO:0035610
BXY_0050500	GO:0006103
BXY_0050600	GO:0005789,GO:0008654,GO:0010945,GO:0019915,GO:0034389
BXY_0050800	GO:0000978,GO:0000981,GO:0003677,GO:0006355,GO:0006357,GO:0045944
BXY_0051000	GO:0005216,GO:0005262,GO:0005515,GO:0005886,GO:0006811,GO:0016020,GO:0055085,GO:0098703
BXY_0051100	GO:0016020,GO:0022857,GO:0055085
BXY_0051200	GO:0016020,GO:0022857,GO:0055085
BXY_0051300	GO:0016020,GO:0022857,GO:0055085
BXY_0051400	GO:0008168,GO:0016279
BXY_0051500	GO:0009986
BXY_0051600	GO:0009986
BXY_0051700	GO:0009986
BXY_0051800	GO:0009986
BXY_0051900	GO:0009986
BXY_0052000	GO:0009986
BXY_0052200	GO:0004553,GO:0004568,GO:0005576,GO:0005975,GO:0006032,GO:0008061
BXY_0052300	GO:0005515
BXY_0052500	GO:0005744,GO:0008320,GO:0030150
BXY_0053200	GO:0000978,GO:0003700,GO:0006355,GO:0008270,GO:0043565
BXY_0053300	GO:0016020
BXY_0053400	GO:0016311,GO:0016791
BXY_0053600	GO:0006811,GO:0006884,GO:0008511,GO:0015377,GO:0015379,GO:0016020,GO:0022857,GO:0035725,GO:0055064,GO:0055075,GO:0055078,GO:0055085,GO:1902476,GO:1990573
BXY_0054000	GO:0003333,GO:0005774,GO:0015179,GO:0016020
BXY_0054300	GO:0004930,GO:0005886,GO:0007186,GO:0016020
BXY_0054500	GO:0030145,GO:0070006
BXY_0054600	GO:0000398,GO:0003676,GO:0003723,GO:0005634
BXY_0054700	GO:0000398,GO:0003676,GO:0003723,GO:0005634
BXY_0054800	GO:0003723,GO:0003725,GO:0003726,GO:0004000,GO:0005730,GO:0005737,GO:0006382,GO:0006396,GO:0008251
BXY_0055100	GO:0000014,GO:0000729,GO:0000793,GO:0003676,GO:0003690,GO:0003697,GO:0005634,GO:0006303,GO:0015074,GO:0031297,GO:0035861,GO:0042800,GO:0044547,GO:0044774,GO:0046975
BXY_0055200	GO:0004672,GO:0004707,GO:0005524,GO:0006468
BXY_0055300	GO:0016405
BXY_0055400	GO:0004930,GO:0004983,GO:0005886,GO:0007186,GO:0008188,GO:0016020,GO:0042923,GO:0043005
BXY_0055500	GO:0016020
BXY_0055600	GO:0005886,GO:0006811,GO:0006884,GO:0007268,GO:0015377,GO:0015379,GO:0016020,GO:0022857,GO:0055064,GO:0055075,GO:0055085,GO:1902476,GO:1990573
BXY_0055700	GO:0003676
BXY_0055800	GO:0004497,GO:0005506,GO:0016705,GO:0020037
BXY_0056000	GO:0030145,GO:0070006
BXY_0056100	GO:0055085
BXY_0056200	GO:0004888,GO:0005216,GO:0005230,GO:0006811,GO:0016020,GO:0034220
BXY_0056600	GO:0004144,GO:0005789,GO:0006629,GO:0008374,GO:0019432
BXY_0056800	GO:0016311,GO:0016791
BXY_0057600	GO:0003677
BXY_0057700	GO:0000977,GO:0000981,GO:0003677,GO:0006357
BXY_0058000	GO:0006508,GO:0008234
BXY_0058200	GO:0001676,GO:0004467,GO:0005324,GO:0005789,GO:0005886,GO:0015245,GO:0044539
BXY_0058500	GO:0005272,GO:0005886,GO:0006814,GO:0015280,GO:0016020,GO:0035725
BXY_0058600	GO:0005272,GO:0005886,GO:0006814,GO:0015280,GO:0016020,GO:0035725
BXY_0058700	GO:0005272,GO:0005886,GO:0006814,GO:0015280,GO:0016020,GO:0035725
BXY_0058800	GO:0005272,GO:0005886,GO:0006814,GO:0015280,GO:0016020,GO:0035725
BXY_0058900	GO:0004888,GO:0007606,GO:0016020
BXY_0059000	GO:0004888,GO:0007606,GO:0016020
BXY_0059100	GO:0005272,GO:0005886,GO:0006814,GO:0015280,GO:0016020,GO:0035725
BXY_0059300	GO:0007157,GO:0042803,GO:0043005,GO:0046982,GO:0048666,GO:0050839
BXY_0059500	GO:0004190,GO:0005764,GO:0006508,GO:0008219
BXY_0059700	GO:0003700,GO:0006355,GO:0007165
BXY_0059800	GO:0005085,GO:0005886,GO:0007264,GO:0007265
BXY_0060100	GO:0033179,GO:0033181,GO:0046961,GO:0055085,GO:1902600
BXY_0060200	GO:0004521,GO:0090304
BXY_0060300	GO:0002183,GO:0003743,GO:0005737,GO:0005852
BXY_0060500	GO:0000166,GO:0003723,GO:0004812,GO:0004831,GO:0005524,GO:0005739,GO:0005829,GO:0006418,GO:0006437,GO:0043039
BXY_0060600	GO:0000493,GO:0001522,GO:0003723,GO:0005732,GO:0042254
BXY_0060900	GO:0004222,GO:0005886,GO:0006508,GO:0008237,GO:0016485
BXY_0061000	GO:0005765,GO:0022857,GO:0055085
BXY_0061100	GO:0005886,GO:0015137,GO:0015141,GO:0015744,GO:0015746,GO:0016020,GO:0022857,GO:0055085
BXY_0061600	GO:0003712,GO:0005634,GO:0030018
BXY_0062000	GO:0004672,GO:0004674,GO:0005524,GO:0005737,GO:0006468,GO:0046777
BXY_0062400	GO:0000166,GO:0004812,GO:0004819,GO:0005524,GO:0005737,GO:0005829,GO:0006412,GO:0006418,GO:0006425,GO:0017101,GO:0043039
BXY_0062600	GO:0015144,GO:0016020,GO:0034219
BXY_0062800	GO:0016042,GO:0016298,GO:0016787
BXY_0062900	GO:0016042,GO:0016298,GO:0016787
BXY_0063000	GO:0022857,GO:0055085
BXY_0063100	GO:0016491
BXY_0063200	GO:0005829,GO:0006400,GO:0008479,GO:0101030
BXY_0063300	GO:0004352,GO:0005739,GO:0006520,GO:0006538,GO:0016491,GO:0016639
BXY_0063400	GO:0005634,GO:0006357
BXY_0063500	GO:0004181,GO:0005615,GO:0006508,GO:0006518,GO:0008270,GO:0016485
BXY_0063600	GO:0000139,GO:0005975,GO:0015018,GO:0016020,GO:0050650
BXY_0063700	GO:0006355,GO:0043565
BXY_0064000	GO:0000978,GO:0000981,GO:0005634,GO:0006357,GO:0046983
BXY_0064100	GO:0003824,GO:0004306,GO:0005737,GO:0006646,GO:0009058
BXY_0064300	GO:0004888,GO:0005216,GO:0005230,GO:0006811,GO:0016020,GO:0034220
BXY_0064400	GO:0005515,GO:0098887
BXY_0064500	GO:0004364,GO:0006749
BXY_0064600	GO:0001653,GO:0004016,GO:0004383,GO:0004672,GO:0005524,GO:0005886,GO:0006182,GO:0006468,GO:0007168,GO:0009190,GO:0016849,GO:0035556
BXY_0064700	GO:0005886,GO:0032217,GO:0032218
BXY_0065100	GO:0005247,GO:0005886,GO:0006821,GO:0015108,GO:0016020,GO:0055085
BXY_0065200	GO:0004348,GO:0006665,GO:0006680
BXY_0065300	GO:0000139,GO:0015165,GO:0016020,GO:0090481
BXY_0065400	GO:0007399,GO:0009897,GO:0038023,GO:0043235
BXY_0065500	GO:0009653
BXY_0065700	GO:0000166,GO:0005215,GO:0005524,GO:0005789,GO:0006874,GO:0015662,GO:0016020,GO:0016887,GO:0019829,GO:0055085,GO:0140358
BXY_0066000	GO:0004867
BXY_0066200	GO:0005886,GO:0032217,GO:0032218
BXY_0066300	GO:0008146,GO:0016020,GO:0047756,GO:0050650,GO:1902884
BXY_0066400	GO:0016020,GO:0022857,GO:0055085
BXY_0066500	GO:0005765
BXY_0067400	GO:0000166,GO:0005215,GO:0005388,GO:0005524,GO:0005886,GO:0006874,GO:0016020,GO:0016887,GO:0019829,GO:0043231,GO:0051480,GO:0070588
BXY_0067600	GO:0005315,GO:0006817,GO:0016020,GO:0035435
BXY_0067700	GO:0005125,GO:0005576,GO:0005615,GO:0008083
BXY_0068000	GO:0005254
BXY_0068400	GO:0006355,GO:0043565
BXY_0068500	GO:0004366,GO:0005783,GO:0008374,GO:0016746,GO:0019432
BXY_0068700	GO:0030833,GO:0031267
BXY_0068800	GO:0005829,GO:0008465,GO:0016616,GO:0016618,GO:0030267,GO:0051287
BXY_0069100	GO:0004029,GO:0005737,GO:0006081,GO:0016491
BXY_0069400	GO:0006508,GO:0008234
BXY_0069500	GO:0009986
BXY_0069600	GO:0000278,GO:0000922,GO:0005515,GO:0005516,GO:0007051,GO:0051295
BXY_0069800	GO:0006629,GO:0016788
BXY_0069900	GO:0003700,GO:0006355,GO:0008270,GO:0043565
BXY_0070000	GO:0003700,GO:0005634,GO:0006355,GO:0008270,GO:0043565
BXY_0070100	GO:0000122,GO:0000978,GO:0003700,GO:0004879,GO:0006355,GO:0008270,GO:0009755,GO:0030154,GO:0043565,GO:0045944
BXY_0070200	GO:0016491
BXY_0070400	GO:0032880,GO:0035869,GO:0060170,GO:0060271
BXY_0070500	GO:0005355
BXY_0070700	GO:0005737,GO:0016316
BXY_0070800	GO:0003723,GO:0005634,GO:0045892,GO:0046872
BXY_0070900	GO:0008270
BXY_0071100	GO:0009986
BXY_0071500	GO:0008023
BXY_0071600	GO:0005634,GO:0005783,GO:0006508,GO:0071567
BXY_0071700	GO:0005794,GO:0005829,GO:0008093,GO:0033365,GO:0034452,GO:0070507,GO:0070840,GO:0072393
BXY_0071800	GO:0004930,GO:0004995,GO:0005886,GO:0007186,GO:0016020
BXY_0071900	GO:0000976,GO:0000981,GO:0003700,GO:0006355,GO:0006357,GO:0043565
BXY_0072000	GO:0006355,GO:0043565
BXY_0072400	GO:0000122,GO:0000978,GO:0003700,GO:0004879,GO:0006355,GO:0008270,GO:0030154,GO:0043565,GO:0045944
BXY_0072500	GO:0016020
BXY_0072600	GO:0003924,GO:0005525
BXY_0072900	GO:0007600,GO:0045494
BXY_0073100	GO:0000139,GO:0009101,GO:0016020,GO:0016757,GO:0016758
BXY_0073400	GO:0004497,GO:0005506,GO:0005737,GO:0006082,GO:0006805,GO:0016705,GO:0016712,GO:0020037,GO:0043231
BXY_0073600	GO:0005254
BXY_0073800	GO:0005739,GO:0006631
BXY_0074300	GO:0005509,GO:0005886,GO:0007155,GO:0007156,GO:0016020
BXY_0074500	GO:0004930,GO:0007186,GO:0016020
BXY_0074600	GO:0004497,GO:0005506,GO:0005737,GO:0006082,GO:0006805,GO:0016705,GO:0016712,GO:0020037,GO:0043231
BXY_0074700	GO:0008194
BXY_0075000	GO:0003729,GO:0004521,GO:0005634,GO:0036464,GO:0090502
BXY_0075100	GO:0042302
BXY_0075200	GO:0004854,GO:0005506,GO:0016491,GO:0046872,GO:0050660,GO:0051536,GO:0051537,GO:0071949
BXY_0075300	GO:0004499,GO:0050660,GO:0050661
BXY_0075500	GO:0007606,GO:0016020
BXY_0075700	GO:0005515,GO:0005737
BXY_0075800	GO:0016491
BXY_0075900	GO:0000049,GO:0002098,GO:0005634,GO:0005737,GO:0008757,GO:0030488,GO:0106335
BXY_0076000	GO:0004190,GO:0005764,GO:0006508,GO:0008219
BXY_0076100	GO:0008146,GO:0016020,GO:0047756,GO:0050650,GO:1902884
BXY_0076200	GO:0003993,GO:0005515,GO:0016787,GO:0046872
BXY_0076300	GO:0004190,GO:0005764,GO:0006508,GO:0008219
BXY_0076500	GO:0004497,GO:0005506,GO:0005737,GO:0006082,GO:0006805,GO:0016705,GO:0016712,GO:0020037,GO:0043231
BXY_0076600	GO:0004497,GO:0005506,GO:0005737,GO:0006082,GO:0006805,GO:0016705,GO:0016712,GO:0020037,GO:0043231
BXY_0076900	GO:0004639,GO:0005829,GO:0006164,GO:0006189
BXY_0077000	GO:0017183,GO:0046872
BXY_0077200	GO:0003723,GO:0008033,GO:0017150,GO:0046872,GO:0050660
BXY_0077600	GO:0003735,GO:0005762
BXY_0078100	GO:0016311,GO:0016791
BXY_0078300	GO:0005654,GO:0005739,GO:0045296
BXY_0078700	GO:0005262,GO:0005886,GO:0007338,GO:0015279,GO:0016020,GO:0034703,GO:0051480,GO:0070588,GO:0070679
BXY_0078800	GO:0005515
BXY_0078900	GO:0005515,GO:0005737
BXY_0079000	GO:0000978,GO:0005515,GO:0010468,GO:0031490,GO:0044666,GO:0071557,GO:0071558
BXY_0079400	GO:0005524,GO:0005743,GO:0015421,GO:0016020,GO:0016887,GO:0055085,GO:0090374,GO:0140359
BXY_0079500	GO:0005524,GO:0005743,GO:0015421,GO:0016020,GO:0016887,GO:0055085,GO:0090374,GO:0140359
BXY_0079600	GO:0000122,GO:0000978,GO:0001228,GO:0005634,GO:0007420,GO:0030154,GO:0030182,GO:0045944
BXY_0079700	GO:0006402,GO:0030014
BXY_0079800	GO:0000398,GO:0046540
BXY_0080000	GO:0005886,GO:0007157,GO:0032991,GO:0045197
BXY_0080300	GO:0004722,GO:0005634,GO:0005737,GO:0016787
BXY_0080400	GO:0005829,GO:0006915,GO:0007165,GO:0008285,GO:0035329,GO:0042127,GO:0043065,GO:0060090
BXY_0080500	GO:0003400,GO:0005085,GO:0005515,GO:0005789,GO:0006888
BXY_0080600	GO:0006357,GO:0016538
BXY_0080700	GO:0005765,GO:0022857,GO:0055085
BXY_0080800	GO:0004089,GO:0005737,GO:0008270
BXY_0081200	GO:0004497,GO:0005506,GO:0005737,GO:0006082,GO:0006805,GO:0016705,GO:0016712,GO:0020037,GO:0043231
BXY_0081400	GO:0004497,GO:0005506,GO:0005737,GO:0006082,GO:0006805,GO:0016705,GO:0016712,GO:0020037,GO:0043231
BXY_0081800	GO:0000978,GO:0000981,GO:0005667,GO:0006355,GO:0006357,GO:0046983,GO:0090575
BXY_0082100	GO:0000139,GO:0004559,GO:0005975,GO:0006013,GO:0006491,GO:0006517,GO:0030246
BXY_0082200	GO:0005765,GO:0022857,GO:0055085
BXY_0082600	GO:0004672,GO:0004713,GO:0004714,GO:0005524,GO:0005886,GO:0006468,GO:0007169,GO:0007275,GO:0010976,GO:0033674,GO:0043235,GO:0051897
BXY_0082900	GO:0005886,GO:0030054,GO:0035332
BXY_0083400	GO:0005737,GO:0005747,GO:0006120
BXY_0083600	GO:0003712,GO:0006357,GO:0016592,GO:0070847
BXY_0083800	GO:0004190,GO:0005764,GO:0006508,GO:0008219
BXY_0084000	GO:0005243,GO:0005886,GO:0005921
BXY_0084100	GO:0005737,GO:0016491
BXY_0084500	GO:0008270
BXY_0084600	GO:0005886,GO:0016020,GO:0033211,GO:0038023
BXY_0084900	GO:0003712,GO:0006357,GO:0016592,GO:0070847
BXY_0085100	GO:0006623,GO:0007005,GO:0045053
BXY_0085200	GO:0006623,GO:0007005,GO:0045053
BXY_0085400	GO:0006623,GO:0007005,GO:0045053
BXY_0085600	GO:0006623,GO:0007005,GO:0045053
BXY_0085900	GO:0042302
BXY_0086000	GO:0004467,GO:0005783,GO:0006631,GO:0016020
BXY_0086200	GO:0005930,GO:0045504,GO:0097546
BXY_0086400	GO:0016020,GO:0043231
BXY_0086500	GO:0016020,GO:0022857,GO:0043231,GO:0055085
BXY_0086700	GO:0043139
BXY_0086800	GO:0005112,GO:0005509,GO:0007219
BXY_0087100	GO:0005366,GO:0015798,GO:0016020,GO:0016324,GO:0022857,GO:0055085
BXY_0087200	GO:0005366,GO:0015798,GO:0016020,GO:0016324,GO:0022857,GO:0055085
BXY_0087400	GO:0004672,GO:0005524,GO:0006468
BXY_0087500	GO:0004672,GO:0004713,GO:0005524,GO:0006468
BXY_0087800	GO:0016020,GO:0055085
BXY_0088000	GO:0005335,GO:0015842,GO:0022857,GO:0030672,GO:0043195,GO:0055085
BXY_0088100	GO:0008061
BXY_0088200	GO:0006820,GO:0016020,GO:0022857,GO:0055085
BXY_0088800	GO:0007606,GO:0016020
BXY_0088900	GO:0006508,GO:0008234
BXY_0089200	GO:0004386,GO:0005829,GO:0035194,GO:0043186
BXY_0089300	GO:0004386,GO:0005829,GO:0035194,GO:0043186
BXY_0089500	GO:0005765,GO:0022857,GO:0055085
BXY_0089600	GO:0005765,GO:0022857,GO:0055085
BXY_0089900	GO:0005335,GO:0015842,GO:0022857,GO:0030672,GO:0043195,GO:0055085
BXY_0090000	GO:0004735,GO:0055129
BXY_0090200	GO:0004190,GO:0005764,GO:0006508,GO:0008219
BXY_0090300	GO:0004190,GO:0006508
BXY_0090400	GO:0004190,GO:0005764,GO:0006508,GO:0008219
BXY_0090600	GO:0004190,GO:0005764,GO:0006508,GO:0008219
BXY_0090700	GO:0004190,GO:0006508
BXY_0090800	GO:0004190,GO:0005764,GO:0006508,GO:0008219
BXY_0090900	GO:0004190,GO:0005764,GO:0006508,GO:0008219
BXY_0091000	GO:0004190,GO:0005764,GO:0006508,GO:0008219
BXY_0091100	GO:0004190,GO:0005764,GO:0006508,GO:0008219
BXY_0091200	GO:0005765,GO:0022857,GO:0055085
BXY_0091600	GO:0005515,GO:0005737
BXY_0091700	GO:0005515
BXY_0091800	GO:0005515
BXY_0091900	GO:0005782,GO:0006637,GO:0009062,GO:0047617
BXY_0092000	GO:0005615,GO:0008289
BXY_0092100	GO:0000112,GO:0003677,GO:0003678,GO:0005524,GO:0005675,GO:0006289,GO:0006367,GO:0016787,GO:0043138,GO:0097550
BXY_0092700	GO:0004190,GO:0005764,GO:0006508,GO:0008219
BXY_0092800	GO:0004190,GO:0005764,GO:0006508,GO:0008219
BXY_0093000	GO:0003676
BXY_0094200	GO:0005201,GO:0005581
BXY_0094400	GO:0000271,GO:0016020,GO:0016747
BXY_0094500	GO:0005201,GO:0005581,GO:0005615,GO:0030020,GO:0030198,GO:0031012,GO:0062023
BXY_0094700	GO:0016616
BXY_0094800	GO:0003997,GO:0005504,GO:0005777,GO:0006631,GO:0006635,GO:0016627,GO:0033540,GO:0050660,GO:0055088,GO:0071949
BXY_0094900	GO:0003997,GO:0005504,GO:0005777,GO:0006631,GO:0006635,GO:0016627,GO:0033540,GO:0050660,GO:0055088,GO:0071949
BXY_0095000	GO:0005811,GO:0016616
BXY_0095100	GO:0016616
BXY_0095200	GO:0004672,GO:0005811,GO:0006468,GO:0016616
BXY_0095400	GO:0004672,GO:0004714,GO:0005524,GO:0005886,GO:0006468,GO:0007169,GO:0007275,GO:0010976,GO:0033674,GO:0043235,GO:0051897
BXY_0095700	GO:0005085,GO:0005737
BXY_0095800	GO:0005085,GO:0005737
BXY_0096000	GO:0005515,GO:0005886,GO:0043235
BXY_0096700	GO:0008202,GO:0016491
BXY_0096800	GO:0008202,GO:0016491
BXY_0096900	GO:0042302
BXY_0097000	GO:0042302
BXY_0097100	GO:0042302
BXY_0097300	GO:0042302
BXY_0097600	GO:0042302
BXY_0097800	GO:0005509
BXY_0097900	GO:0042302
BXY_0098100	GO:0005886,GO:0006810,GO:0010960,GO:0022857
BXY_0098200	GO:0005886,GO:0006810,GO:0010960,GO:0022857
BXY_0098500	GO:0009986
BXY_0098600	GO:0009986
BXY_0098700	GO:0009986
BXY_0098800	GO:0005886
BXY_0098900	GO:0016020,GO:0022857,GO:0055085
BXY_0099100	GO:0042302
BXY_0099200	GO:0001653,GO:0004016,GO:0004383,GO:0004672,GO:0005524,GO:0005886,GO:0006182,GO:0006468,GO:0007168,GO:0009190,GO:0035556
BXY_0100100	GO:0003824,GO:0003920,GO:0009117,GO:0016491,GO:1902560
BXY_0100300	GO:0019825,GO:0020037
BXY_0100500	GO:0004930,GO:0004983,GO:0005886,GO:0007186,GO:0008188,GO:0016020,GO:0042923,GO:0043005
BXY_0100700	GO:0016538,GO:0044772
BXY_0100800	GO:0004252,GO:0004672,GO:0005524,GO:0005829,GO:0006468,GO:0006508,GO:0008478,GO:0009443
BXY_0100900	GO:0004672,GO:0005524,GO:0005634,GO:0005737,GO:0006468
BXY_0101000	GO:0004197,GO:0006508,GO:0006624,GO:0008233,GO:0051603
BXY_0101500	GO:0007606,GO:0016020
BXY_0101800	GO:0004672,GO:0004674,GO:0005524,GO:0005737,GO:0006468
BXY_0102000	GO:0005975,GO:0016810
BXY_0102200	GO:0003729,GO:0006397,GO:0035145
BXY_0102300	GO:0003755,GO:0005515,GO:0005634,GO:0005829
BXY_0102600	GO:0005886,GO:0006897,GO:0016020,GO:0018996,GO:0030659
BXY_0102800	GO:0005751,GO:0006123,GO:0045277
BXY_0102900	GO:0006508,GO:0008239,GO:0070008
BXY_0103000	GO:0006508,GO:0008239,GO:0070008
BXY_0103100	GO:0006508,GO:0008239,GO:0070008
BXY_0103400	GO:0008080,GO:0016747
BXY_0103600	GO:0006508,GO:0008239,GO:0070008
BXY_0103800	GO:0004722,GO:0005634,GO:0005737,GO:0016787
BXY_0104200	GO:0016020,GO:0022857,GO:0055085
BXY_0104400	GO:0016405
BXY_0104500	GO:0016405
BXY_0104600	GO:0016405
BXY_0104700	GO:0016405
BXY_0104800	GO:0004672,GO:0005524,GO:0006468
BXY_0105000	GO:0016020,GO:0055085
BXY_0105100	GO:0001664,GO:0003924,GO:0005737,GO:0005834,GO:0007165,GO:0007186,GO:0007188,GO:0019001,GO:0031683
BXY_0105200	GO:0005615,GO:0062023
BXY_0105300	GO:0004725,GO:0006470
BXY_0105400	GO:0000281,GO:0005930,GO:0007052,GO:0043014,GO:0060285,GO:0072686
BXY_0105500	GO:0005515
BXY_0105600	GO:0005802
BXY_0105700	GO:0005886
BXY_0105800	GO:0003924,GO:0005200,GO:0005525,GO:0005874,GO:0007017
BXY_0106000	GO:0016301
BXY_0106200	GO:0004930,GO:0007186,GO:0016020
BXY_0106500	GO:0004930,GO:0007186,GO:0016020
BXY_0106600	GO:0004930,GO:0007186,GO:0016020
BXY_0106700	GO:0004930,GO:0007186,GO:0016020
BXY_0106800	GO:0004930,GO:0007186,GO:0016020
BXY_0106900	GO:0004888,GO:0005216,GO:0005230,GO:0006811,GO:0016020,GO:0034220
BXY_0107100	GO:0005634,GO:0005737,GO:0008420,GO:0043175,GO:0070940
BXY_0107200	GO:0003743,GO:0005737,GO:0005852,GO:0006413
BXY_0107300	GO:0000175,GO:0003824,GO:0005515
BXY_0107400	GO:0004672,GO:0004674,GO:0005524,GO:0005634,GO:0005737,GO:0005829,GO:0006468,GO:0035556,GO:0045719
BXY_0107500	GO:0004190,GO:0006508
BXY_0107900	GO:0006508,GO:0008234
BXY_0108300	GO:0003676,GO:0003723,GO:0005515
BXY_0108400	GO:0016020,GO:0022857,GO:0055085
BXY_0108800	GO:0003676,GO:0015074
BXY_0109000	GO:0000796,GO:0003682,GO:0005634,GO:0010032,GO:0030261,GO:0051306
BXY_0109500	GO:0005634
BXY_0109600	GO:0016787
BXY_0109700	GO:0016020,GO:0051184
BXY_0109800	GO:0005634,GO:0006368,GO:0016593,GO:0032968,GO:1990269
BXY_0109900	GO:0003676,GO:0003723,GO:0005515
BXY_0110000	GO:0042302
BXY_0110100	GO:0005739,GO:0006631,GO:0016491
BXY_0110200	GO:0008168,GO:0008757
BXY_0110300	GO:0000166,GO:0004812,GO:0004825,GO:0005524,GO:0006418,GO:0006431
BXY_0110600	GO:0004521,GO:0006508,GO:0008234
BXY_0110800	GO:0004497,GO:0005506,GO:0005737,GO:0006082,GO:0006805,GO:0016705,GO:0016712,GO:0020037,GO:0043231
BXY_0110900	GO:0004497,GO:0005506,GO:0005737,GO:0006082,GO:0006805,GO:0016705,GO:0016712,GO:0020037,GO:0043231
BXY_0111200	GO:0004222,GO:0006508,GO:0008237,GO:0008270
BXY_0111400	GO:0000122,GO:0000978,GO:0000981,GO:0003700,GO:0005634,GO:0006355,GO:0006357,GO:0008270,GO:0043565,GO:0045165,GO:0045944
BXY_0111600	GO:0004497,GO:0005506,GO:0005737,GO:0006082,GO:0006805,GO:0016705,GO:0016712,GO:0020037,GO:0043231
BXY_0111700	GO:0004497,GO:0005506,GO:0005737,GO:0006082,GO:0006805,GO:0016705,GO:0016712,GO:0020037,GO:0043231
BXY_0111800	GO:0004497,GO:0005506,GO:0005737,GO:0006082,GO:0006805,GO:0016705,GO:0016712,GO:0020037,GO:0043231
BXY_0112000	GO:0006629
BXY_0112400	GO:0000978,GO:0000981,GO:0006357
BXY_0112700	GO:0006508,GO:0008239,GO:0070008
BXY_0112900	GO:0008194
BXY_0113000	GO:0000159,GO:0005515,GO:0019888
BXY_0113100	GO:0005524,GO:0005634,GO:0006283,GO:0008094
BXY_0113200	GO:0007165
BXY_0113300	GO:0000014,GO:0000729,GO:0000793,GO:0003690,GO:0003697,GO:0005634,GO:0006303,GO:0015074,GO:0031297,GO:0035861,GO:0042800,GO:0044547,GO:0044774,GO:0046975
BXY_0113600	GO:0005634,GO:0008168,GO:0052907,GO:0070475
BXY_0113700	GO:0000398,GO:0003676,GO:0003723,GO:0003730,GO:0071013
BXY_0114600	GO:0005886,GO:0006833,GO:0015250,GO:0015254,GO:0015793,GO:0016323
BXY_0114700	GO:0004725,GO:0005634,GO:0030154,GO:0045739,GO:0048856,GO:2001240
BXY_0114800	GO:0005886,GO:0006833,GO:0015250,GO:0015254,GO:0015267,GO:0015793,GO:0016020,GO:0016323,GO:0055085
BXY_0115000	GO:0003677,GO:0005634,GO:0006260,GO:0006281,GO:0006310
BXY_0115100	GO:0006888,GO:0016192,GO:0030008
BXY_0115400	GO:0004180
BXY_0115500	GO:0006891,GO:0017119
BXY_0115600	GO:0003676,GO:0003724,GO:0005524,GO:0005829
BXY_0115800	GO:0004930,GO:0005886,GO:0007186,GO:0016020,GO:0042277,GO:0043005
BXY_0115900	GO:0003700,GO:0006355,GO:0008270,GO:0043565
BXY_0116100	GO:0042302
BXY_0116300	GO:0004672,GO:0004674,GO:0005524,GO:0006468,GO:0007165
BXY_0116400	GO:0000978,GO:0000981,GO:0003677,GO:0003700,GO:0006355,GO:0006357
BXY_0116500	GO:0015149,GO:0015749,GO:0016020,GO:0022857,GO:0055085
BXY_0116600	GO:0005515
BXY_0116700	GO:0000978,GO:0000981,GO:0003677,GO:0006355,GO:0006357,GO:0048856
BXY_0116800	GO:0004658,GO:0005739,GO:0016874
BXY_0116900	GO:0016787
BXY_0117200	GO:0003723,GO:0003729,GO:0003730,GO:0005634,GO:0005737,GO:0010608
BXY_0117600	GO:0004190,GO:0005764,GO:0006508,GO:0008219
BXY_0117700	GO:0004190,GO:0005764,GO:0006508,GO:0008219
BXY_0117800	GO:0004190,GO:0005764,GO:0006508,GO:0008219
BXY_0117900	GO:0004190,GO:0005764,GO:0006508,GO:0008219
BXY_0118200	GO:0004190,GO:0005764,GO:0006508,GO:0008219
BXY_0118300	GO:0004190,GO:0005764,GO:0006508,GO:0008219
BXY_0118400	GO:0004190,GO:0006508
BXY_0118500	GO:0003729,GO:0046872
BXY_0118600	GO:0005886,GO:0016020
BXY_0118700	GO:0005515,GO:0005634,GO:0006334,GO:0006335,GO:0033186
BXY_0118800	GO:0106370
BXY_0119000	GO:0004497,GO:0005506,GO:0008395,GO:0016705,GO:0020037
BXY_0119300	GO:0016491
BXY_0120600	GO:0005886,GO:0016020
BXY_0120800	GO:0005515,GO:0005829,GO:0045048,GO:0071818
BXY_0121000	GO:0003676,GO:0003723
BXY_0121200	GO:0006888,GO:0006890,GO:0030126,GO:0051645
BXY_0121600	GO:0051287
BXY_0121800	GO:0004888,GO:0007606,GO:0016020
BXY_0121900	GO:0004888,GO:0007606,GO:0016020
BXY_0122200	GO:0005829,GO:0008465,GO:0016616,GO:0016618,GO:0030267,GO:0051287
BXY_0122700	GO:0005509,GO:0008048
BXY_0122900	GO:0006888,GO:0090158
BXY_0123100	GO:0008460,GO:0009225
BXY_0123200	GO:0016042,GO:0016298,GO:0016787
BXY_0123300	GO:0001591,GO:0004930,GO:0005886,GO:0007186,GO:0016020
BXY_0123500	GO:0016491
BXY_0124100	GO:0003676,GO:0005515
BXY_0124700	GO:0004930,GO:0007186,GO:0016020
BXY_0125200	GO:0001653,GO:0004016,GO:0004383,GO:0004672,GO:0005524,GO:0005886,GO:0006182,GO:0006468,GO:0007168,GO:0009190,GO:0035556
BXY_0125600	GO:0005515
BXY_0125700	GO:0005515,GO:0005634,GO:0042254
BXY_0125800	GO:0000387,GO:0032797
BXY_0126100	GO:0016020
BXY_0126300	GO:0004672,GO:0004674,GO:0004693,GO:0005524,GO:0005634,GO:0005675,GO:0005737,GO:0006468,GO:0008353,GO:0045944,GO:0070816,GO:0070985
BXY_0126400	GO:0003676,GO:0003724,GO:0005524,GO:0005829
BXY_0126500	GO:0000166,GO:0004812,GO:0004829,GO:0005524,GO:0005739,GO:0006418,GO:0006435
BXY_0126800	GO:0000776,GO:0004672,GO:0004674,GO:0004712,GO:0005524,GO:0005634,GO:0006468,GO:0007059,GO:0007094,GO:0018105,GO:0033316,GO:0034501
BXY_0126900	GO:0005515,GO:0005680,GO:0005737,GO:0016567,GO:0031145,GO:0045842,GO:0051301
BXY_0127100	GO:0000978,GO:0000981,GO:0003677,GO:0003700,GO:0006355,GO:0006357
BXY_0127300	GO:0000387,GO:0003723,GO:0005681,GO:0006396
BXY_0127400	GO:0003677,GO:0003697,GO:0003824,GO:0004518,GO:0004519,GO:0004520,GO:0005634,GO:0006289,GO:0016788
BXY_0127600	GO:0003676,GO:0003723,GO:0005634,GO:0046872
BXY_0127700	GO:0006820,GO:0016020,GO:0022857,GO:0055085
BXY_0127800	GO:0005085,GO:0005737,GO:0005764,GO:0043066,GO:0071230,GO:0071986,GO:1904263
BXY_0127900	GO:0004577,GO:0006488,GO:0043541
BXY_0128100	GO:0005515,GO:0005634,GO:0005737,GO:0007165,GO:0019901,GO:0031588
BXY_0128200	GO:0003676,GO:0004809,GO:0005737,GO:0008168,GO:0032259
BXY_0128300	GO:0003723,GO:0005049,GO:0005634,GO:0005737,GO:0006405,GO:0006611,GO:0042565
BXY_0128400	GO:0003677,GO:0046983
BXY_0128600	GO:0016020
BXY_0128800	GO:0004576,GO:0004579,GO:0009101,GO:0016020,GO:0018279,GO:0043687
BXY_0128900	GO:0004672,GO:0004713,GO:0004714,GO:0005518,GO:0005524,GO:0005886,GO:0006468,GO:0007169,GO:0007275,GO:0010976,GO:0033674,GO:0038062,GO:0043235,GO:0051897
BXY_0129100	GO:0005747,GO:0006120,GO:0008137,GO:0010181,GO:0051287,GO:0051539
BXY_0129200	GO:0000159,GO:0005515,GO:0005634,GO:0005737,GO:0005829,GO:0006470,GO:0019888
BXY_0129300	GO:0004497,GO:0005506,GO:0005737,GO:0006082,GO:0006805,GO:0008395,GO:0016705,GO:0016712,GO:0020037,GO:0043231
BXY_0129500	GO:0004672,GO:0005524,GO:0006468
BXY_0129600	GO:0030246
BXY_0129700	GO:0005515,GO:0005737,GO:0051879,GO:0061077
BXY_0129900	GO:0016020
BXY_0130000	GO:0005216,GO:0005272,GO:0005886,GO:0006811,GO:0006814,GO:0015280,GO:0016020,GO:0035725
BXY_0130100	GO:0004124,GO:0006535
BXY_0130300	GO:0005515
BXY_0130400	GO:0000027,GO:0003735,GO:0005840,GO:0006412,GO:0008097,GO:0022625
BXY_0130500	GO:0003723,GO:0003735,GO:0005840,GO:0006412,GO:0022625
BXY_0130700	GO:0004222,GO:0005886,GO:0006508,GO:0006509,GO:0007219,GO:0008237
BXY_0130800	GO:0003735,GO:0005840,GO:0006412
BXY_0130900	GO:0000727,GO:0003677,GO:0003697,GO:0005524,GO:0005634,GO:0006260,GO:0006270,GO:0006271,GO:0017116,GO:0042555,GO:1902975
BXY_0131100	GO:0000398,GO:0005634,GO:0005681
BXY_0131300	GO:0005085,GO:0005515,GO:0005737
BXY_0131400	GO:0003676,GO:0003724,GO:0005524
BXY_0131500	GO:0000974,GO:0071013,GO:0071014
BXY_0131700	GO:0000049,GO:0005634,GO:0005654,GO:0005739,GO:0009019,GO:0070131,GO:0097745
BXY_0131800	GO:0003723,GO:0005655,GO:0008033
BXY_0131900	GO:0005484,GO:0006886,GO:0016020
BXY_0132000	GO:0007219,GO:0036066,GO:0046922
BXY_0132200	GO:0016192
BXY_0132400	GO:0005515,GO:0005737,GO:0030488
BXY_0132500	GO:0005737,GO:0005911,GO:0005925,GO:0045216,GO:0098609,GO:1900026,GO:2001046
BXY_0132600	GO:0004672,GO:0004713,GO:0005515,GO:0005524,GO:0006468
BXY_0132700	GO:0007131,GO:0035861
BXY_0132800	GO:0000938,GO:0006896,GO:0007041,GO:0019905,GO:0032456,GO:0042147
BXY_0132900	GO:0032039,GO:0034474
BXY_0133000	GO:0005515
BXY_0133300	GO:0005516,GO:0006813,GO:0015269,GO:0016020,GO:0016286
BXY_0133400	GO:0003735,GO:0005840,GO:0006412,GO:0022625,GO:0070180
BXY_0133500	GO:0005524,GO:0005858,GO:0007018,GO:0008569,GO:0030286,GO:0045505,GO:0051959
BXY_0133700	GO:0000226,GO:0005813,GO:0005868,GO:0007018,GO:0045504
BXY_0133800	GO:0006400,GO:0008176,GO:0030488,GO:0036265,GO:0043527
BXY_0133900	GO:0008254,GO:0012505
BXY_0134100	GO:0003735,GO:0005762,GO:0005840,GO:0006412
BXY_0134200	GO:0005783,GO:0005789,GO:0015035,GO:0016972,GO:0034975,GO:0071949
BXY_0134400	GO:0005747,GO:0008137,GO:0016651
BXY_0134700	GO:0003755,GO:0005509
BXY_0134800	GO:0005515
BXY_0134900	GO:0004616,GO:0006098,GO:0050661
BXY_0135000	GO:0003924,GO:0005525
BXY_0135100	GO:0006629
BXY_0135200	GO:0004750,GO:0005975,GO:0006098,GO:0016857
BXY_0135300	GO:0003924,GO:0005525
BXY_0135400	GO:0005044,GO:0005515,GO:0007157
BXY_0135500	GO:0001682,GO:0030677,GO:0033204
BXY_0135600	GO:0000166,GO:0004812,GO:0004816,GO:0005524,GO:0005739,GO:0006418,GO:0006421
BXY_0135700	GO:0009887,GO:0009888
BXY_0135900	GO:0005515
BXY_0136000	GO:0003743,GO:0006413
BXY_0136200	GO:0000978,GO:0000981,GO:0003677,GO:0003700,GO:0005667,GO:0006355,GO:0006357,GO:0008134
BXY_0136400	GO:0000224,GO:0005634,GO:0005737,GO:0005829,GO:0006516,GO:0006517
BXY_0136600	GO:0005515
BXY_0136800	GO:0004672,GO:0004674,GO:0005524,GO:0005737,GO:0006468
BXY_0136900	GO:0005085,GO:0005737
BXY_0137000	GO:0000408,GO:0002949,GO:0005737
BXY_0137100	GO:0005829,GO:0047134
BXY_0137200	GO:0005524,GO:0006298,GO:0016887,GO:0030983,GO:0032300,GO:0032389,GO:0140664
BXY_0137300	GO:0005634,GO:0006338,GO:0031011
BXY_0137400	GO:0000149,GO:0005484,GO:0006886,GO:0006906,GO:0008021,GO:0012505,GO:0016020,GO:0016192,GO:0031201,GO:0048278
BXY_0137500	GO:0000290,GO:0000340,GO:0000932,GO:0005634,GO:0016787,GO:0050072
BXY_0137800	GO:0005886
BXY_0137900	GO:0000462,GO:0003723,GO:0005515,GO:0030686,GO:0032040,GO:0034455
BXY_0138000	GO:0005515,GO:0007155,GO:0045296
BXY_0138100	GO:0005515
BXY_0138200	GO:0005515,GO:0005669,GO:0006367,GO:0016251
BXY_0138300	GO:0016020,GO:0022857,GO:0055085
BXY_0138500	GO:0005737,GO:0006457,GO:0016272,GO:0044183,GO:0051082
BXY_0138600	GO:0005758
BXY_0138700	GO:0005515,GO:0005794,GO:0016020,GO:0030140,GO:0043004,GO:0044325,GO:2000009
BXY_0138900	GO:0000978,GO:0000981,GO:0003677,GO:0005634,GO:0006355,GO:0006357,GO:0048468
BXY_0139100	GO:0005085,GO:0035023
BXY_0139200	GO:0005789,GO:0007029,GO:0016192
BXY_0139400	GO:0000828,GO:0005634,GO:0005737,GO:0016301,GO:0032958,GO:0046854
BXY_0139500	GO:0008270
BXY_0139600	GO:0006511,GO:0031625
BXY_0139700	GO:0006820,GO:0016020,GO:0022857,GO:0055085
BXY_0139900	GO:0003735,GO:0005840,GO:0006412
BXY_0140000	GO:0005515,GO:0007165
BXY_0140200	GO:0016020
BXY_0140300	GO:0008270
BXY_0140400	GO:0005243,GO:0005886,GO:0005921
BXY_0140500	GO:0005243,GO:0005886,GO:0005921
BXY_0140600	GO:0005243,GO:0005886,GO:0005921
BXY_0140800	GO:0043022
BXY_0140900	GO:0005198,GO:0005515,GO:0006886,GO:0006888,GO:0006890,GO:0006891,GO:0016192,GO:0030117,GO:0030126
BXY_0141000	GO:0006506,GO:0016787
BXY_0141300	GO:0004222,GO:0006508,GO:0030198,GO:0031012
BXY_0141400	GO:0005814,GO:0005856,GO:0005879,GO:0008017,GO:0036064,GO:0036126
BXY_0141800	GO:0000398,GO:0000932,GO:0003723,GO:0005688,GO:0005730,GO:0005732,GO:0030490,GO:0046540
BXY_0142100	GO:0005787,GO:0006465,GO:0016020,GO:0045047
BXY_0142200	GO:0003697,GO:0004176,GO:0004252,GO:0005524,GO:0005759,GO:0006508,GO:0006515,GO:0007005,GO:0016887,GO:0030163,GO:0051131
BXY_0142400	GO:0005747
BXY_0142500	GO:0005515
BXY_0142700	GO:0001664,GO:0003924,GO:0005525,GO:0005737,GO:0005834,GO:0007165,GO:0007186,GO:0007188,GO:0007191,GO:0007606,GO:0019001,GO:0031683
BXY_0143100	GO:0007033,GO:0016197,GO:0016887
BXY_0143200	GO:0004930,GO:0007186,GO:0016020
BXY_0143300	GO:0005524,GO:0007033,GO:0016197,GO:0016887
BXY_0143400	GO:0005515
BXY_0143500	GO:0005737,GO:0015038,GO:0034599
BXY_0143600	GO:0005762
BXY_0143700	GO:0004888,GO:0005216,GO:0005230,GO:0006811,GO:0016020,GO:0022848,GO:0034220,GO:0045211
BXY_0143800	GO:0004888,GO:0005216,GO:0005230,GO:0006811,GO:0016020,GO:0022848,GO:0034220,GO:0045211
BXY_0143900	GO:0004888,GO:0005216,GO:0005230,GO:0006811,GO:0016020,GO:0022848,GO:0034220,GO:0045211
BXY_0144000	GO:0007224,GO:0016020,GO:0022857
BXY_0144100	GO:0003735,GO:0005840,GO:0006412
BXY_0144200	GO:0005739,GO:0005747
BXY_0144300	GO:0005515,GO:0006401,GO:0034427,GO:0055087
BXY_0144500	GO:0005839,GO:0006511,GO:0019773,GO:0030163
BXY_0144600	GO:0005484,GO:0005783,GO:0006890,GO:0031201
BXY_0144800	GO:0005737,GO:0006470,GO:0016311
BXY_0144900	GO:0000124,GO:0003713,GO:0006406,GO:0045893
BXY_0145000	GO:0000149,GO:0032456,GO:0042147,GO:1990745
BXY_0145200	GO:0003779,GO:0005198,GO:0005856,GO:0005886,GO:0031032
BXY_0145300	GO:0005484,GO:0005783,GO:0006890,GO:0031201
BXY_0145700	GO:0005515,GO:0005737,GO:0005886,GO:0007268,GO:0043197
BXY_0146000	GO:0003824
BXY_0146100	GO:0005643,GO:0017056
BXY_0146200	GO:0000724,GO:0006281,GO:0008821,GO:0017108,GO:0033557
BXY_0146400	GO:0000028,GO:0006364,GO:0032545,GO:0034456
BXY_0146500	GO:0005737
BXY_0146600	GO:0000398,GO:0003676,GO:0003723,GO:0005684,GO:0005686
BXY_0146700	GO:0005759,GO:0106035
BXY_0146800	GO:0004348,GO:0004553,GO:0005975,GO:0006680,GO:0008422,GO:0016020
BXY_0146900	GO:0005794,GO:0006886,GO:0016192,GO:0030117,GO:0030121
BXY_0147400	GO:0000062,GO:0003995,GO:0004361,GO:0005743,GO:0016627,GO:0033539,GO:0046949,GO:0050660
BXY_0147500	GO:0035869,GO:0036038,GO:0060271
BXY_0147600	GO:0000062,GO:0004361,GO:0005743,GO:0016627,GO:0033539,GO:0046949,GO:0050660
BXY_0147800	GO:0016020
BXY_0148000	GO:0004866,GO:0005576,GO:0005615
BXY_0148100	GO:0022857,GO:0034220,GO:1902495
BXY_0148200	GO:0001755,GO:0005515,GO:0005886,GO:0007411,GO:0030215,GO:0030335,GO:0045499,GO:0050919,GO:0071526
BXY_0148300	GO:0004070,GO:0004088,GO:0004151,GO:0005524,GO:0005737,GO:0005829,GO:0006207,GO:0006228,GO:0006520,GO:0006541,GO:0006807,GO:0016597,GO:0016743,GO:0016787,GO:0016810,GO:0016812,GO:0019240,GO:0046872
BXY_0148400	GO:0005515
BXY_0148500	GO:0004553,GO:0005975,GO:0015929
BXY_0148600	GO:0006891,GO:0034498,GO:0048193,GO:1990071
BXY_0148700	GO:0006886,GO:0006896,GO:0015031,GO:0016192,GO:0030117,GO:0030123
BXY_0148800	GO:0000828,GO:0000829,GO:0005829,GO:0006020,GO:0032958,GO:0033857
BXY_0148900	GO:0005507,GO:0005743
BXY_0149000	GO:0004128,GO:0005737,GO:0005783,GO:0006801,GO:0016491,GO:0020037
BXY_0149100	GO:0004672,GO:0004709,GO:0005524,GO:0006468,GO:0006955,GO:0007254,GO:0043123
BXY_0149200	GO:0005737,GO:0005868,GO:0007018,GO:0045505
BXY_0149300	GO:0005680,GO:0031145,GO:0070979
BXY_0149400	GO:0005747,GO:0006120
BXY_0149500	GO:0042407,GO:0061617
BXY_0149600	GO:0000166,GO:0004812,GO:0004827,GO:0005524,GO:0005737,GO:0006418,GO:0006433,GO:0017101
BXY_0149800	GO:0000723,GO:0003677,GO:0003684,GO:0003690,GO:0005634,GO:0006303,GO:0042162,GO:0043564
BXY_0150500	GO:0005886,GO:0007009,GO:0016020,GO:0055088,GO:0055091,GO:0071709,GO:0097035
BXY_0150900	GO:0000786,GO:0003677,GO:0030527,GO:0046982
BXY_0151000	GO:0004672,GO:0004674,GO:0005524,GO:0006468
BXY_0151200	GO:0005515
BXY_0151400	GO:0007155,GO:0007266,GO:0045296,GO:0051015
BXY_0151500	GO:0030515,GO:0031428,GO:0032040
BXY_0151600	GO:0000076,GO:0000278,GO:0003677,GO:0005634,GO:0030174,GO:0070182,GO:0071163
BXY_0151700	GO:0004672,GO:0005524,GO:0006468
BXY_0152000	GO:0007160
BXY_0152500	GO:0004843,GO:0005634,GO:0005737,GO:0035871,GO:0070530,GO:0070536,GO:0071108,GO:0071947
BXY_0152900	GO:0005635,GO:0006810,GO:0022857,GO:0055085
BXY_0153100	GO:0003924,GO:0005525
BXY_0153500	GO:0000122,GO:0000978,GO:0003700,GO:0004879,GO:0006355,GO:0008270,GO:0009755,GO:0030154,GO:0043565,GO:0045944
BXY_0153600	GO:0005515,GO:0005886,GO:0016525,GO:0045454,GO:2000114
BXY_0153900	GO:0004888,GO:0005216,GO:0005230,GO:0006811,GO:0016020,GO:0022848,GO:0034220,GO:0045211
BXY_0154000	GO:0003723,GO:0003735,GO:0005840,GO:0006412,GO:0022625,GO:0042273
BXY_0154100	GO:0003924,GO:0005246,GO:0005525,GO:0005886
BXY_0154200	GO:0005524,GO:0005634,GO:0016887
BXY_0154400	GO:0005216,GO:0005261,GO:0005886,GO:0006811,GO:0016020,GO:0030001,GO:0055085,GO:0098655
BXY_0154500	GO:0005509,GO:0016460
BXY_0154700	GO:0005743,GO:0030150,GO:0051087
BXY_0154800	GO:0005886,GO:0016477,GO:0030027,GO:0034315
BXY_0155000	GO:0016409
BXY_0155100	GO:0000213,GO:0003676,GO:0004519,GO:0005737,GO:0006388,GO:0008033
BXY_0155200	GO:0000398,GO:0005686,GO:0071011
BXY_0155400	GO:0005942,GO:0008286,GO:0043551,GO:0046854,GO:0046935
BXY_0155600	GO:0005515,GO:0007015,GO:0015629,GO:0051015
BXY_0156000	GO:0004788,GO:0005524,GO:0006772,GO:0009229,GO:0030975
BXY_0156100	GO:0019185,GO:0042795,GO:0042796,GO:0043565
BXY_0156200	GO:0005524,GO:0005759,GO:0006457,GO:0016887,GO:0051082,GO:0051603,GO:0140662
BXY_0156300	GO:0005794
BXY_0156400	GO:0000993,GO:0003729,GO:0005737,GO:0005849,GO:0006369,GO:0031124
BXY_0156600	GO:0000448,GO:0005634,GO:0006396,GO:0051731
BXY_0156700	GO:0005515,GO:0007064
BXY_0156900	GO:0015232,GO:0016020,GO:0020037,GO:0022857,GO:0051184,GO:0055085,GO:0097037
BXY_0157000	GO:0005515
BXY_0157100	GO:0003723,GO:0005681,GO:0048024
BXY_0157200	GO:0000225,GO:0005783,GO:0016811
BXY_0157300	GO:0005829,GO:0006777,GO:0030366,GO:1990140
BXY_0157400	GO:0005515
BXY_0157500	GO:0000166,GO:0002161,GO:0003676,GO:0004812,GO:0004813,GO:0005524,GO:0005737,GO:0005739,GO:0006419,GO:0043039
BXY_0157600	GO:0005335,GO:0005886,GO:0006865,GO:0016020,GO:0035725,GO:0043005,GO:0045202,GO:0051378,GO:0051610,GO:0071705
BXY_0157800	GO:0000122,GO:0003682,GO:0003714,GO:0010923,GO:0019212
BXY_0157900	GO:0000413,GO:0003755,GO:0005737,GO:0033017
BXY_0158300	GO:0004014,GO:0005829,GO:0006597,GO:0008295
BXY_0158600	GO:0005515,GO:0008270
BXY_0158700	GO:0005765
BXY_0158800	GO:0004888,GO:0007606,GO:0016020
BXY_0159000	GO:0000978,GO:0000981,GO:0003677,GO:0003700,GO:0005634,GO:0006355,GO:0006357
BXY_0159100	GO:0004930,GO:0007186,GO:0016020
BXY_0159300	GO:0005524,GO:0005737,GO:0016887
BXY_0159500	GO:0042302
BXY_0159600	GO:0006556,GO:0048269,GO:0048270
BXY_0159700	GO:0004181,GO:0005615,GO:0006508,GO:0008270
BXY_0160300	GO:0003676,GO:0004527,GO:0005634
BXY_0160700	GO:0001510,GO:0005739,GO:0008168,GO:0008173,GO:0008650,GO:0032259
BXY_0160900	GO:0005634,GO:0005667,GO:0006357
BXY_0161000	GO:0009653
BXY_0161100	GO:0005737,GO:0006826,GO:0006879,GO:0006880,GO:0008198,GO:0008199
BXY_0161600	GO:0042302
BXY_0161700	GO:0006623,GO:0045053
BXY_0162000	GO:0005515,GO:0008017
BXY_0162100	GO:0005737
BXY_0162200	GO:0005886,GO:0006897,GO:0016020,GO:0018996,GO:0030659
BXY_0162700	GO:0005886,GO:0006897,GO:0016020,GO:0018996,GO:0030659
BXY_0163000	GO:0005509,GO:0016020,GO:0030672,GO:0046928
BXY_0163300	GO:0004601,GO:0005515,GO:0005615,GO:0006979,GO:0020037
BXY_0163800	GO:0003979,GO:0005634,GO:0006024,GO:0016616,GO:0051287
BXY_0164000	GO:0003677,GO:0005634
BXY_0164300	GO:0003743,GO:0005737,GO:0005852,GO:0006446,GO:0043022
BXY_0164400	GO:0000347,GO:0000445,GO:0003729,GO:0006397,GO:0006406
BXY_0164500	GO:0003979,GO:0005634,GO:0006024,GO:0016616,GO:0051287
BXY_0164700	GO:0004672,GO:0005524,GO:0006468
BXY_0164900	GO:0005515,GO:0005886
BXY_0165200	GO:0000139,GO:0005789,GO:0022857,GO:0046963,GO:0046964,GO:0055085
BXY_0165300	GO:0005764,GO:0005770,GO:0005776,GO:0072383,GO:1901098
BXY_0165400	GO:0005634,GO:0005737,GO:0009408,GO:0042026,GO:0051082
BXY_0165600	GO:0005543,GO:0005768,GO:0005886,GO:0006897,GO:0030125,GO:0030276
BXY_0165700	GO:0005739,GO:0008033,GO:0042781,GO:1990180
BXY_0165800	GO:0005739,GO:0008033,GO:0042781,GO:1990180
BXY_0166100	GO:0005730,GO:0051015,GO:0055120,GO:0071013
BXY_0166400	GO:0005515
BXY_0166500	GO:0005794,GO:0006478,GO:0008146,GO:0008476
BXY_0166700	GO:0007528,GO:0019901,GO:0061098
BXY_0166800	GO:0005737,GO:0019187
BXY_0167100	GO:0004222,GO:0006508,GO:0008237,GO:0008270
BXY_0167200	GO:0005523,GO:0005861,GO:0006936,GO:0006937,GO:0045214
BXY_0167400	GO:0004672,GO:0004674,GO:0005524,GO:0006468
BXY_0167500	GO:0003333,GO:0005774,GO:0015179,GO:0016020
BXY_0167600	GO:0004653,GO:0005112,GO:0005794,GO:0006493,GO:0008593
BXY_0167700	GO:0003743,GO:0005737,GO:0005852,GO:0006413
BXY_0168000	GO:0005544,GO:0005886,GO:0071277
BXY_0168700	GO:0005515
BXY_0169700	GO:0003676,GO:0003723
BXY_0169900	GO:0043565
BXY_0170000	GO:0004497,GO:0005506,GO:0005737,GO:0006082,GO:0006805,GO:0016705,GO:0016712,GO:0020037,GO:0043231
BXY_0170100	GO:0004497,GO:0005506,GO:0005737,GO:0006082,GO:0006805,GO:0016705,GO:0016712,GO:0020037,GO:0043231
BXY_0170200	GO:0004190,GO:0005764,GO:0006508,GO:0008219
BXY_0170300	GO:0004497,GO:0005506,GO:0005737,GO:0006082,GO:0006805,GO:0016705,GO:0016712,GO:0020037,GO:0043231
BXY_0170400	GO:0004497,GO:0005506,GO:0005737,GO:0006082,GO:0006805,GO:0016705,GO:0016712,GO:0020037,GO:0043231
BXY_0170500	GO:0004497,GO:0005506,GO:0005737,GO:0006082,GO:0006805,GO:0016705,GO:0016712,GO:0020037,GO:0043231
BXY_0170600	GO:0004497,GO:0005506,GO:0005737,GO:0006082,GO:0006805,GO:0016705,GO:0016712,GO:0020037,GO:0043231
BXY_0170900	GO:0004252,GO:0006508
BXY_0171100	GO:0001731,GO:0003723
BXY_0171200	GO:0001676,GO:0004467,GO:0005324,GO:0005789,GO:0005886,GO:0015245,GO:0044539
BXY_0171300	GO:0005515
BXY_0171900	GO:0005615,GO:0030020,GO:0030198,GO:0031012,GO:0062023
BXY_0172100	GO:0004888,GO:0005216,GO:0005230,GO:0006811,GO:0016020,GO:0034220
BXY_0172200	GO:0004888,GO:0005216,GO:0006811,GO:0016020,GO:0034220
BXY_0172300	GO:0005230,GO:0006811,GO:0016020
BXY_0172400	GO:0006400,GO:0101030
BXY_0172600	GO:0004672,GO:0005524,GO:0006468
BXY_0172700	GO:0004930,GO:0005509,GO:0005886,GO:0007155,GO:0007156,GO:0016020,GO:0098609
BXY_0173100	GO:0003777,GO:0005524,GO:0007018,GO:0008017
BXY_0173200	GO:0016020
BXY_0173400	GO:0005783,GO:0005794,GO:0005886,GO:0016020
BXY_0173700	GO:0005829,GO:0005975,GO:0006072,GO:0006116,GO:0016616,GO:0042803,GO:0046168,GO:0047952,GO:0051287
BXY_0174300	GO:0005765,GO:0022857,GO:0055085
BXY_0174600	GO:0005524
BXY_0174800	GO:0004930,GO:0005886,GO:0016020,GO:0042277,GO:0043005
BXY_0175000	GO:0004364,GO:0006749
BXY_0175300	GO:0004467,GO:0005783,GO:0006631,GO:0016020
BXY_0176100	GO:0005515,GO:0031080
BXY_0176300	GO:0000139,GO:0005975,GO:0015018,GO:0016020,GO:0050650
BXY_0176400	GO:0004553,GO:0004558,GO:0005975,GO:0030246
BXY_0176500	GO:0008146,GO:0016020,GO:0047756,GO:0050650,GO:1902884
BXY_0176800	GO:0005179,GO:0005576
BXY_0176900	GO:0000398,GO:0003723,GO:0005681,GO:0005682,GO:0005685,GO:0005686,GO:0005687,GO:0005689,GO:0034719,GO:0043186,GO:0071004,GO:0071011,GO:0071013,GO:0097526,GO:1990904
BXY_0177000	GO:0000413,GO:0003676,GO:0003723,GO:0003755,GO:0005737,GO:0005739,GO:0006457,GO:0016018,GO:0043231
BXY_0177100	GO:0003676,GO:0003723,GO:0003729,GO:0005634,GO:0008270,GO:0048024
BXY_0177200	GO:0016020
BXY_0177500	GO:0005911,GO:0005912,GO:0007165,GO:0032880,GO:0050839
BXY_0177600	GO:0005515,GO:0005911,GO:0005912,GO:0032880,GO:0050839
BXY_0177700	GO:0005615,GO:0008289
BXY_0178000	GO:0005179,GO:0005576
BXY_0178200	GO:0005515
BXY_0178300	GO:0005102,GO:0005109,GO:0005125,GO:0005576,GO:0005615,GO:0007275,GO:0016055,GO:0030182,GO:0045165,GO:0060070
BXY_0178400	GO:0005615,GO:0007165,GO:0009986
BXY_0178500	GO:0000398,GO:0005681,GO:0005682,GO:0046540
BXY_0178600	GO:0005672,GO:0006367,GO:0008289
BXY_0178700	GO:0005515
BXY_0178900	GO:0004553,GO:0004568,GO:0005576,GO:0005975,GO:0006032,GO:0008061
BXY_0179000	GO:0005548,GO:0005783,GO:0005794,GO:0016323,GO:0042157
BXY_0179100	GO:0008146,GO:0016020,GO:0047756,GO:0050650,GO:1902884
BXY_0179300	GO:0016311,GO:0016791
BXY_0179600	GO:0000978,GO:0003700,GO:0006355,GO:0008270,GO:0043565
BXY_0179800	GO:0009922,GO:0016020
BXY_0180100	GO:0005254
BXY_0180400	GO:0005254
BXY_0180500	GO:0004888,GO:0005216,GO:0005230,GO:0006811,GO:0016020,GO:0034220
BXY_0180600	GO:0005615
BXY_0180700	GO:0006886,GO:0016192,GO:0030131
BXY_0180800	GO:0005267,GO:0005886,GO:0015271,GO:0016020,GO:0022841,GO:0030322,GO:0071805
BXY_0180900	GO:0005092,GO:0005093,GO:0005737,GO:0007264,GO:0015031,GO:0016192
BXY_0181000	GO:0005739,GO:0006744,GO:0008168,GO:0008757,GO:0010420,GO:0061542
BXY_0181100	GO:0007015,GO:0008064,GO:0031209,GO:0044877,GO:0048870
BXY_0181200	GO:0005432,GO:0006812,GO:0006874,GO:0008324,GO:0016020,GO:0055085
BXY_0182000	GO:0004190,GO:0005764,GO:0006508,GO:0008219
BXY_0182100	GO:0003676
BXY_0182200	GO:0004190,GO:0005764,GO:0006508,GO:0008219
BXY_0182600	GO:0003676,GO:0015074
BXY_0182700	GO:0006511,GO:0016567,GO:0061630
BXY_0183000	GO:0004364,GO:0006749
BXY_0183100	GO:0005765,GO:0022857,GO:0055085
BXY_0183400	GO:0004660,GO:0004662,GO:0005737,GO:0005953,GO:0005965,GO:0008318,GO:0018342,GO:0018343,GO:0018344
BXY_0183500	GO:0007346,GO:0032039,GO:0051642
BXY_0183600	GO:0007346,GO:0032039,GO:0051642
BXY_0183900	GO:0004102,GO:0005737,GO:0007274,GO:0008292,GO:0016746,GO:0043005
BXY_0184000	GO:0005277,GO:0007268,GO:0022857,GO:0030121,GO:0030122,GO:0043195,GO:0055085
BXY_0184400	GO:0005886,GO:0006570,GO:0016491
BXY_0184500	GO:0000976,GO:0000981,GO:0003700,GO:0006355,GO:0006357,GO:0043565
BXY_0184600	GO:0004888,GO:0005216,GO:0005230,GO:0006811,GO:0016020,GO:0034220
BXY_0185300	GO:0000139,GO:0006493,GO:0009101,GO:0016020,GO:0016757,GO:0016758
BXY_0185400	GO:0008194
BXY_0185500	GO:0003993,GO:0016787,GO:0046872
BXY_0185600	GO:0016787
BXY_0185800	GO:0005254
BXY_0186000	GO:0015031,GO:0016020
BXY_0186100	GO:0003676,GO:0003723,GO:0003735,GO:0005829,GO:0005840,GO:0006412,GO:0015935
BXY_0186200	GO:0005783,GO:0016409,GO:0016746,GO:0018345
BXY_0186300	GO:0003676,GO:0003724,GO:0005524
BXY_0186500	GO:0000977,GO:0000981,GO:0005634,GO:0006357
BXY_0186800	GO:0005515,GO:0005737,GO:0005884,GO:0032432,GO:0051015,GO:0051017,GO:0051639
BXY_0186900	GO:0005886,GO:0007009,GO:0016020,GO:0055088,GO:0055091,GO:0071709,GO:0097035
BXY_0187200	GO:0000184
BXY_0187300	GO:0016311,GO:0016791
BXY_0187600	GO:0016255,GO:0042765
BXY_0187700	GO:0005886,GO:0016020
BXY_0187800	GO:0000166,GO:0003677,GO:0003887,GO:0006261,GO:0006287,GO:0006297,GO:0008296,GO:0043625,GO:0045004
BXY_0187900	GO:0000166,GO:0003676,GO:0003887,GO:0006261,GO:0006287,GO:0006297,GO:0008296,GO:0043625,GO:0045004
BXY_0188000	GO:0000977,GO:0000981,GO:0003700,GO:0005634,GO:0006355,GO:0006357,GO:0042127,GO:0048856
BXY_0188100	GO:0000166,GO:0002161,GO:0004812,GO:0004832,GO:0005524,GO:0005829,GO:0006418,GO:0006438
BXY_0188200	GO:0009922,GO:0016020
BXY_0188300	GO:0005975,GO:0008810
BXY_0188500	GO:0005200,GO:0005635,GO:0005652,GO:0006998,GO:0007097,GO:0031507,GO:0051664,GO:0090435
BXY_0188700	GO:0042302
BXY_0189200	GO:0000139,GO:0006493,GO:0009101,GO:0016020,GO:0016757,GO:0016758
BXY_0189300	GO:0004364,GO:0006749
BXY_0190500	GO:0003997,GO:0005504,GO:0005777,GO:0006631,GO:0006635,GO:0016627,GO:0033540,GO:0050660,GO:0055088,GO:0071949
BXY_0190600	GO:0003997,GO:0005504,GO:0005777,GO:0006631,GO:0006635,GO:0016627,GO:0033540,GO:0050660,GO:0055088,GO:0071949
BXY_0191100	GO:0003924,GO:0005525,GO:0007165,GO:0016020
BXY_0192400	GO:0000981,GO:0003700,GO:0005634,GO:0007423,GO:0045944,GO:0046983,GO:0061564,GO:0070888
BXY_0192500	GO:0016020
BXY_0192900	GO:0005515,GO:0005886,GO:0007411,GO:0030424,GO:0098609
BXY_0193000	GO:0004888,GO:0005216,GO:0005230,GO:0006811,GO:0016020,GO:0022848,GO:0034220,GO:0045211
BXY_0193100	GO:0003824,GO:0004301,GO:0016803,GO:0097176
BXY_0193300	GO:0006520,GO:0008483,GO:0009058,GO:0030170
BXY_0193400	GO:0005524,GO:0046872
BXY_0193500	GO:0000271,GO:0016020,GO:0016747
BXY_0193600	GO:0000271,GO:0016020,GO:0016747
BXY_0193800	GO:0005515
BXY_0194100	GO:0004190,GO:0006508
BXY_0195200	GO:0005783,GO:0030497
BXY_0195300	GO:0003700,GO:0005634,GO:0006355,GO:0008270,GO:0043565
BXY_0195400	GO:0005783,GO:0016491
BXY_0195500	GO:0005783,GO:0030497
BXY_0195900	GO:0000122,GO:0000785,GO:0002039,GO:0005515,GO:0005634,GO:0006306,GO:0016279,GO:0018027,GO:0042054,GO:0046974
BXY_0196000	GO:0005765,GO:0022857,GO:0055085
BXY_0196100	GO:0005765,GO:0022857,GO:0055085
BXY_0196200	GO:0030246
BXY_0196700	GO:0006897
BXY_0197200	GO:0005515
BXY_0197400	GO:0005272,GO:0005886,GO:0006814,GO:0015280,GO:0016020,GO:0035725
BXY_0197500	GO:0008289
BXY_0197600	GO:0005829,GO:0005886,GO:0008289,GO:0015248,GO:0016020,GO:0032934,GO:0097038
BXY_0197800	GO:0003779,GO:0030036,GO:0031267
BXY_0197900	GO:0003779,GO:0016043,GO:0030838
BXY_0198000	GO:0016787
BXY_0198100	GO:0006508,GO:0008234
BXY_0198300	GO:0016020,GO:0055085
BXY_0198800	GO:0009986
BXY_0198900	GO:0009986
BXY_0199000	GO:0009986
BXY_0199100	GO:0005634,GO:0006979
BXY_0199200	GO:0005634,GO:0006355,GO:0043189
BXY_0199400	GO:0005576
BXY_0199500	GO:0005576
BXY_0199700	GO:0005216,GO:0005249,GO:0005886,GO:0006811,GO:0006813,GO:0008076,GO:0016020,GO:0042391,GO:0055085,GO:0071805
BXY_0199800	GO:0003676
BXY_0200100	GO:0005515
BXY_0200200	GO:0005515
BXY_0200300	GO:0005515
BXY_0200400	GO:0004867,GO:0005509,GO:0005615
BXY_0200600	GO:0006355,GO:0043565
BXY_0200700	GO:0000978,GO:0000981,GO:0005634,GO:0006355,GO:0006357,GO:0007548,GO:0043565
BXY_0201200	GO:0004672,GO:0004674,GO:0005524,GO:0005634,GO:0006468,GO:0007059,GO:0018105,GO:0035556
BXY_0201400	GO:0008417,GO:0009101,GO:0016020
BXY_0201600	GO:0004930,GO:0007186,GO:0016020
BXY_0201700	GO:0004930,GO:0007186,GO:0016020
BXY_0202000	GO:0003729,GO:0003730,GO:0005829,GO:0046872
BXY_0202300	GO:0004930,GO:0007186,GO:0016020
BXY_0202400	GO:0005975,GO:0008810
BXY_0202700	GO:0004521
BXY_0203000	GO:0004930,GO:0007186,GO:0016020
BXY_0203100	GO:0016020,GO:0022857,GO:0055085
BXY_0203200	GO:0003735,GO:0005515,GO:0005840,GO:0006412
BXY_0203300	GO:0005509,GO:0005515,GO:0005783,GO:0005789,GO:0006457,GO:0036503,GO:0051082
BXY_0203400	GO:0047545
BXY_0203600	GO:0000166,GO:0003676,GO:0004812,GO:0004816,GO:0005524,GO:0005737,GO:0006418,GO:0006421
BXY_0203900	GO:0005524,GO:0015421,GO:0016020,GO:0016887,GO:0055085,GO:0140359
BXY_0204100	GO:0005524,GO:0015421,GO:0016020,GO:0016887,GO:0055085,GO:0140359
BXY_0204300	GO:0005524,GO:0015421,GO:0016020,GO:0016887,GO:0055085,GO:0140359
BXY_0204400	GO:0004090
BXY_0204500	GO:0004090
BXY_0204600	GO:0004090
BXY_0204700	GO:0004090
BXY_0204900	GO:0001664,GO:0003924,GO:0005737,GO:0005834,GO:0007165,GO:0007186,GO:0007188,GO:0019001,GO:0031683
BXY_0205100	GO:0000288,GO:0000932,GO:0004222,GO:0006508,GO:0008237,GO:0008270,GO:0017148,GO:0030015,GO:0060090
BXY_0205200	GO:0005634,GO:0005886,GO:0007411,GO:0008582,GO:0061630
BXY_0205600	GO:0004742,GO:0005967,GO:0006086,GO:0006090,GO:0016746,GO:0045254
BXY_0205800	GO:0004022,GO:0005737,GO:0008270,GO:0016491
BXY_0206000	GO:0004190,GO:0005764,GO:0006508,GO:0008219
BXY_0206100	GO:0004190,GO:0005764,GO:0006508,GO:0008219
BXY_0206500	GO:0006508,GO:0008234
BXY_0206600	GO:0005509,GO:0005515
BXY_0206700	GO:0005524,GO:0005774,GO:0015439,GO:0015886,GO:0016020,GO:0016887,GO:0020037,GO:0042626,GO:0055085,GO:0140359
BXY_0206800	GO:0005524,GO:0016020,GO:0016887,GO:0042626,GO:0055085,GO:0140359
BXY_0206900	GO:0005524,GO:0016020,GO:0016887,GO:0042626,GO:0055085
BXY_0207000	GO:0004185,GO:0006508
BXY_0207200	GO:0005524,GO:0016020,GO:0016887,GO:0042626,GO:0055085,GO:0140359
BXY_0207300	GO:0005524,GO:0016020,GO:0016887,GO:0042626,GO:0055085,GO:0140359
BXY_0207500	GO:0005886,GO:0032217,GO:0032218
BXY_0207600	GO:0004930,GO:0007186,GO:0016020
BXY_0207700	GO:0004672,GO:0005524,GO:0006468
BXY_0207800	GO:0004930,GO:0007186,GO:0016020
BXY_0207900	GO:0005615
BXY_0208000	GO:0006508,GO:0008234
BXY_0208100	GO:0006508,GO:0008234
BXY_0208200	GO:0006508,GO:0008234
BXY_0208300	GO:0006508,GO:0008234
BXY_0208400	GO:0005829,GO:0016787,GO:0016810,GO:0019239
BXY_0208500	GO:0004252,GO:0006508
BXY_0208600	GO:0004252,GO:0006508
BXY_0208800	GO:0004252,GO:0006508
BXY_0209200	GO:0005319,GO:0006869
BXY_0209500	GO:0008194
BXY_0209600	GO:0004930,GO:0007186,GO:0016020
BXY_0209700	GO:0008194
BXY_0209800	GO:0008194
BXY_0209900	GO:0004497,GO:0005506,GO:0008395,GO:0016705,GO:0020037
BXY_0210000	GO:0004553,GO:0004566,GO:0005615,GO:0005975,GO:0019391,GO:0030246
BXY_0210100	GO:0004022,GO:0005737,GO:0008270,GO:0016491
BXY_0210300	GO:0005524,GO:0005634,GO:0005829,GO:0006457,GO:0016887
BXY_0210400	GO:0005524,GO:0005634,GO:0005829,GO:0006457,GO:0016887
BXY_0211000	GO:0005385,GO:0005886,GO:0016020,GO:0030001,GO:0046873,GO:0055085,GO:0071577
BXY_0211100	GO:0000978,GO:0000981,GO:0005515,GO:0005667,GO:0006355,GO:0006357,GO:0009653,GO:0030154,GO:0030509,GO:0060395,GO:0070411,GO:0071144
BXY_0211700	GO:0000398,GO:0003676,GO:0003723,GO:0046872,GO:0089701
BXY_0211900	GO:0005509
BXY_0212100	GO:0005634,GO:0006274
BXY_0212300	GO:0004040,GO:0009062,GO:0017064
BXY_0212600	GO:0004040,GO:0009062,GO:0017064
BXY_0212900	GO:0004040,GO:0009062,GO:0017064
BXY_0213000	GO:0042302
BXY_0213100	GO:0005737,GO:0015031
BXY_0213300	GO:0005886,GO:0007035,GO:0016471,GO:0033179,GO:0046961,GO:0051117,GO:1902600
BXY_0213400	GO:0000146,GO:0003774,GO:0005515,GO:0005524,GO:0005737,GO:0005886,GO:0005902,GO:0006897,GO:0007015,GO:0015629,GO:0016020,GO:0016459,GO:0051015
BXY_0213500	GO:0004672,GO:0004713,GO:0005524,GO:0006468
BXY_0213600	GO:0005200,GO:0005856
BXY_0213700	GO:0004672,GO:0004713,GO:0005524,GO:0006468
BXY_0213800	GO:0005634,GO:0006355
BXY_0214100	GO:0030246
BXY_0214200	GO:0006508,GO:0008234
BXY_0214300	GO:0004190,GO:0006508
BXY_0215200	GO:0005515,GO:0005576
BXY_0215400	GO:0004672
BXY_0215600	GO:0001508,GO:0005216,GO:0005249,GO:0005251,GO:0005515,GO:0006811,GO:0006813,GO:0008076,GO:0016020,GO:0032590,GO:0032809,GO:0042734,GO:0043679,GO:0045211,GO:0051260,GO:0055085,GO:0071805
BXY_0215800	GO:0005737,GO:0030424
BXY_0216000	GO:0005739
BXY_0216200	GO:0019230,GO:0042330,GO:0050954,GO:0071683
BXY_0216600	GO:0005737,GO:0046872
BXY_0216700	GO:0003676,GO:0003723
BXY_0216800	GO:0000785,GO:0003676,GO:0003723,GO:0005654,GO:0010468
BXY_0216900	GO:0005739,GO:0006120,GO:0010257,GO:0032981,GO:0051082
BXY_0217000	GO:0003677,GO:0046983
BXY_0217200	GO:0005634
BXY_0217300	GO:0003676,GO:0003723,GO:0003729
BXY_0217400	GO:0000122,GO:0000978,GO:0001227,GO:0003700,GO:0005634,GO:0010564,GO:0017053,GO:0030182
BXY_0217500	GO:0004631,GO:0005737,GO:0006695,GO:0019287
BXY_0217600	GO:0006605,GO:0006886,GO:0008320,GO:0015031,GO:0016020
BXY_0217700	GO:0004867
BXY_0217800	GO:0019825,GO:0020037
BXY_0218100	GO:0005789,GO:0030424
BXY_0218200	GO:0004672,GO:0005524,GO:0006468
BXY_0218300	GO:0005524,GO:0006457,GO:0016887,GO:0051082
BXY_0218500	GO:0015347,GO:0016020,GO:0016323,GO:0043252,GO:0055085
BXY_0218600	GO:0000785,GO:0003677,GO:0003682,GO:0005524,GO:0005634,GO:0006338,GO:0016887,GO:0031491,GO:0034728,GO:0042393,GO:0140658
BXY_0218700	GO:0005892,GO:0016020
BXY_0218800	GO:0005930,GO:0097546
BXY_0218900	GO:0000993,GO:0006368,GO:0016593,GO:0032968,GO:0034402
BXY_0219100	GO:0003676,GO:0003723,GO:0006355
BXY_0219200	GO:0000055,GO:0000056,GO:0005049,GO:0005634,GO:0005737,GO:0006611,GO:0006886,GO:0031267
BXY_0219300	GO:0005783,GO:0012505,GO:0016746,GO:0036149
BXY_0219700	GO:0004930,GO:0005886,GO:0007186,GO:0008188,GO:0016020,GO:0042923,GO:0043005
BXY_0219900	GO:0003697,GO:0004222,GO:0005634,GO:0006974,GO:0031593
BXY_0220000	GO:0004672,GO:0004674,GO:0005524,GO:0005634,GO:0006468
BXY_0220100	GO:0004140,GO:0005524,GO:0015937
BXY_0220200	GO:0005634,GO:0006338,GO:0016274,GO:0018216,GO:0019919,GO:0034969,GO:0035241,GO:0035242,GO:0042054
BXY_0220300	GO:0005737
BXY_0220400	GO:0000462,GO:0005730,GO:0030686
BXY_0220500	GO:0000407,GO:0000422,GO:0005776,GO:0006914,GO:0034497,GO:0034727,GO:0061709
BXY_0220600	GO:0005739,GO:0019216
BXY_0220700	GO:0001054,GO:0001056,GO:0003899,GO:0005666,GO:0005736,GO:0006351,GO:0046983
BXY_0220800	GO:0005789,GO:0006487
BXY_0221100	GO:0004672,GO:0005524,GO:0006468
BXY_0221200	GO:0002100,GO:0005634,GO:0005737,GO:0008270,GO:0016787,GO:0052717
BXY_0221300	GO:0005634,GO:0006355
BXY_0221400	GO:0003735,GO:0005840,GO:0006412,GO:0015934,GO:0022625,GO:0070180
BXY_0221700	GO:0004672,GO:0005524,GO:0006468
BXY_0221900	GO:0005615,GO:0005737,GO:0006508,GO:0008237,GO:0008270,GO:0016020,GO:0042277,GO:0043171,GO:0070006
BXY_0222000	GO:0003993,GO:0016787,GO:0046872
BXY_0222100	GO:0005509,GO:0016460
BXY_0222400	GO:0003924,GO:0005525
BXY_0222500	GO:0005515,GO:0005634,GO:0007095,GO:0030674,GO:0043161
BXY_0222600	GO:0003676,GO:0003723,GO:0003729,GO:0005634,GO:0005737
BXY_0222700	GO:0005737,GO:0006508,GO:0008233,GO:0019538,GO:0030145,GO:0046872,GO:0070006
BXY_0222800	GO:0005509
BXY_0222900	GO:0003824,GO:0004356,GO:0005737,GO:0006542
BXY_0223000	GO:0004672,GO:0004713,GO:0005524,GO:0006468
BXY_0223100	GO:0003824,GO:0004736,GO:0005524,GO:0005737,GO:0006090,GO:0006094,GO:0046872
BXY_0223200	GO:0005515,GO:0005737,GO:0045717,GO:0080008
BXY_0223300	GO:0000139,GO:0004571,GO:0005509,GO:0005783,GO:0005975,GO:0016020,GO:1904382
BXY_0223600	GO:0006357
BXY_0223700	GO:0005739,GO:0005758,GO:0006105,GO:0034553
BXY_0223800	GO:0000978,GO:0000981,GO:0003677,GO:0005634,GO:0005667,GO:0006355,GO:0006357
BXY_0224000	GO:0019825,GO:0020037
BXY_0224100	GO:0004725,GO:0006470,GO:0016311
BXY_0224200	GO:0001919,GO:0005085,GO:0005765,GO:0043410,GO:0060090,GO:0071230,GO:0071986
BXY_0224300	GO:0003735,GO:0005739,GO:0005840,GO:0006412
BXY_0224500	GO:0006520,GO:0008483,GO:0009058,GO:0030170
BXY_0225000	GO:0016020,GO:0016263,GO:0016267,GO:0016757
BXY_0225300	GO:0003714,GO:0005634,GO:0008134,GO:0045892
BXY_0225400	GO:0005515,GO:0005737,GO:0008344,GO:0048512,GO:0050804
BXY_0225500	GO:0000278,GO:0001784,GO:0004725,GO:0004726,GO:0005737,GO:0006470,GO:0016311,GO:0030154,GO:0035335,GO:0035556
BXY_0225800	GO:0000139,GO:0005975,GO:0015018,GO:0016020,GO:0050650
BXY_0225900	GO:0009986
BXY_0226000	GO:0016020,GO:0020037,GO:0043231
BXY_0226300	GO:0000146,GO:0003774,GO:0005524,GO:0005737,GO:0006936,GO:0016459,GO:0016460,GO:0032982,GO:0045214,GO:0051015
BXY_0226400	GO:0004672,GO:0004713,GO:0004714,GO:0005524,GO:0005886,GO:0006468,GO:0007169,GO:0007275,GO:0033674,GO:0043235
BXY_0226900	GO:0005215,GO:0016020,GO:0022857,GO:0055085
BXY_0227000	GO:0005215,GO:0016020,GO:0022857,GO:0055085
BXY_0227100	GO:0004653,GO:0005794,GO:0006493
BXY_0227300	GO:0000139,GO:0005975,GO:0015018,GO:0016020,GO:0050650
BXY_0227500	GO:0005739,GO:0045277
BXY_0227700	GO:0004672,GO:0005524,GO:0006468
BXY_0227900	GO:0004930,GO:0007186,GO:0016020
BXY_0228000	GO:0005789,GO:0009922,GO:0016020,GO:0019367,GO:0030148,GO:0034625,GO:0034626,GO:0042761
BXY_0228100	GO:0004930,GO:0007186,GO:0016020
BXY_0228200	GO:0009986
BXY_0228300	GO:0001664,GO:0003924,GO:0005737,GO:0005834,GO:0007165,GO:0007186,GO:0007188,GO:0019001,GO:0031683
BXY_0228400	GO:0016787
BXY_0228500	GO:0009986
BXY_0228600	GO:0016491
BXY_0228700	GO:0016491
BXY_0228900	GO:0051604,GO:0097361,GO:0097428
BXY_0229000	GO:0004553,GO:0005975,GO:0006491,GO:0030246,GO:0090599
BXY_0229400	GO:0001664,GO:0003924,GO:0005737,GO:0005834,GO:0007165,GO:0007186,GO:0007188,GO:0019001,GO:0031683
BXY_0229500	GO:0000977,GO:0000981,GO:0003677,GO:0005634,GO:0006357,GO:0030182
BXY_0229600	GO:0000014,GO:0000729,GO:0000793,GO:0003690,GO:0003697,GO:0005634,GO:0006303,GO:0015074,GO:0031297,GO:0035861,GO:0042800,GO:0044547,GO:0044774,GO:0046975
BXY_0229700	GO:0003729,GO:0004386,GO:0071013
BXY_0229900	GO:0004348,GO:0006665,GO:0006680
BXY_0230000	GO:0008289
BXY_0230100	GO:0008289
BXY_0230200	GO:0001664,GO:0003924,GO:0005525,GO:0005737,GO:0005834,GO:0007165,GO:0007186,GO:0007188,GO:0019001,GO:0031683
BXY_0230500	GO:0016020
BXY_0230800	GO:0005634,GO:0010485,GO:0016747,GO:0043998,GO:1990189
BXY_0230900	GO:0005737,GO:0005739,GO:0016226,GO:0051536,GO:0051537,GO:0097428
BXY_0231100	GO:0005615
BXY_0231200	GO:0003676,GO:0003724,GO:0005524,GO:0008270
BXY_0231300	GO:0005515
BXY_0231400	GO:0004748,GO:0005829,GO:0009263,GO:0016491
BXY_0231500	GO:0000978,GO:0000981,GO:0006357,GO:0046983
BXY_0231800	GO:0004722,GO:0005634,GO:0005737,GO:0016787
BXY_0231900	GO:0005509
BXY_0232200	GO:0005634
BXY_0232400	GO:0005680,GO:0007091,GO:0070979
BXY_0232500	GO:0097250
BXY_0232600	GO:0016020,GO:0016263,GO:0016267,GO:0016757
BXY_0232700	GO:0016020,GO:0022857,GO:0055085
BXY_0232800	GO:0004252,GO:0005615,GO:0006508,GO:0008236,GO:0016020,GO:0016485,GO:0016486,GO:0043005
BXY_0233000	GO:0005856,GO:0035869,GO:0036064,GO:0090090,GO:0097546,GO:0097730,GO:1904491
BXY_0233100	GO:0004672,GO:0004713,GO:0005524,GO:0006468
BXY_0233600	GO:0004725,GO:0006470,GO:0016311
BXY_0233700	GO:0006629,GO:0016788
BXY_0233800	GO:0004672,GO:0005524,GO:0006468
BXY_0234000	GO:0000900,GO:0003676,GO:0003723,GO:0003730,GO:0005634,GO:0005737,GO:0006417,GO:0008135,GO:0043005,GO:0043022,GO:0045182,GO:0045202,GO:1990124,GO:2000766
BXY_0234100	GO:0005635,GO:0034993,GO:0043495
BXY_0234400	GO:0005289,GO:0005739,GO:0006810,GO:0022857,GO:1990575
BXY_0234600	GO:0004371,GO:0005829,GO:0006071,GO:0019563
BXY_0234700	GO:0004222,GO:0005789,GO:0071586
BXY_0234800	GO:0003682,GO:0005515,GO:0005737
BXY_0234900	GO:0004672,GO:0005524,GO:0006468
BXY_0235100	GO:0000256,GO:0004848,GO:0050385
BXY_0235200	GO:0004190,GO:0005764,GO:0006508,GO:0008219
BXY_0235300	GO:0004867
BXY_0235400	GO:0004867
BXY_0235600	GO:0015012,GO:0016020,GO:0016757,GO:0030158,GO:0030166,GO:0050650
BXY_0235700	GO:0005739,GO:0016702
BXY_0235800	GO:0000978,GO:0000981,GO:0006357
BXY_0236000	GO:0005789,GO:0016020,GO:0022857,GO:0055085
BXY_0236200	GO:0000159,GO:0005634,GO:0005829,GO:0006470,GO:0007165,GO:0019888,GO:0072542
BXY_0236500	GO:0000390,GO:0003676,GO:0003723,GO:0003724,GO:0004386,GO:0005524,GO:0005622,GO:0071013
BXY_0236700	GO:0004930,GO:0007186,GO:0016020
BXY_0236900	GO:0004484,GO:0006370,GO:0016311
BXY_0237000	GO:0005509
BXY_0237100	GO:0003723,GO:0003743,GO:0005634,GO:0006413
BXY_0237400	GO:0005829,GO:0007010
BXY_0237600	GO:0004161,GO:0004337,GO:0004659,GO:0005737,GO:0008299,GO:0016765,GO:0045337
BXY_0237700	GO:0004222,GO:0005886,GO:0006508,GO:0008237
BXY_0237900	GO:0000077,GO:0030896
BXY_0238000	GO:0007017,GO:0030286
BXY_0238100	GO:0000139,GO:0005789,GO:0006506
BXY_0238300	GO:0022857,GO:0055085
BXY_0238400	GO:0000977,GO:0000981,GO:0006357,GO:0046983
BXY_0238700	GO:0005783,GO:0016236
BXY_0238900	GO:0005737,GO:0015267
BXY_0239000	GO:0004596,GO:0016747,GO:0017196,GO:0031417
BXY_0239100	GO:0003676,GO:0004518,GO:0005634,GO:0008409,GO:0016788,GO:0017108,GO:0036297,GO:0070336
BXY_0239200	GO:0005096,GO:0007165
BXY_0239300	GO:0005737,GO:0019207,GO:0051018,GO:0060828
BXY_0239400	GO:0000127,GO:0005515,GO:0006383
BXY_0239600	GO:0005634,GO:0005669,GO:0006367,GO:0016251,GO:0046982,GO:0051123
BXY_0239700	GO:0005886,GO:0006897,GO:0016020,GO:0018996,GO:0030659
BXY_0239800	GO:0004222,GO:0005615,GO:0006508,GO:0008237,GO:0008270,GO:0030198,GO:0030574,GO:0031012
BXY_0239900	GO:0005886,GO:0006812,GO:0008324
BXY_0240200	GO:0016616
BXY_0240300	GO:0004672,GO:0005524,GO:0006468
BXY_0240400	GO:0000289,GO:0000932,GO:0003723,GO:0003729,GO:0005515,GO:0017148,GO:0030371
BXY_0240500	GO:0001501,GO:0004715,GO:0005576,GO:0018108
BXY_0240600	GO:0000014,GO:0000729,GO:0000793,GO:0003690,GO:0003697,GO:0005634,GO:0006303,GO:0015074,GO:0031297,GO:0035861,GO:0042800,GO:0044547,GO:0044774,GO:0046975
BXY_0240700	GO:0005524,GO:0016020,GO:0016887,GO:0042626,GO:0055085,GO:0140359
BXY_0240800	GO:0000307,GO:0004672,GO:0004674,GO:0005524,GO:0005634,GO:0006468,GO:0008024,GO:0008353,GO:0030332,GO:0032968,GO:0070816
BXY_0240900	GO:0005886,GO:0006751,GO:0036374
BXY_0241100	GO:0004568,GO:0006032,GO:0016998
BXY_0241200	GO:0003735,GO:0005840,GO:0006412
BXY_0241300	GO:0005267,GO:0005886,GO:0015271,GO:0016020,GO:0022841,GO:0030322,GO:0071805
BXY_0241600	GO:0005509,GO:0016020
BXY_0241700	GO:0005615
BXY_0241900	GO:0016020,GO:0022857,GO:0055085
BXY_0242000	GO:0005769,GO:0016020
BXY_0242200	GO:0042981
BXY_0242300	GO:0004888,GO:0005216,GO:0005230,GO:0006811,GO:0016020,GO:0034220
BXY_0242400	GO:0004725,GO:0005230,GO:0006470,GO:0006811,GO:0016020,GO:0016311
BXY_0242600	GO:0005634,GO:0005829,GO:0010499,GO:0016504,GO:0070577,GO:0070628
BXY_0242900	GO:0005267,GO:0005886,GO:0015271,GO:0016020,GO:0022841,GO:0030322,GO:0071805
BXY_0243000	GO:0008168,GO:0016300,GO:0030488
BXY_0243100	GO:0044545,GO:0045944
BXY_0243500	GO:0000462,GO:0000479,GO:0003924,GO:0005525,GO:0005634,GO:0030686,GO:0034511,GO:0042254
BXY_0243600	GO:0016020,GO:0022857,GO:0055085
BXY_0243700	GO:0016020,GO:0022857,GO:0055085
BXY_0243900	GO:0004672,GO:0004713,GO:0004714,GO:0005524,GO:0005886,GO:0006468,GO:0007169,GO:0007275,GO:0033674,GO:0043235
BXY_0244100	GO:0004930,GO:0007186,GO:0016020
BXY_0244200	GO:0006811,GO:0006884,GO:0008511,GO:0015377,GO:0015379,GO:0016020,GO:0022857,GO:0035725,GO:0055064,GO:0055075,GO:0055078,GO:0055085,GO:1902476,GO:1990573
BXY_0244300	GO:0006811,GO:0006884,GO:0008511,GO:0015377,GO:0015379,GO:0016020,GO:0022857,GO:0035725,GO:0055064,GO:0055075,GO:0055078,GO:0055085,GO:1902476,GO:1990573
BXY_0244500	GO:0046983
BXY_0245100	GO:0005085,GO:0005737,GO:0016197,GO:0031267,GO:0043087,GO:0043231
BXY_0245300	GO:0005085,GO:0005737,GO:0016197,GO:0031267,GO:0043087,GO:0043231
BXY_0245900	GO:0005856
BXY_0246000	GO:0004930,GO:0007186,GO:0016020
BXY_0246300	GO:0005737,GO:0006886,GO:0007034
BXY_0246700	GO:0005737,GO:0016791
BXY_0246800	GO:0003676,GO:0003724,GO:0005524
BXY_0246900	GO:0001054,GO:0001055,GO:0001056,GO:0003899,GO:0005665,GO:0005666,GO:0005736,GO:0006351
BXY_0247000	GO:0008180
BXY_0247200	GO:0000977,GO:0001228,GO:0003700,GO:0005634,GO:0006355,GO:0006357
BXY_0247400	GO:0005737,GO:0006468,GO:0008887
BXY_0247500	GO:0000118,GO:0003714,GO:0005667,GO:0006357,GO:0045892
BXY_0247700	GO:0004144,GO:0005789,GO:0006629,GO:0008374,GO:0019432
BXY_0247800	GO:0004843,GO:0005634,GO:0016579
BXY_0248100	GO:0005509,GO:0005515,GO:0005518,GO:0005615,GO:0048856,GO:0050840
BXY_0248300	GO:0008903,GO:0046487
BXY_0248700	GO:0005634,GO:0017136,GO:0051287,GO:0070403
BXY_0249000	GO:0005515,GO:0005737,GO:0005871,GO:0007018,GO:0019894
BXY_0249800	GO:0003676,GO:0003677,GO:0003678,GO:0003684,GO:0004386,GO:0005524,GO:0005634,GO:0006139,GO:0006289,GO:0006366,GO:0016818,GO:0045951
BXY_0249900	GO:0004065
BXY_0250000	GO:0005515,GO:0005737
BXY_0250100	GO:0008757
BXY_0250300	GO:0007346,GO:0012505
BXY_0250400	GO:0005509,GO:0005515
BXY_0250500	GO:0005886,GO:0008519,GO:0016020,GO:0072488,GO:0097272
BXY_0250800	GO:0000795,GO:0007129,GO:0007131,GO:0016925,GO:0019789
BXY_0250900	GO:0004672,GO:0004713,GO:0005524,GO:0006468
BXY_0251000	GO:0008146,GO:0016020,GO:0047756,GO:0050650,GO:1902884
BXY_0251100	GO:0005912,GO:0007155,GO:0008013,GO:0016342,GO:0016477,GO:0045296,GO:0051015,GO:0098609
BXY_0251300	GO:0003824,GO:0004301,GO:0016803,GO:0097176
BXY_0251600	GO:0003677,GO:0005634
BXY_0251700	GO:0005515
BXY_0252000	GO:0005272,GO:0005886,GO:0006814,GO:0015280,GO:0016020,GO:0035725
BXY_0252400	GO:0005272,GO:0005886,GO:0006814,GO:0015280,GO:0016020,GO:0035725
BXY_0252900	GO:0003676,GO:0006139,GO:0008408
BXY_0253100	GO:0004090
BXY_0253200	GO:0004777,GO:0005739,GO:0006807,GO:0009450,GO:0016491
BXY_0253500	GO:0005886,GO:0006897,GO:0016020,GO:0018996,GO:0030659
BXY_0253700	GO:0030139,GO:0030496,GO:0032154,GO:0032456,GO:0032465,GO:0055038
BXY_0253800	GO:0035064
BXY_0254400	GO:0008417,GO:0009101,GO:0016020
BXY_0254700	GO:0016020
BXY_0254800	GO:0005783,GO:0030497
BXY_0255000	GO:0005783,GO:0030497
BXY_0255100	GO:0016020
BXY_0255400	GO:0005739,GO:0097250
BXY_0255500	GO:0005634,GO:0005829,GO:0006457,GO:0051087,GO:0051131,GO:0051879
BXY_0255600	GO:0005515
BXY_0255700	GO:0042302
BXY_0256100	GO:0005515,GO:0005634,GO:0005783,GO:0036503,GO:0043130
BXY_0256400	GO:0000228,GO:0000706,GO:0003677,GO:0003824,GO:0003918,GO:0005524,GO:0005694,GO:0006259,GO:0007131,GO:0042138
BXY_0256500	GO:0003824,GO:0030151,GO:0030170
BXY_0257300	GO:0004497,GO:0004505,GO:0005506,GO:0006571,GO:0009072,GO:0016714
BXY_0257400	GO:0004497,GO:0004505,GO:0005506,GO:0006559,GO:0006571,GO:0009072,GO:0016714
BXY_0257600	GO:0005102,GO:0005515,GO:0005737,GO:0006621
BXY_0257700	GO:0016020
BXY_0257800	GO:0004867,GO:0005615
BXY_0257900	GO:0000287,GO:0005739,GO:0006099,GO:0006102,GO:0016616,GO:0051287
BXY_0258000	GO:0005886,GO:0007186,GO:0008528,GO:0016020
BXY_0258100	GO:0005789,GO:0009922,GO:0016020,GO:0019367,GO:0030148,GO:0034625,GO:0034626,GO:0042761
BXY_0258200	GO:0003839
BXY_0258300	GO:0006338,GO:0016274,GO:0018216,GO:0019919,GO:0034969,GO:0042054,GO:0070611
BXY_0258400	GO:0004930,GO:0005886,GO:0007186,GO:0016020
BXY_0258500	GO:0006656,GO:0016020,GO:0016746,GO:0030258,GO:0047184,GO:0071617
BXY_0258600	GO:0005634,GO:0006508,GO:0008234,GO:0016926,GO:0016929
BXY_0258700	GO:0003690,GO:0005524,GO:0005634,GO:0006298,GO:0030983,GO:0032301,GO:0140664
BXY_0258800	GO:0005096,GO:0048205
BXY_0258900	GO:0004930,GO:0007186,GO:0016020
BXY_0259300	GO:0005737
BXY_0259400	GO:0001510,GO:0005762,GO:0008168,GO:0008173,GO:0031167
BXY_0259500	GO:0005515
BXY_0259700	GO:0005737,GO:0097352
BXY_0259800	GO:0005524,GO:0006457,GO:0016887,GO:0051082,GO:0140662
BXY_0260000	GO:0000062
BXY_0260100	GO:0000246,GO:0005737,GO:0008202,GO:0016020,GO:0016628,GO:0050660,GO:0071949
BXY_0260200	GO:0003677,GO:0005634,GO:0005667,GO:0006357
BXY_0260300	GO:0005515
BXY_0260400	GO:0005515,GO:0008233,GO:0008237
BXY_0260600	GO:0016799
BXY_0260700	GO:0005634,GO:0006325
BXY_0261100	GO:0004867
BXY_0261200	GO:0052735
BXY_0261300	GO:0003682,GO:0005515,GO:0006302,GO:0007062,GO:0008278,GO:0030893,GO:0051177
BXY_0261400	GO:0004672,GO:0004674,GO:0005524,GO:0005634,GO:0005737,GO:0005829,GO:0006468,GO:0007165,GO:0018107,GO:0030154,GO:0030424,GO:0032436,GO:0070507,GO:0090090
BXY_0261500	GO:0005737,GO:0008541
BXY_0261800	GO:0005886,GO:0016020,GO:0031175
BXY_0262100	GO:0005524,GO:0005886,GO:0016020,GO:0016887,GO:0042626,GO:0055085,GO:0140359
BXY_0262300	GO:0005515,GO:0007399,GO:0022008
BXY_0262500	GO:0004617,GO:0016616,GO:0051287
BXY_0262600	GO:0005515,GO:0005886,GO:0007268,GO:0007271,GO:0031594,GO:0033130,GO:0043495,GO:1900075
BXY_0262800	GO:0006555,GO:0010308,GO:0010309
BXY_0263200	GO:0002178,GO:0006612,GO:0018230
BXY_0263300	GO:0006629,GO:0008081,GO:0030246,GO:0046475,GO:0047389,GO:2001070
BXY_0263700	GO:0004190,GO:0006508
BXY_0263900	GO:0005789,GO:0044183,GO:0045048
BXY_0264000	GO:0003921,GO:0003922,GO:0005524,GO:0005829,GO:0006164,GO:0006177
BXY_0264200	GO:0000902,GO:0003779,GO:0005737,GO:0008290,GO:0010591,GO:0030036,GO:0051015,GO:0051016,GO:0051490
BXY_0264300	GO:0003676,GO:0005524,GO:0005737,GO:0005743,GO:0015986,GO:0045259,GO:0046933
BXY_0264400	GO:0004114,GO:0007165,GO:0008081
BXY_0264500	GO:0003777,GO:0005524,GO:0005875,GO:0007018,GO:0007052,GO:0008017,GO:0051231
BXY_0264600	GO:0035869,GO:1905515
BXY_0264700	GO:0000387,GO:0003723,GO:0006396
BXY_0264800	GO:0004497,GO:0005634,GO:0005743,GO:0006744,GO:0008340,GO:0008682,GO:0010468,GO:2000377
BXY_0264900	GO:0004222,GO:0006508,GO:0007155,GO:0016020
BXY_0265100	GO:0005509,GO:0007156,GO:0009986,GO:0016020,GO:0045211,GO:0050806,GO:0051965
BXY_0265200	GO:0005085,GO:0005829,GO:0006892,GO:0007264,GO:0008270,GO:0016020
BXY_0265300	GO:0005198,GO:0005737,GO:0006886,GO:0006888,GO:0006891,GO:0016192,GO:0030117,GO:0030126
BXY_0265400	GO:0005634,GO:0005737,GO:0006508,GO:0008234,GO:0016926,GO:0070139
BXY_0265500	GO:0005737,GO:0005839,GO:0019774,GO:0030163,GO:0043161,GO:0051603
BXY_0265600	GO:0000166,GO:0004019,GO:0005525,GO:0005737,GO:0006164,GO:0006614,GO:0044208,GO:0046040
BXY_0265700	GO:0000978,GO:0003700,GO:0006355,GO:0008270,GO:0043565
BXY_0265800	GO:0005515
BXY_0265900	GO:0005783,GO:0034976,GO:1904294
BXY_0266000	GO:0003676,GO:0008168,GO:0008276,GO:0008757,GO:0032259,GO:0035657
BXY_0266100	GO:0005929
BXY_0266200	GO:0000978,GO:0003700,GO:0006355,GO:0008270,GO:0043565
BXY_0266300	GO:0004415,GO:0005975,GO:0030214
BXY_0266500	GO:0005267,GO:0005886,GO:0015271,GO:0016020,GO:0022841,GO:0030322,GO:0071805
BXY_0266600	GO:0003676
BXY_0266700	GO:0005783,GO:0007029,GO:0016020
BXY_0266900	GO:0005085,GO:0005737
BXY_0267000	GO:0004721,GO:0005737,GO:0006470,GO:0008330,GO:0016311,GO:0017017,GO:0033550,GO:0035335,GO:0043409
BXY_0267100	GO:0004843,GO:0008270,GO:0016579
BXY_0267200	GO:0005783,GO:0006457,GO:0051082,GO:0051604,GO:0051787
BXY_0267300	GO:0005509,GO:0005515,GO:0006491,GO:0017177
BXY_0267500	GO:0005267,GO:0005886,GO:0015271,GO:0016020,GO:0022841,GO:0030322,GO:0071805
BXY_0267600	GO:0016491
BXY_0267700	GO:0006886,GO:0012505,GO:0016055,GO:0017147,GO:0031090,GO:0061355
BXY_0267900	GO:0003676,GO:0003723,GO:0005634,GO:0006397
BXY_0268000	GO:0006999,GO:0030674,GO:0070762
BXY_0268200	GO:0006887,GO:0030041,GO:0071203
BXY_0268300	GO:0030672,GO:0032418,GO:0072384,GO:0098574,GO:0099078,GO:1903744
BXY_0268500	GO:0004343,GO:0008080,GO:0016747
BXY_0268600	GO:0005085,GO:0007264,GO:0043547
BXY_0268700	GO:0005743,GO:0006811,GO:0015075,GO:0016020,GO:0022857,GO:0055085,GO:1990542
BXY_0268800	GO:0000398,GO:0005515,GO:0005686,GO:0030620
BXY_0269100	GO:0000151,GO:0000209,GO:0004842,GO:0005634,GO:0005737,GO:0006511,GO:0016567,GO:0034450,GO:0036503
BXY_0269200	GO:0004739,GO:0006086,GO:0016624,GO:0043231
BXY_0269400	GO:0004842,GO:0005634,GO:0016567
BXY_0269500	GO:0004842,GO:0005634,GO:0033503,GO:0046872,GO:0061630
BXY_0269600	GO:0004222,GO:0005886,GO:0006508,GO:0008237,GO:0016485
BXY_0269700	GO:0005332,GO:0005886,GO:0006865,GO:0016020,GO:0035725,GO:0043005,GO:0071705
BXY_0269800	GO:0005272,GO:0005509,GO:0005886,GO:0006814,GO:0015280,GO:0016020,GO:0035725
BXY_0270000	GO:0004888,GO:0005216,GO:0005230,GO:0006811,GO:0016020,GO:0034220
BXY_0270100	GO:0004143,GO:0005886,GO:0007165,GO:0007200,GO:0016020,GO:0016301
BXY_0270600	GO:0000126,GO:0000995,GO:0001006,GO:0005634,GO:0006352,GO:0006383,GO:0017025,GO:0070897,GO:0097550
BXY_0270700	GO:0012505,GO:0016787
BXY_0270800	GO:0003824,GO:0004775,GO:0004776,GO:0005739,GO:0006099,GO:0009361
BXY_0271100	GO:0003923,GO:0006508,GO:0008233,GO:0016255,GO:0042765
BXY_0271300	GO:0003676,GO:0003723,GO:0005515,GO:0019005,GO:0031146
BXY_0271400	GO:0005886,GO:0007156,GO:0007411,GO:0030424,GO:0070593,GO:0098632
BXY_0271600	GO:0004364,GO:0004602,GO:0005739,GO:0005777,GO:0006749,GO:0016491
BXY_0271800	GO:0000184
BXY_0272000	GO:0004672,GO:0005524,GO:0006468
BXY_0272100	GO:0000978,GO:0000981,GO:0005634,GO:0006355,GO:0006357,GO:0007548,GO:0043565
BXY_0272200	GO:0005634,GO:0005667,GO:0006357
BXY_0272300	GO:0000977,GO:0000981,GO:0006357,GO:0032502,GO:0046983
BXY_0272500	GO:0016042,GO:0016298,GO:0016787
BXY_0272900	GO:0022857,GO:0055085
BXY_0273000	GO:0004930,GO:0005886,GO:0007186,GO:0008528,GO:0016020
BXY_0273200	GO:0004123,GO:0005737,GO:0016846,GO:0019343,GO:0019346,GO:0030170
BXY_0273300	GO:0005096,GO:0007165,GO:0090630
BXY_0273600	GO:0000445,GO:0006406
BXY_0273700	GO:0004672,GO:0004713,GO:0005005,GO:0005515,GO:0005524,GO:0005886,GO:0006468,GO:0007411,GO:0030425,GO:0048013
BXY_0273800	GO:0004672,GO:0004713,GO:0005003,GO:0005005,GO:0005515,GO:0005524,GO:0005886,GO:0006468,GO:0007169,GO:0007411,GO:0030425,GO:0048013
BXY_0273900	GO:0005515
BXY_0274000	GO:0004722,GO:0005634,GO:0005737,GO:0016787
BXY_0274500	GO:0005515,GO:0005847,GO:0006378,GO:0031124
BXY_0274600	GO:0005739
BXY_0274700	GO:0005739,GO:0016853,GO:0051750
BXY_0274800	GO:0000045,GO:0000423,GO:0004197,GO:0005737,GO:0006501,GO:0008234,GO:0016485,GO:0019786,GO:0034727,GO:0035973,GO:0051697
BXY_0274900	GO:0005739,GO:0005763
BXY_0275100	GO:0005179,GO:0005576
BXY_0275200	GO:0005634,GO:0071339
BXY_0275300	GO:0007034
BXY_0275400	GO:0005759,GO:0006631,GO:0006974
BXY_0275500	GO:0004095,GO:0005739,GO:0006631,GO:0009437,GO:0016746
BXY_0275600	GO:0005886,GO:0006812,GO:0006814,GO:0006885,GO:0015297,GO:0015385,GO:0015386,GO:0016020,GO:0051453,GO:0055085,GO:0071805,GO:0098719,GO:1902600
BXY_0275700	GO:0005737,GO:0015031
BXY_0276100	GO:0006606,GO:0006886,GO:0031267
BXY_0276200	GO:0001726,GO:0004439,GO:0005737,GO:0005886,GO:0016791,GO:0046856
BXY_0276400	GO:0004364,GO:0006749
BXY_0276600	GO:0000287,GO:0001561,GO:0003824,GO:0005777,GO:0030976
BXY_0276700	GO:0030431,GO:0032222,GO:1903818
BXY_0276900	GO:0003824,GO:0003844,GO:0004553,GO:0005737,GO:0005975,GO:0005978,GO:0043169
BXY_0277200	GO:0005509
BXY_0277300	GO:0003676,GO:0003723,GO:0005634,GO:0006355
BXY_0277400	GO:0005739,GO:0016226,GO:1990221
BXY_0277500	GO:0005675,GO:0006281,GO:0006289,GO:0006357,GO:0045737,GO:0061575
BXY_0277600	GO:0005737,GO:0006606,GO:0006886,GO:0031267
BXY_0277900	GO:0019825,GO:0020037
BXY_0278000	GO:0005515,GO:0030695
BXY_0278100	GO:0000978,GO:0000981,GO:0005634,GO:0006357
BXY_0278200	GO:0004181,GO:0005615,GO:0006508,GO:0008270
BXY_0278300	GO:0016020,GO:0055085
BXY_0278400	GO:0005743,GO:0006850
BXY_0278500	GO:0003712,GO:0006357,GO:0016592
BXY_0278600	GO:0003735,GO:0005761,GO:0005762,GO:0006412,GO:0032543
BXY_0278700	GO:0005839,GO:0006511,GO:0019773,GO:0030163
BXY_0278800	GO:0005515,GO:0005814,GO:0036064,GO:0060271,GO:0097542
BXY_0278900	GO:0008270
BXY_0279000	GO:0005789,GO:0009922,GO:0016020,GO:0019367,GO:0030148,GO:0034625,GO:0034626,GO:0042761
BXY_0279200	GO:0006811,GO:0006884,GO:0015377,GO:0015379,GO:0016020,GO:0022857,GO:0055064,GO:0055075,GO:0055085,GO:1902476
BXY_0279400	GO:0004252,GO:0006508
BXY_0279500	GO:0005524,GO:0005886,GO:0016020,GO:0016887,GO:0042626,GO:0043190,GO:0055085
BXY_0279600	GO:0005886,GO:0016020,GO:0042626,GO:0055085,GO:0140359
BXY_0279700	GO:0003924,GO:0005509,GO:0005525
BXY_0279800	GO:0003824,GO:0004766,GO:0005829,GO:0008295
BXY_0279900	GO:0000149,GO:0001786,GO:0005509,GO:0005544,GO:0005886,GO:0017156,GO:0030276,GO:0070382
BXY_0280000	GO:0005515
BXY_0280200	GO:0005737
BXY_0280300	GO:0005261,GO:0005765,GO:0005886,GO:0016020,GO:0072345
BXY_0280400	GO:0000422,GO:0004672,GO:0004674,GO:0005524,GO:0005739,GO:0006468,GO:0042981,GO:0090141
BXY_0280500	GO:0005515,GO:0019005,GO:0031146
BXY_0280700	GO:0004725,GO:0005515,GO:0006470,GO:0016311
BXY_0281000	GO:0008417,GO:0009101,GO:0016020
BXY_0281300	GO:0005247,GO:0005769,GO:0005794,GO:0005886,GO:0006821,GO:0008021,GO:0015108,GO:0015299,GO:0016020,GO:0055085
BXY_0281400	GO:0004672,GO:0005524,GO:0006468
BXY_0281500	GO:0003779,GO:0005515,GO:0005884,GO:0014069,GO:0030027,GO:0030425,GO:0030427,GO:0030833,GO:0030864,GO:0045211,GO:0045773,GO:0048812,GO:0051015,GO:0061003,GO:0098974
BXY_0281700	GO:0015149,GO:0015749,GO:0016020,GO:0022857,GO:0055085
BXY_0281800	GO:0005515
BXY_0282000	GO:0005886,GO:0009966,GO:0010314
BXY_0282200	GO:0000978,GO:0005515,GO:0006357,GO:0016589,GO:0035064
BXY_0282300	GO:0000978,GO:0006357,GO:0016589,GO:0035064
BXY_0282500	GO:0000421,GO:0005634,GO:0005657,GO:0005789,GO:0061709,GO:0106300
BXY_0282800	GO:0005886,GO:0006897,GO:0016020,GO:0018996,GO:0030659
BXY_0282900	GO:0004888,GO:0005216,GO:0005230,GO:0006811,GO:0016020,GO:0034220
BXY_0283000	GO:0003824,GO:0005739,GO:0016853,GO:0051750
BXY_0283100	GO:0005886,GO:0006937,GO:0015459,GO:0043266,GO:0055120
BXY_0283200	GO:0005634,GO:0010468,GO:0045944
BXY_0283300	GO:0000077,GO:0003682,GO:0003689,GO:0006281,GO:0033314
BXY_0283400	GO:0005200,GO:0005525,GO:0005874,GO:0007017
BXY_0283500	GO:0005886,GO:0006644,GO:0007165,GO:0008195,GO:0016020,GO:0046839
BXY_0283700	GO:0003824,GO:0005737,GO:0031177,GO:0043041,GO:0044550
BXY_0284100	GO:0003743,GO:0005515,GO:0006413,GO:0008233,GO:0008237,GO:0031369,GO:0071541
BXY_0284200	GO:0000266,GO:0003924,GO:0005525,GO:0005737,GO:0005758,GO:0005874,GO:0006897,GO:0008017,GO:0008053,GO:0016020,GO:0016559,GO:0031966,GO:0048312
BXY_0284300	GO:0016491,GO:0016671
BXY_0284500	GO:0005886,GO:0046854,GO:0072659
BXY_0284600	GO:0005515,GO:0005884,GO:0005886,GO:0016477,GO:0030427,GO:0030833,GO:0030864,GO:0051015
BXY_0284700	GO:0005737
BXY_0285000	GO:0005739,GO:0005743,GO:0033617,GO:0051082
BXY_0285100	GO:0003723,GO:0004386,GO:0005622,GO:0071013
BXY_0285200	GO:0003676,GO:0003723,GO:0004386,GO:0005524,GO:0005622,GO:0071013
BXY_0285300	GO:0004672,GO:0004674,GO:0005515,GO:0005524,GO:0005770,GO:0006468,GO:0006623,GO:0016236,GO:0030242,GO:0034271,GO:0034272,GO:0045324,GO:0071561
BXY_0285400	GO:0005254
BXY_0285500	GO:0004672,GO:0005524,GO:0006468
BXY_0285600	GO:0005096,GO:0005737,GO:0007165,GO:0007264,GO:2001136
BXY_0285700	GO:0005509
BXY_0285900	GO:0006446,GO:0008494
BXY_0286300	GO:0005375,GO:0016020,GO:0035434
BXY_0286400	GO:0005794,GO:0005975,GO:0006486,GO:0006688,GO:0008378,GO:0016757,GO:0033207,GO:0033842,GO:0070085
BXY_0286500	GO:0005515,GO:0014069,GO:0030160,GO:0035255,GO:0043197,GO:0045211,GO:0051705
BXY_0286900	GO:0006694,GO:0016616
BXY_0287000	GO:0046872
BXY_0287100	GO:0000785,GO:0005634,GO:0006338,GO:0010468,GO:0032452,GO:0032454,GO:0051864
BXY_0287200	GO:0004672,GO:0004713,GO:0005524,GO:0006468
BXY_0287400	GO:0019230,GO:0042330,GO:0050954,GO:0071683
BXY_0287900	GO:0006508,GO:0008235
BXY_0288000	GO:0003729,GO:0005685,GO:0006376
BXY_0288200	GO:0005730,GO:0030686,GO:0032040
BXY_0288300	GO:0005515,GO:0005615,GO:0031012
BXY_0288400	GO:0005730,GO:0030686,GO:0032040
BXY_0288600	GO:0004372,GO:0005634,GO:0005737,GO:0005739,GO:0019264,GO:0030170,GO:0035999,GO:0046653
BXY_0288700	GO:0012505
BXY_0288800	GO:0012505
BXY_0288900	GO:0003676,GO:0005524
BXY_0289000	GO:0004190,GO:0005764,GO:0006508,GO:0008219
BXY_0289100	GO:0005829,GO:0061929
BXY_0289200	GO:0004653,GO:0005794,GO:0006493
BXY_0289300	GO:0003333,GO:0005774,GO:0015179,GO:0016020
BXY_0289400	GO:0016409,GO:0018345
BXY_0289600	GO:0003824,GO:0005777,GO:0008609,GO:0008610,GO:0050660,GO:0071949
BXY_0289700	GO:0004672,GO:0005524,GO:0006468
BXY_0289800	GO:0016747
BXY_0290200	GO:0000271,GO:0016020,GO:0016747
BXY_0290600	GO:0016020,GO:0016757
BXY_0290700	GO:0000271,GO:0016020,GO:0016747
BXY_0290800	GO:0016020,GO:0016747,GO:0016757
BXY_0290900	GO:0000271,GO:0016020
BXY_0291000	GO:0008146,GO:0016020,GO:0047756,GO:0050650,GO:1902884
BXY_0291100	GO:0000139,GO:0005975,GO:0015018,GO:0016020,GO:0050650
BXY_0291200	GO:0000271,GO:0016020
BXY_0291400	GO:0008417,GO:0009101,GO:0016020
BXY_0291500	GO:0008417,GO:0009101,GO:0016020
BXY_0291700	GO:0000139,GO:0006493,GO:0009101,GO:0016020,GO:0016757,GO:0016758
BXY_0292300	GO:0000271,GO:0016020,GO:0016747
BXY_0292400	GO:0005615
BXY_0292500	GO:0000977,GO:0000981,GO:0003700,GO:0005634,GO:0006355,GO:0006990
BXY_0292700	GO:0008417,GO:0009101,GO:0016020
BXY_0292900	GO:0008417,GO:0009101,GO:0016020
BXY_0293000	GO:0008417,GO:0009101,GO:0016020
BXY_0293300	GO:0004197,GO:0006508,GO:0006624,GO:0008233,GO:0051603
BXY_0293500	GO:0000271,GO:0016020,GO:0016747
BXY_0293600	GO:0004197,GO:0006508,GO:0006624,GO:0008233,GO:0051603
BXY_0293700	GO:0004197,GO:0006508,GO:0006624,GO:0008233,GO:0051603
BXY_0294100	GO:0004601,GO:0006979
BXY_0294600	GO:0030904,GO:0042147
BXY_0295400	GO:0003924,GO:0005525,GO:0032482
BXY_0295800	GO:0009986
BXY_0295900	GO:0004197,GO:0006508,GO:0006624,GO:0008233,GO:0051603
BXY_0296100	GO:0004197,GO:0006508,GO:0006624,GO:0008233,GO:0051603
BXY_0296300	GO:0009986
BXY_0296400	GO:0009986
BXY_0296500	GO:0009986
BXY_0296900	GO:0003676,GO:0003723
BXY_0297200	GO:0009653
BXY_0297400	GO:0004197,GO:0006508,GO:0006624,GO:0008233,GO:0051603
BXY_0297900	GO:0004672,GO:0005524,GO:0006468
BXY_0298000	GO:0003824,GO:0004301,GO:0016803,GO:0097176
BXY_0298100	GO:0006508,GO:0008233,GO:0016787
BXY_0298200	GO:0004364,GO:0006749
BXY_0298300	GO:0004364,GO:0006749
BXY_0298400	GO:0004364,GO:0006749
BXY_0298600	GO:0004364,GO:0006749
BXY_0298700	GO:0004364,GO:0006749
BXY_0298800	GO:0004364,GO:0006749
BXY_0298900	GO:0004364,GO:0006749
BXY_0299000	GO:0004364,GO:0006749
BXY_0299100	GO:0004364,GO:0006749
BXY_0299200	GO:0004364,GO:0006749
BXY_0299300	GO:0005509
BXY_0299400	GO:0004364,GO:0006749
BXY_0299600	GO:0004364,GO:0006749
BXY_0299700	GO:0004364,GO:0006749
BXY_0299800	GO:0004364,GO:0006749
BXY_0299900	GO:0004364,GO:0006749
BXY_0300000	GO:0004364,GO:0006749
BXY_0300100	GO:0005388,GO:0005886,GO:0019829,GO:0043231
BXY_0300200	GO:0004382,GO:0005509,GO:0017110,GO:0030166,GO:0045134
BXY_0300400	GO:0009226,GO:0016491,GO:0050577
BXY_0300700	GO:0004672,GO:0004674,GO:0005524,GO:0006468,GO:0007165,GO:0061762
BXY_0300800	GO:0003729,GO:0046872
BXY_0300900	GO:0005216,GO:0005242,GO:0005249,GO:0005886,GO:0006811,GO:0006813,GO:0016020,GO:0042391,GO:0055085,GO:0071805
BXY_0301100	GO:0000978,GO:0000981,GO:0003677,GO:0003700,GO:0004879,GO:0005634,GO:0005667,GO:0006355,GO:0006357,GO:0008270,GO:0035259,GO:0043565,GO:0071376
BXY_0301600	GO:0005178,GO:0007155,GO:0007160,GO:0007229,GO:0008305,GO:0009897,GO:0033627,GO:0098609
BXY_0301700	GO:0005509,GO:0006851,GO:0036444,GO:0051560,GO:1990246
BXY_0301800	GO:0005856,GO:0005886,GO:0014069,GO:0051015
BXY_0302000	GO:0000045,GO:0000407,GO:0000422,GO:0004672,GO:0004674,GO:0005524,GO:0005737,GO:0005776,GO:0005829,GO:0006468,GO:0010506,GO:0010508,GO:0016020,GO:0018105,GO:0034045,GO:0034727,GO:0042594,GO:0046777,GO:0048675,GO:0061709
BXY_0303200	GO:0000776,GO:0004672,GO:0004674,GO:0004712,GO:0005524,GO:0005634,GO:0006468,GO:0007059,GO:0007094,GO:0018105,GO:0033316,GO:0034501
BXY_0303300	GO:0005829,GO:0005975,GO:0006072,GO:0006116,GO:0016616,GO:0042803,GO:0046168,GO:0047952,GO:0051287
BXY_0303500	GO:0003924,GO:0005525,GO:0005739,GO:0043022,GO:0045727,GO:0097177
BXY_0303600	GO:0015149,GO:0015749,GO:0016020,GO:0022857,GO:0055085
BXY_0304200	GO:0004653,GO:0005794,GO:0006493
BXY_0304600	GO:0004222,GO:0006508,GO:0006509,GO:0008237
BXY_0305900	GO:0005515
BXY_0306000	GO:0005737,GO:0032790,GO:0070481,GO:0070651,GO:0070966,GO:0071025
BXY_0306100	GO:0004190,GO:0006508
BXY_0306300	GO:0008045
BXY_0306500	GO:0004190,GO:0005764,GO:0006508,GO:0008219
BXY_0306800	GO:0005509,GO:0005515,GO:0007411,GO:0008201,GO:0016020,GO:0048495
BXY_0307200	GO:0004190,GO:0005764,GO:0006508,GO:0008219
BXY_0307300	GO:0004190,GO:0005764,GO:0006508,GO:0008219
BXY_0307400	GO:0003824,GO:0009116
BXY_0307500	GO:0005125,GO:0005576
BXY_0307700	GO:0003924,GO:0005525
BXY_0307800	GO:0003924,GO:0005525
BXY_0307900	GO:0003676,GO:0003723,GO:0005515,GO:0005737
BXY_0308100	GO:0005787,GO:0006465,GO:0016020,GO:0045047
BXY_0308300	GO:0000390,GO:0003676,GO:0071008
BXY_0308500	GO:0003824,GO:0005739,GO:0006635
BXY_0308700	GO:0005634,GO:0010468,GO:0045944
BXY_0308800	GO:0003677,GO:0005634,GO:0031491,GO:0035101,GO:0042393,GO:1902275
BXY_0308900	GO:0005515
BXY_0309200	GO:0005515
BXY_0309400	GO:0005759,GO:0017136,GO:0070403
BXY_0309600	GO:0003847
BXY_0309700	GO:0016311,GO:0016791
BXY_0309900	GO:0004407,GO:0016575,GO:0016581,GO:0031507,GO:0040029
BXY_0310000	GO:0005515,GO:0016020
BXY_0310200	GO:0005811,GO:0016298,GO:0019915
BXY_0310300	GO:0005515,GO:0008233,GO:0008237
BXY_0310600	GO:0003777,GO:0005524,GO:0005876,GO:0007018,GO:0008017,GO:0008574,GO:0051231,GO:0072686,GO:0090307
BXY_0310700	GO:0000045,GO:0005783,GO:0016020,GO:0034975,GO:0072546
BXY_0310800	GO:0005794
BXY_0311100	GO:0003841,GO:0005783,GO:0006654,GO:0008654,GO:0016020,GO:0016746
BXY_0311300	GO:0000972,GO:0005515,GO:0006606,GO:0016973,GO:0017056,GO:0031080
BXY_0311400	GO:0005515,GO:0005737,GO:0006516,GO:0019005,GO:0031146,GO:0036503,GO:0061630
BXY_0311600	GO:0004672,GO:0004674,GO:0005524,GO:0005737,GO:0005856,GO:0006468,GO:0018107,GO:0031032
BXY_0311700	GO:0004672,GO:0004713,GO:0005524,GO:0006468
BXY_0311800	GO:0000978,GO:0003700,GO:0005634,GO:0006355,GO:0008270,GO:0043565
BXY_0312200	GO:0007267,GO:0007275,GO:0016539,GO:0016540
BXY_0312300	GO:0006890,GO:0060628,GO:0070939
BXY_0312500	GO:0009986
BXY_0312600	GO:0003712,GO:0005634,GO:0030018
BXY_0312700	GO:0005524,GO:0016887
BXY_0312800	GO:0001056,GO:0003676,GO:0003899,GO:0005666,GO:0006351,GO:0006386,GO:0008270
BXY_0313000	GO:0004531,GO:0006259,GO:0006309
BXY_0313100	GO:0004531,GO:0006259,GO:0006309
BXY_0313200	GO:0032502
BXY_0313300	GO:0001055,GO:0003677,GO:0003899,GO:0005665,GO:0006351,GO:0006366,GO:0046983
BXY_0313500	GO:0004725,GO:0006470,GO:0016311
BXY_0313600	GO:0004672,GO:0005524,GO:0005886,GO:0006468,GO:0007169,GO:0007275,GO:0007409,GO:0010976,GO:0033674,GO:0043235,GO:0051897
BXY_0313700	GO:0000977,GO:0000981,GO:0003677,GO:0006355,GO:0006357
BXY_0313900	GO:0005886,GO:0008381,GO:0016020
BXY_0314000	GO:0005829,GO:0043023,GO:0061630,GO:0072344,GO:1990112,GO:1990116
BXY_0314700	GO:0016020
BXY_0314800	GO:0005737,GO:0005739,GO:0016020,GO:0061668
BXY_0315100	GO:0000213,GO:0000398,GO:0000932,GO:0003676,GO:0003723,GO:0005688,GO:0006388,GO:0006397,GO:0046540,GO:0071011,GO:0071013,GO:1990726
BXY_0315700	GO:0004185,GO:0006508
BXY_0315800	GO:0004930,GO:0005886,GO:0007186,GO:0016020,GO:0042277,GO:0043005
BXY_0315900	GO:0005739,GO:0006457,GO:0008270,GO:0030150,GO:0050821,GO:0051087
BXY_0316000	GO:0005515,GO:0005543,GO:0005737,GO:0005768,GO:0005886,GO:0007010,GO:0030100,GO:0097320
BXY_0316100	GO:0016192
BXY_0316200	GO:0005634,GO:0008540,GO:0034515,GO:0043161
BXY_0316300	GO:0004930,GO:0005886,GO:0007186,GO:0016020
BXY_0316400	GO:0005886,GO:0005923,GO:0030036,GO:0030334,GO:0031410
BXY_0316600	GO:0000287,GO:0002189,GO:0004749,GO:0005524,GO:0005737,GO:0006015,GO:0006164,GO:0009156,GO:0009165
BXY_0316700	GO:0004930,GO:0007186,GO:0016020
BXY_0317000	GO:0000977,GO:0000981,GO:0005634,GO:0005667,GO:0006355,GO:0006357,GO:0051726
BXY_0317200	GO:0005509
BXY_0317400	GO:0004722,GO:0005634,GO:0005737,GO:0016787
BXY_0317600	GO:0005515,GO:0005737,GO:0005739,GO:0005876,GO:0008017,GO:0097431
BXY_0317700	GO:0003824,GO:0004364,GO:0005737,GO:0006559,GO:0006749,GO:0009072,GO:0016034
BXY_0317900	GO:0005515
BXY_0318000	GO:0005085,GO:0005829,GO:0006897,GO:0032456,GO:0043231,GO:1901981
BXY_0318200	GO:0005634,GO:0005737,GO:0009408,GO:0042026,GO:0051082
BXY_0318300	GO:0003824,GO:0003878,GO:0005829,GO:0006085,GO:0006101,GO:0006633,GO:0046912
BXY_0318400	GO:0000398,GO:0003676,GO:0003723,GO:0005634,GO:0005681,GO:0008270
BXY_0318500	GO:0004672,GO:0004674,GO:0005524,GO:0005737,GO:0006468,GO:0007165,GO:0051262
BXY_0318700	GO:0005615,GO:0062023
BXY_0318900	GO:0000977,GO:0000981,GO:0003677,GO:0005634,GO:0006355,GO:0006357,GO:0030182
BXY_0319600	GO:0004984,GO:0050907
BXY_0319800	GO:0004672,GO:0005524,GO:0006468
BXY_0319900	GO:0005385,GO:0005886,GO:0016020,GO:0030001,GO:0030003,GO:0046873,GO:0055085,GO:0071578,GO:0140410
BXY_0320000	GO:0000176,GO:0000177,GO:0003723,GO:0005730,GO:0016075,GO:0034427,GO:0034475,GO:0071028,GO:0071051
BXY_0320100	GO:0004801,GO:0005622,GO:0005737,GO:0005975,GO:0006098,GO:0009052
BXY_0320200	GO:0003713,GO:0006366
BXY_0320400	GO:0004867
BXY_0320600	GO:0034719
BXY_0320700	GO:0000154,GO:0000179
BXY_0320900	GO:0006357
BXY_0321000	GO:0004175,GO:0006509,GO:0007219,GO:0016020,GO:0016485,GO:0034205,GO:0042500,GO:0055074,GO:0070765
BXY_0321100	GO:0003735,GO:0005840,GO:0006412
BXY_0321200	GO:0006364
BXY_0321300	GO:0004730,GO:0005737,GO:0016301,GO:0016798
BXY_0321500	GO:0005509
BXY_0321600	GO:0000278,GO:0000922,GO:0005516,GO:0007051,GO:0051295
BXY_0321900	GO:0003723,GO:0003725,GO:0020037,GO:0031053,GO:0042802,GO:0070877,GO:0070878
BXY_0322100	GO:0000176,GO:0000177,GO:0000178,GO:0000467,GO:0003723,GO:0034427,GO:0034475,GO:0043928,GO:0071034,GO:0071035,GO:0071038,GO:0071051
BXY_0322200	GO:0005975,GO:0006098,GO:0017057
BXY_0322300	GO:0003747,GO:0005739,GO:0006415
BXY_0323000	GO:0004888,GO:0005216,GO:0005230,GO:0006811,GO:0016020,GO:0022848,GO:0034220,GO:0045211
BXY_0323100	GO:0005230,GO:0006811,GO:0016020
BXY_0323200	GO:0000932,GO:0003723,GO:0003729,GO:0033962,GO:0034063
BXY_0323300	GO:0004888,GO:0005216,GO:0005230,GO:0006811,GO:0016020,GO:0022848,GO:0034220,GO:0045211
BXY_0323400	GO:0016589,GO:0071339
BXY_0323500	GO:0004930,GO:0007186,GO:0016020
BXY_0323600	GO:0000122,GO:0016251,GO:0017025,GO:0017054,GO:0046982,GO:0051123,GO:0140223
BXY_0323700	GO:0005886,GO:0043296,GO:0045216
BXY_0323800	GO:0003723,GO:0005847,GO:0006378,GO:0006398,GO:0098789
BXY_0323900	GO:0000176,GO:0000178,GO:0003723,GO:0005737,GO:0006396
BXY_0324000	GO:0003723,GO:0046872,GO:0098789
BXY_0324300	GO:0004725,GO:0006470,GO:0016311
BXY_0324400	GO:0005516,GO:0006813,GO:0015269,GO:0016020,GO:0016286
BXY_0324500	GO:0000118,GO:0004407,GO:0016575,GO:0040029
BXY_0324600	GO:0004725,GO:0006470,GO:0016311
BXY_0324800	GO:0003824,GO:0004312,GO:0004315,GO:0006633,GO:0009058,GO:0016740,GO:0016746,GO:0031177
BXY_0325000	GO:0004560,GO:0005764,GO:0005975,GO:0006004,GO:0016139
BXY_0325100	GO:0004560,GO:0005764,GO:0005975,GO:0006004,GO:0016139
BXY_0325200	GO:0006281
BXY_0325300	GO:0005737,GO:0006457,GO:0016272,GO:0051082,GO:0051087,GO:0051131
BXY_0325400	GO:0005515
BXY_0325600	GO:0004420,GO:0005515,GO:0005778,GO:0005789,GO:0008299,GO:0015936,GO:0016126,GO:0016616
BXY_0325700	GO:0003676,GO:0005515
BXY_0325800	GO:0005635,GO:0005829,GO:0006606,GO:0006886,GO:0031267
BXY_0325900	GO:0007219,GO:0016567
BXY_0326000	GO:0005886,GO:0016020
BXY_0326100	GO:0004190,GO:0004725,GO:0005764,GO:0006470,GO:0006508,GO:0008219,GO:0016311
BXY_0326200	GO:0004476,GO:0005829,GO:0005975,GO:0008270,GO:0009298
BXY_0326300	GO:0005515,GO:0016491
BXY_0326400	GO:0003743,GO:0005085,GO:0005851,GO:0006413
BXY_0326600	GO:0005787,GO:0006465,GO:0016020,GO:0045047
BXY_0326700	GO:0000124,GO:0003713,GO:0005669,GO:0006367,GO:0016251,GO:0046695,GO:0046982,GO:0051123
BXY_0327000	GO:0035556,GO:0043539
BXY_0327100	GO:0031966,GO:0033615
BXY_0327200	GO:0004791,GO:0005789,GO:0045454
BXY_0327400	GO:0005515,GO:0006886,GO:0006887,GO:0016020,GO:0031267,GO:0042391,GO:0042734,GO:0044325,GO:0048167,GO:0048788,GO:0048791,GO:0050806
BXY_0327500	GO:0000978,GO:0003700,GO:0006355,GO:0008270,GO:0043565
BXY_0327700	GO:0003700,GO:0006355,GO:0008270,GO:0043565
BXY_0327800	GO:0005515
BXY_0328000	GO:0016020
BXY_0328300	GO:0004252,GO:0005829,GO:0006508,GO:0008236,GO:0008240
BXY_0328500	GO:0005515,GO:0005783,GO:0035307,GO:0042326,GO:0051721
BXY_0328600	GO:0003676,GO:0003723,GO:0005515
BXY_0328700	GO:0005096,GO:0031267,GO:0043087
BXY_0328900	GO:0004090
BXY_0329100	GO:0003676,GO:0003723,GO:0003729,GO:0005634,GO:0048024
BXY_0329200	GO:0003678,GO:0003697,GO:0005524,GO:0005739,GO:0006260,GO:0006264,GO:0043139
BXY_0329300	GO:0042302
BXY_0329700	GO:0003676
BXY_0329900	GO:0004930,GO:0007186,GO:0016020
BXY_0330000	GO:0000139,GO:0003756,GO:0005615,GO:0006457,GO:0016971,GO:0016972
BXY_0330100	GO:0004930,GO:0005886,GO:0007186,GO:0007218,GO:0008528,GO:0016020
BXY_0330200	GO:0003824,GO:0005739,GO:0006635
BXY_0330400	GO:0006508,GO:0008234
BXY_0330600	GO:0003676,GO:0003724,GO:0005524,GO:0005829
BXY_0330900	GO:0004930,GO:0007186,GO:0007218,GO:0008188,GO:0016020
BXY_0331000	GO:0032006,GO:0140007
BXY_0331100	GO:0032040
BXY_0331200	GO:0005778,GO:0007031,GO:0030674,GO:0045046
BXY_0331300	GO:0000266,GO:0000422,GO:0005515,GO:0005741,GO:0005778,GO:0016559,GO:0043653
BXY_0331400	GO:0005096,GO:0005737,GO:0016020
BXY_0331500	GO:0016020
BXY_0331800	GO:0016787,GO:0035529,GO:0047631,GO:0051287
BXY_0331900	GO:0004017,GO:0005524,GO:0006139,GO:0006172,GO:0016776,GO:0019205
BXY_0332000	GO:0006511,GO:0031461,GO:0031625
BXY_0332100	GO:0006508,GO:0008234
BXY_0332200	GO:0000978,GO:0003700,GO:0006355,GO:0008270,GO:0043565
BXY_0332300	GO:0043231,GO:1901981
BXY_0332400	GO:0004733,GO:0008615,GO:0010181,GO:0016638,GO:0042823
BXY_0332500	GO:0000340,GO:0003723,GO:0003743,GO:0006413,GO:0016281
BXY_0332600	GO:0005839,GO:0006511,GO:0019773,GO:0030163
BXY_0332700	GO:0000387,GO:0005681,GO:0005829,GO:0005886,GO:0006821,GO:0006884,GO:0034709,GO:0034715,GO:0045292
BXY_0332800	GO:0004672,GO:0005524,GO:0006468
BXY_0333200	GO:0042392
BXY_0333500	GO:0000398,GO:0003676,GO:0005681,GO:0008270,GO:0008380,GO:0030628
BXY_0333600	GO:0005643
BXY_0333800	GO:0000082,GO:0000307,GO:0004672,GO:0004674,GO:0004693,GO:0005524,GO:0005634,GO:0005737,GO:0006468,GO:0007165,GO:0010033,GO:0010389,GO:0010468,GO:0030332
BXY_0334000	GO:0043087
BXY_0334100	GO:0004252,GO:0006508
BXY_0334200	GO:0005886,GO:0006812,GO:0006814,GO:0006885,GO:0015297,GO:0015385,GO:0015386,GO:0016020,GO:0051453,GO:0055085,GO:0071805,GO:0098719,GO:1902600
BXY_0334600	GO:0005267,GO:0005886,GO:0015271,GO:0016020,GO:0022841,GO:0030322,GO:0071805
BXY_0334700	GO:0005515
BXY_0334900	GO:0016491
BXY_0335000	GO:0000417,GO:0000785,GO:0005515,GO:0005634,GO:0006325,GO:0006338,GO:0006351,GO:0031491
BXY_0335200	GO:0000902,GO:0005509,GO:0005886,GO:0005912,GO:0007043,GO:0007155,GO:0007156,GO:0007275,GO:0008013,GO:0016020,GO:0016339,GO:0016342,GO:0016477,GO:0034332,GO:0044331,GO:0045296,GO:0098609,GO:0098742
BXY_0335500	GO:0004672,GO:0004713,GO:0005524,GO:0006468
BXY_0335600	GO:0003723,GO:0004521,GO:0004534,GO:0005847,GO:0006378,GO:0006398
BXY_0335900	GO:0003700,GO:0045944,GO:0046983,GO:0090575
BXY_0336000	GO:0004842,GO:0008270,GO:0016567
BXY_0336100	GO:0005515
BXY_0336300	GO:0004672,GO:0004674,GO:0005524,GO:0005829,GO:0006468,GO:0007200,GO:0035556
BXY_0336700	GO:0003735,GO:0004671,GO:0005783,GO:0005840,GO:0006412,GO:0006481,GO:0016020
BXY_0336800	GO:0000166,GO:0005215,GO:0005507,GO:0005524,GO:0006812,GO:0016020,GO:0016887,GO:0019829,GO:0046872
BXY_0336900	GO:0003735,GO:0005840,GO:0006412,GO:0015935
BXY_0337000	GO:0004478,GO:0005524,GO:0006556
BXY_0337200	GO:0015078,GO:0033177,GO:0033179,GO:0046961,GO:1902600
BXY_0337300	GO:0016836,GO:0047453,GO:0110051
BXY_0337700	GO:0005634,GO:0010468
BXY_0337800	GO:0005385,GO:0005794,GO:0006812,GO:0006829,GO:0006882,GO:0008324,GO:0016020,GO:0030001,GO:0031410,GO:0046873,GO:0055085,GO:1904257
BXY_0337900	GO:0003700,GO:0006355,GO:0045944,GO:0046983,GO:0090575
BXY_0338200	GO:0030424,GO:0042048,GO:0043025,GO:1990834
BXY_0338500	GO:0004888,GO:0005515,GO:0005886,GO:0007166,GO:0016020,GO:0017147,GO:0035567,GO:0042813,GO:0060070
BXY_0339000	GO:0000978,GO:0000981,GO:0003677,GO:0005634,GO:0006355,GO:0006357
BXY_0339100	GO:0004222,GO:0005886,GO:0006508,GO:0008237,GO:0016485
BXY_0339400	GO:0003975,GO:0006488,GO:0016020,GO:0016780
BXY_0339500	GO:0000978,GO:0001006,GO:0001046,GO:0003681,GO:0019185,GO:0042795,GO:0042796
BXY_0339600	GO:0005085,GO:0005886,GO:0007264,GO:0007265,GO:0046982
BXY_0339700	GO:0005515
BXY_0339800	GO:0005753,GO:0015078,GO:0015986
BXY_0339900	GO:0005739,GO:0006744,GO:0016705,GO:0050660,GO:0071949,GO:0106364
BXY_0340000	GO:0005515,GO:0005737,GO:0015629,GO:0030041
BXY_0340200	GO:0003824,GO:0006777,GO:0046872,GO:0051536,GO:0051539,GO:0061798,GO:0061799
BXY_0340300	GO:0008270
BXY_0340500	GO:0005739,GO:0006264,GO:0008297
BXY_0340900	GO:0016020,GO:0055085
BXY_0341600	GO:0005634
BXY_0341700	GO:0003677,GO:0005515,GO:0016514,GO:0042393,GO:0045893
BXY_0341800	GO:0000727,GO:0000811,GO:0006261
BXY_0341900	GO:0004502,GO:0005741,GO:0006569,GO:0019805,GO:0070189,GO:0071949
BXY_0342100	GO:0003676,GO:0005524
BXY_0342200	GO:0005829,GO:0009966,GO:0035303,GO:0051721
BXY_0342300	GO:0005634,GO:0006408
BXY_0343000	GO:0072659
BXY_0343100	GO:0003723,GO:0005515,GO:0005829,GO:0006446,GO:0008494
BXY_0343200	GO:0005524,GO:0015630,GO:0016887
BXY_0343300	GO:0005739
BXY_0343400	GO:0003824,GO:0005739,GO:0008444,GO:0032049
BXY_0343500	GO:0008104,GO:0015031
BXY_0343600	GO:0006631,GO:0031956
BXY_0343700	GO:0005515,GO:0005634,GO:0005737,GO:0006886,GO:0012506,GO:0042593
BXY_0343800	GO:0000226,GO:0015631,GO:0018095,GO:0036064,GO:0036211,GO:0070740
BXY_0343900	GO:0005515
BXY_0344000	GO:0003723,GO:0008270
BXY_0344100	GO:0000776,GO:0003676
BXY_0344200	GO:0000398,GO:0061632,GO:0071014
BXY_0344300	GO:0004672,GO:0005524,GO:0006468
BXY_0344400	GO:0000340,GO:0003723,GO:0003743,GO:0005737,GO:0006413,GO:0016281
BXY_0344600	GO:0005452,GO:0005886,GO:0006820,GO:0016020,GO:0016323,GO:0022857,GO:0050801,GO:0055085
BXY_0344700	GO:0015276,GO:0016020
BXY_0344800	GO:0003743,GO:0003924,GO:0005525,GO:0005737,GO:0006413
BXY_0344900	GO:0004758,GO:0009058,GO:0016740,GO:0017059,GO:0030170,GO:0046512,GO:0046513
BXY_0345000	GO:0005243,GO:0005886,GO:0005921
BXY_0345100	GO:0004930,GO:0005886,GO:0007186,GO:0008528,GO:0016020
BXY_0345300	GO:0004222,GO:0006508,GO:0006509,GO:0008237
BXY_0345400	GO:0004722,GO:0005634,GO:0005737,GO:0016787
BXY_0345500	GO:0004435,GO:0005509,GO:0006629,GO:0007165,GO:0008081,GO:0016042,GO:0035556,GO:0046488,GO:0048015,GO:0051209
BXY_0345700	GO:0000340,GO:0003723,GO:0003743,GO:0005737,GO:0006413,GO:0016281
BXY_0345800	GO:0004366,GO:0006072,GO:0006629,GO:0006631,GO:0008374,GO:0008654,GO:0016746,GO:0019432,GO:0031966
BXY_0345900	GO:0004672,GO:0004713,GO:0005524,GO:0006468
BXY_0346100	GO:0016787
BXY_0347000	GO:0019825,GO:0020037
BXY_0347100	GO:0004888,GO:0005216,GO:0005230,GO:0006811,GO:0016020,GO:0034220
BXY_0347200	GO:0004930,GO:0007186,GO:0016020
BXY_0347300	GO:0003995,GO:0005737,GO:0005739,GO:0016627,GO:0033539,GO:0050660
BXY_0347400	GO:0005886,GO:0007218,GO:0008188
BXY_0347600	GO:0005634,GO:0033260
BXY_0347700	GO:0000049,GO:0001680,GO:0003723,GO:0005739,GO:0006396,GO:0008033,GO:0016779,GO:1990180
BXY_0348100	GO:0005198,GO:0005886,GO:0006886,GO:0016192,GO:0030125,GO:0030130,GO:0030132,GO:0030672,GO:0032050,GO:0072583,GO:0099631
BXY_0348200	GO:0004181,GO:0005615,GO:0006508,GO:0008270
BXY_0348300	GO:0004930,GO:0007186,GO:0016020
BXY_0348600	GO:0005216,GO:0006811,GO:0015276,GO:0016020,GO:0038023
BXY_0348700	GO:0005615,GO:0008289
BXY_0348900	GO:0006886,GO:0015031,GO:0016192,GO:0030117,GO:0030122,GO:0035615,GO:0072583
BXY_0349000	GO:0003735,GO:0005840,GO:0006412
BXY_0349200	GO:0005515,GO:0016020
BXY_0349400	GO:0004672,GO:0004713,GO:0004714,GO:0005524,GO:0005886,GO:0006468,GO:0007169,GO:0007275,GO:0033674,GO:0043235,GO:0045664
BXY_0349500	GO:0005515,GO:0007411,GO:0008270,GO:0043005
BXY_0349600	GO:0005515,GO:0009790,GO:0016323,GO:0019901,GO:0030054,GO:0043113,GO:0045197,GO:0097120,GO:0098609
BXY_0349700	GO:0005829,GO:0006446,GO:0008494
BXY_0349800	GO:0005515
BXY_0349900	GO:0004185,GO:0006508
BXY_0350000	GO:0003676,GO:0003723
BXY_0350300	GO:0000978,GO:0000981,GO:0003700,GO:0005634,GO:0006355,GO:0006357
BXY_0350500	GO:0000976,GO:0003682,GO:0005677,GO:0031507,GO:0045892
BXY_0350600	GO:0005245,GO:0016247,GO:0019226,GO:0032281,GO:0051968,GO:0098839,GO:0098943,GO:0098970,GO:0099590,GO:2000311
BXY_0350700	GO:0007224,GO:0016020,GO:0022857
BXY_0350800	GO:0003677,GO:0006352
BXY_0351500	GO:0005765,GO:0022857,GO:0055085
BXY_0351900	GO:0005515
BXY_0352100	GO:0005125,GO:0005576,GO:0005615,GO:0008083
BXY_0352300	GO:0000978,GO:0000981,GO:0005634,GO:0006355,GO:0006357,GO:0007548,GO:0043565
BXY_0352400	GO:0001786,GO:0005509,GO:0005544,GO:0005634,GO:0005737,GO:0005886,GO:0012506
BXY_0352500	GO:0000460,GO:0000470,GO:0006364,GO:0030687
BXY_0352700	GO:0003677,GO:0003950,GO:0005730,GO:0006302,GO:0008270,GO:0070212,GO:1990404
BXY_0352800	GO:0004721,GO:0005634,GO:0008420,GO:0070940
BXY_0353000	GO:0016491
BXY_0353100	GO:0005524,GO:0005778,GO:0005829,GO:0016558,GO:0016887
BXY_0353300	GO:0005507,GO:0006801,GO:0046872
BXY_0353400	GO:0004672,GO:0004674,GO:0005524,GO:0005737,GO:0006468,GO:0008349,GO:0035556
BXY_0353500	GO:0000139,GO:0005459,GO:0005460,GO:0005789,GO:0022857,GO:0055085,GO:0072334
BXY_0353900	GO:0016020
BXY_0354000	GO:0004888,GO:0005216,GO:0005230,GO:0006811,GO:0016020,GO:0034220
BXY_0354200	GO:0016020
BXY_0354900	GO:0006629,GO:0016787,GO:0016788
BXY_0355000	GO:0005737,GO:0005815,GO:0008017,GO:0030705,GO:0031122,GO:0051959
BXY_0355100	GO:0000243,GO:0000395,GO:0005515,GO:0005685,GO:0006396,GO:0030627,GO:0071004
BXY_0355400	GO:0000166,GO:0003676,GO:0004812,GO:0004815,GO:0005524,GO:0005737,GO:0005739,GO:0006418,GO:0006422,GO:0016874
BXY_0355500	GO:0004571,GO:0005509,GO:0005783,GO:0005975,GO:0016020,GO:1904380,GO:1904382
BXY_0355600	GO:0001725,GO:0003779,GO:0005912,GO:0007507,GO:0030018,GO:0030036,GO:0031941,GO:0051371,GO:0061061
BXY_0355700	GO:0005783,GO:0012505,GO:0016746,GO:0036149
BXY_0355900	GO:0005739,GO:0006083,GO:0008410,GO:0008775
BXY_0356000	GO:0019825,GO:0020037
BXY_0356200	GO:0001732,GO:0003743,GO:0005092,GO:0005515,GO:0005829,GO:0006413,GO:0071074
BXY_0356400	GO:0005509,GO:0016460
BXY_0356500	GO:0003779,GO:0015629,GO:0030042
BXY_0356700	GO:0000281,GO:0000776,GO:0005634,GO:0030496,GO:0032133,GO:0051257,GO:0051310,GO:1990385
BXY_0356800	GO:0005829,GO:0008168,GO:0008170
BXY_0357300	GO:0016020
BXY_0357500	GO:0005484,GO:0005886,GO:0006887,GO:0006906,GO:0016082,GO:0019905,GO:0031201,GO:0031629
BXY_0357600	GO:0004672,GO:0004674,GO:0005524,GO:0006468
BXY_0357700	GO:0004867,GO:0005615
BXY_0357900	GO:0005267,GO:0005886,GO:0015271,GO:0016020,GO:0022841,GO:0030322,GO:0071805
BXY_0358000	GO:0005267,GO:0005886,GO:0015271,GO:0016020,GO:0022841,GO:0030322,GO:0071805
BXY_0358200	GO:0006820,GO:0016020,GO:0022857,GO:0055085
BXY_0358300	GO:0004066,GO:0005829,GO:0006529,GO:0070981
BXY_0358500	GO:0001727,GO:0005737,GO:0006665,GO:0016020,GO:0016301,GO:0016310,GO:0017050,GO:0043231,GO:0046512
BXY_0358600	GO:0005515
BXY_0358800	GO:0005794
BXY_0358900	GO:0008137,GO:0016020,GO:0016491,GO:0016651,GO:0042773,GO:0051536
BXY_0359000	GO:0006535
BXY_0359100	GO:0004792,GO:0005739,GO:0016783
BXY_0359200	GO:0003779,GO:0005200,GO:0005515,GO:0005543,GO:0008091
BXY_0359400	GO:0005634,GO:0008270
BXY_0359500	GO:0035091
BXY_0359600	GO:0005634,GO:0006974,GO:0016791
BXY_0359700	GO:0004722,GO:0005634,GO:0005737,GO:0016787
BXY_0359800	GO:0003924,GO:0005525
BXY_0359900	GO:0003676,GO:0003723,GO:0005730,GO:0032040
BXY_0360000	GO:0003723,GO:0005515,GO:0006355
BXY_0360100	GO:0005524,GO:0006457,GO:0009408,GO:0030544,GO:0031072,GO:0051082
BXY_0360200	GO:0000976,GO:0000978,GO:0003700,GO:0006355,GO:0008270,GO:0043565
BXY_0360400	GO:0005634,GO:0005829,GO:0006879
BXY_0360500	GO:0003924,GO:0005525,GO:0007165,GO:0016020,GO:0032486
BXY_0360600	GO:0016020,GO:0038023
BXY_0360700	GO:0000244,GO:0000398,GO:0005681,GO:0005682,GO:0017070,GO:0030619,GO:0030620,GO:0030623,GO:0071013,GO:0097157
BXY_0360800	GO:0005315,GO:0006817,GO:0016020,GO:0035435
BXY_0360900	GO:0006508,GO:0008234
BXY_0361100	GO:0002084,GO:0005764,GO:0006898,GO:0008474,GO:0016790,GO:0043231,GO:0098599
BXY_0361200	GO:0003677,GO:0003909,GO:0003910,GO:0005524,GO:0005634,GO:0005739,GO:0006266,GO:0006273,GO:0006281,GO:0006310,GO:0071897,GO:1903461
BXY_0361300	GO:0005515
BXY_0361400	GO:0010265
BXY_0361500	GO:0004622,GO:0005789,GO:0006660,GO:0047372,GO:0052651
BXY_0361700	GO:0004024,GO:0005829,GO:0008270,GO:0016491,GO:0046294,GO:0051903
BXY_0361800	GO:0004222,GO:0005886,GO:0006508,GO:0008237,GO:0016485
BXY_0361900	GO:0000086,GO:0004725,GO:0005634,GO:0005737,GO:0006470,GO:0010971,GO:0110032,GO:1902751
BXY_0362000	GO:0003735,GO:0005762,GO:0006412
BXY_0362100	GO:0000086,GO:0004725,GO:0005634,GO:0005737,GO:0006470,GO:0010971,GO:0110032,GO:1902751
BXY_0362300	GO:0004722,GO:0005634,GO:0005737,GO:0016787
BXY_0362500	GO:0004725,GO:0006470,GO:0016311
BXY_0362600	GO:0005634,GO:0005737,GO:0008143,GO:0043488,GO:0046872,GO:1900364
BXY_0362700	GO:0003712,GO:0006357,GO:0016592,GO:0070847
BXY_0362800	GO:0004672,GO:0005524,GO:0006468
BXY_0363100	GO:0005516,GO:0006813,GO:0015269,GO:0016020,GO:0016286
BXY_0363300	GO:0004175,GO:0004252,GO:0006465,GO:0006508,GO:0006627,GO:0008236,GO:0016020,GO:0042720,GO:0070585
BXY_0363400	GO:0004222,GO:0004867,GO:0006508,GO:0030198,GO:0031012
BXY_0363600	GO:0016020,GO:0045595
BXY_0363700	GO:0016491
BXY_0363800	GO:0001671,GO:0005829,GO:0006457,GO:0032781,GO:0051087
BXY_0363900	GO:0006272,GO:0006974,GO:0008622,GO:0008623,GO:0031490,GO:0031507,GO:0046982
BXY_0364000	GO:0005509,GO:0005515,GO:0005737,GO:0005886,GO:0006897,GO:0016197
BXY_0364300	GO:0005814,GO:0060271,GO:0097730
BXY_0364400	GO:0000978,GO:0000981,GO:0005667,GO:0006355,GO:0006357,GO:0046983,GO:0090575
BXY_0364500	GO:0005483,GO:0005515,GO:0005774,GO:0006886,GO:0019905,GO:0031201,GO:0035494
BXY_0364600	GO:0003857,GO:0005739,GO:0006631,GO:0006635,GO:0016491,GO:0016616,GO:0070403
BXY_0364800	GO:0004476,GO:0005829,GO:0005975,GO:0008270,GO:0009298
BXY_0365000	GO:0000724,GO:0005515,GO:0031297,GO:0043596
BXY_0365100	GO:0000722,GO:0000794,GO:0003691,GO:0006302,GO:0007004,GO:0016887,GO:0030870,GO:0032508,GO:0043047,GO:0051880,GO:0070192
BXY_0365300	GO:0005615,GO:0005737,GO:0006508,GO:0008237,GO:0008270,GO:0016020,GO:0042277,GO:0043171,GO:0070006
BXY_0365400	GO:0003676,GO:0003723,GO:0006396,GO:0008173
BXY_0365500	GO:0001046,GO:0005634,GO:0006366,GO:0016251,GO:0017054,GO:0046982
BXY_0365600	GO:0000245,GO:0000398,GO:0000974,GO:0005515,GO:0006396,GO:0071007,GO:0071011,GO:0071014
BXY_0365700	GO:0000139,GO:0005789,GO:0022857,GO:0046963,GO:0046964,GO:0055085
BXY_0365900	GO:0005515
BXY_0366000	GO:0005515
BXY_0366100	GO:0004622,GO:0005789,GO:0006660,GO:0047372,GO:0052651
BXY_0366200	GO:0004596,GO:0016747,GO:0017196,GO:0031416
BXY_0366300	GO:0005102,GO:0005515,GO:0005778,GO:0016560,GO:1990429
BXY_0366500	GO:0016936,GO:0030246
BXY_0366600	GO:0003677,GO:0003714,GO:0003723,GO:0005730,GO:0006355,GO:0008134,GO:0043565
BXY_0366700	GO:0000178,GO:0000460,GO:0003677,GO:0003723,GO:0005730,GO:0010468
BXY_0366800	GO:0003677,GO:0003725,GO:0045893,GO:0071013
BXY_0366900	GO:0005096,GO:0005515,GO:0005737,GO:0051056
BXY_0367000	GO:0000398
BXY_0367100	GO:0003676,GO:0005524
BXY_0367300	GO:0004725,GO:0006470,GO:0016311
BXY_0367400	GO:0016209
BXY_0367900	GO:0015149,GO:0015749,GO:0016020,GO:0022857,GO:0055085
BXY_0368300	GO:0004725,GO:0006470,GO:0016311
BXY_0368600	GO:0004484,GO:0005524,GO:0006370,GO:0006470,GO:0016311,GO:0140818
BXY_0368700	GO:0005515,GO:0005737,GO:0017196,GO:0031415
BXY_0368800	GO:0042302
BXY_0368900	GO:0000159,GO:0007165,GO:0019888
BXY_0369000	GO:0003924,GO:0005525,GO:0005794,GO:0006886,GO:0034067,GO:0043001
BXY_0369200	GO:0003676,GO:0003724,GO:0005524,GO:0005829
BXY_0369300	GO:0005515
BXY_0369600	GO:0009986
BXY_0369700	GO:0009986
BXY_0369800	GO:0009986
BXY_0369900	GO:0000139,GO:0015165,GO:0016020,GO:0090481
BXY_0370000	GO:0005515,GO:0005739
BXY_0370100	GO:0006355,GO:0070176
BXY_0370400	GO:0003993,GO:0016787,GO:0046872
BXY_0370700	GO:0000079,GO:0000307,GO:0005634,GO:0016538,GO:0019901
BXY_0370800	GO:0000118,GO:0004407,GO:0016575,GO:0040029
BXY_0370900	GO:0012505,GO:0015036
BXY_0371400	GO:0004930,GO:0005886,GO:0007186,GO:0016020,GO:0042277,GO:0043005
BXY_0371700	GO:0004725,GO:0006470,GO:0016311
BXY_0371900	GO:0030515,GO:0031428,GO:0032040
BXY_0372000	GO:0003735,GO:0005763,GO:0005840,GO:0006412,GO:0015935
BXY_0372100	GO:0004001,GO:0005634,GO:0005829,GO:0006144,GO:0006166,GO:0016301
BXY_0372300	GO:0003676,GO:0003723,GO:0003729,GO:0005634,GO:0008270
BXY_0372400	GO:0000165,GO:0004672,GO:0004674,GO:0004709,GO:0005524,GO:0006468,GO:0007165
BXY_0372500	GO:0009986
BXY_0372600	GO:0005243,GO:0005886,GO:0005921
BXY_0372800	GO:0003700,GO:0006355,GO:0007165,GO:0007606,GO:0016020
BXY_0372900	GO:0004672,GO:0004674,GO:0005524,GO:0005634,GO:0005737,GO:0005829,GO:0006468,GO:0007165,GO:0018107,GO:0030154,GO:0030424,GO:0032436,GO:0070507,GO:0090090
BXY_0373000	GO:0004672,GO:0004713,GO:0005524,GO:0006468
BXY_0373100	GO:0005267,GO:0005886,GO:0015271,GO:0016020,GO:0022841,GO:0030322,GO:0071805
BXY_0373400	GO:0003993,GO:0016787,GO:0046872
BXY_0373500	GO:0022857,GO:0055085
BXY_0373600	GO:0005634,GO:0005667,GO:0006357
BXY_0373700	GO:0003676,GO:0003724,GO:0005524
BXY_0373900	GO:0016192
BXY_0374200	GO:0004725,GO:0006470
BXY_0374300	GO:0004888,GO:0005216,GO:0005230,GO:0006811,GO:0016020,GO:0034220
BXY_0374400	GO:0016020,GO:0055085
BXY_0374500	GO:0002084,GO:0005886,GO:0006508,GO:0008236,GO:0008474,GO:0010008
BXY_0374800	GO:0000287,GO:0004721,GO:0004722,GO:0006470,GO:0030145,GO:0043169
BXY_0374900	GO:0003676,GO:0003724,GO:0005524
BXY_0375100	GO:0005515,GO:0005737,GO:0016567
BXY_0375200	GO:0003676
BXY_0375500	GO:0032039,GO:0034472
BXY_0375800	GO:0004867
BXY_0375900	GO:0003746,GO:0005515,GO:0006414,GO:0070125
BXY_0376200	GO:0005743,GO:0007005,GO:0055088
BXY_0376300	GO:0005515
BXY_0376400	GO:0005743,GO:0007005,GO:0055088
BXY_0376500	GO:0008080,GO:0016747
BXY_0376600	GO:0005515
BXY_0376700	GO:0004867
BXY_0376900	GO:0004792,GO:0005739,GO:0016783
BXY_0377100	GO:0000978,GO:0000981,GO:0003677,GO:0005634,GO:0005667,GO:0006357
BXY_0377300	GO:0008080,GO:0016747
BXY_0377600	GO:0005737,GO:0006751,GO:0061928
BXY_0377700	GO:0003824,GO:0004633,GO:0010181,GO:0015937,GO:0071513
BXY_0377800	GO:0004672,GO:0004713,GO:0004714,GO:0005524,GO:0005886,GO:0006468,GO:0007169,GO:0007275,GO:0033674,GO:0043235
BXY_0377900	GO:0005737,GO:0006548,GO:0016787,GO:0016810,GO:0016812,GO:0019556,GO:0050480
BXY_0378000	GO:0007399,GO:0030133,GO:0043005,GO:0043025
BXY_0378200	GO:0004149,GO:0005739,GO:0006099,GO:0016746,GO:0045252
BXY_0378300	GO:0003676,GO:0005737,GO:0006308,GO:0008296,GO:0008408
BXY_0378500	GO:0016311,GO:0016791
BXY_0378600	GO:0004645,GO:0005737,GO:0005975,GO:0005980,GO:0008184,GO:0030170
BXY_0378700	GO:0001042,GO:0001181,GO:0005634,GO:0006361
BXY_0378800	GO:0000978,GO:0000981,GO:0003677,GO:0005634,GO:0006355,GO:0006357,GO:0030154
BXY_0379000	GO:0000009,GO:0000030,GO:0005789,GO:0006487,GO:0016757
BXY_0379100	GO:0016020
BXY_0379200	GO:0008250
BXY_0379300	GO:0004867
BXY_0379500	GO:0000226,GO:0015631,GO:0018095,GO:0036064,GO:0036211,GO:0070740
BXY_0379600	GO:0003924,GO:0005525,GO:0007264
BXY_0379700	GO:0004497,GO:0005506,GO:0016705,GO:0020037
BXY_0379900	GO:0016529,GO:0031674,GO:0055120
BXY_0380200	GO:0004930,GO:0007186,GO:0016020
BXY_0380300	GO:0003723
BXY_0380400	GO:0005515,GO:0005730,GO:0042254
BXY_0380600	GO:0008270,GO:0030544,GO:0044325,GO:0048471,GO:1901018
BXY_0380700	GO:0000463,GO:0000492,GO:0005634,GO:0048254,GO:0070761
BXY_0380900	GO:0000150,GO:0000166,GO:0000724,GO:0000730,GO:0000794,GO:0003677,GO:0003690,GO:0003697,GO:0005524,GO:0006259,GO:0006281,GO:0006312,GO:0007131,GO:0008094,GO:0042148,GO:0070192,GO:0140664,GO:1990426
BXY_0381000	GO:0031262,GO:0051315
BXY_0381100	GO:0019825,GO:0020037
BXY_0381200	GO:0004553,GO:0004565,GO:0005975
BXY_0381500	GO:0005506,GO:0008198,GO:0016705,GO:0031418,GO:0031543,GO:0071456
BXY_0381600	GO:0016192,GO:0035658,GO:0043231
BXY_0381700	GO:0003824,GO:0005829,GO:0009116,GO:0016763,GO:0017061,GO:0019509
BXY_0381800	GO:0005385,GO:0005886,GO:0016020,GO:0030001,GO:0030003,GO:0046873,GO:0055085,GO:0071578,GO:0140410
BXY_0382000	GO:0004222,GO:0005886,GO:0006508,GO:0008237,GO:0016485
BXY_0382100	GO:0003735,GO:0005739
BXY_0382200	GO:0003883,GO:0005737,GO:0006221,GO:0006241,GO:0019856,GO:0042802,GO:0097268
BXY_0382300	GO:0004430,GO:0005765,GO:0005768,GO:0005802,GO:0005886,GO:0007030,GO:0007032,GO:0046854
BXY_0382600	GO:0016020,GO:0022857,GO:0051184,GO:0055085
BXY_0382700	GO:0005262,GO:0005886,GO:0006874,GO:0008273,GO:0016020,GO:0055085,GO:0070588
BXY_0382800	GO:0007154,GO:0016020
BXY_0383000	GO:0071013
BXY_0383100	GO:0004888,GO:0005216,GO:0005230,GO:0006811,GO:0016020,GO:0034220
BXY_0383300	GO:0000978,GO:0003700,GO:0005634,GO:0006357
BXY_0383500	GO:0003824
BXY_0383600	GO:0003824
BXY_0383700	GO:0003824
BXY_0383800	GO:0005515
BXY_0384200	GO:0000977,GO:0000981,GO:0006355,GO:0006357,GO:0046983,GO:0071456
BXY_0384400	GO:0016787
BXY_0384700	GO:0004672,GO:0005524,GO:0006468
BXY_0384900	GO:0000226,GO:0004672,GO:0004674,GO:0005524,GO:0005737,GO:0006468,GO:0035556,GO:0050321
BXY_0385000	GO:0004867,GO:0005615
BXY_0385200	GO:0005085,GO:0005829,GO:0007165,GO:0016192,GO:0030139,GO:0031267
BXY_0385300	GO:0005085,GO:0005509,GO:0005886,GO:0007264,GO:0007265
BXY_0385400	GO:0005515
BXY_0385600	GO:0016020,GO:0016192
BXY_0385700	GO:0005783,GO:0006890,GO:0031201
BXY_0385900	GO:0004839,GO:0005634,GO:0005737,GO:0006511,GO:0006974,GO:0008641,GO:0016567,GO:0032446,GO:0036211
BXY_0386100	GO:0005267,GO:0005515,GO:0005886,GO:0015271,GO:0016020,GO:0022841,GO:0030322,GO:0071805
BXY_0386200	GO:0002084,GO:0005886,GO:0008474,GO:0010008
BXY_0386300	GO:0005515
BXY_0386400	GO:0031048,GO:0071013,GO:1902369
BXY_0386500	GO:0004722,GO:0005634,GO:0005737,GO:0016787
BXY_0386600	GO:0004888,GO:0004930,GO:0004965,GO:0007186,GO:0007214,GO:0016020,GO:0038039
BXY_0386800	GO:0004499,GO:0050660,GO:0050661
BXY_0387100	GO:0003735,GO:0005762,GO:0005840,GO:0006412
BXY_0387200	GO:0005813,GO:0009838,GO:0030496,GO:0032154,GO:0032266,GO:0044878,GO:0046872
BXY_0387400	GO:0005634,GO:0008270,GO:0016788
BXY_0387600	GO:0000070,GO:0005737,GO:0005828,GO:0007094,GO:0031267,GO:1903394,GO:1990423
BXY_0387900	GO:0005737
BXY_0388000	GO:0005315,GO:0005743,GO:0035435,GO:1990547
BXY_0388100	GO:0004888,GO:0005216,GO:0005230,GO:0006811,GO:0016020,GO:0022848,GO:0034220,GO:0045211
BXY_0388200	GO:0004252,GO:0006508
BXY_0388500	GO:0004144,GO:0005789,GO:0006629,GO:0008374,GO:0019432
BXY_0388700	GO:0004725,GO:0006470
BXY_0389200	GO:0005929,GO:0044782
BXY_0389400	GO:0004888,GO:0005216,GO:0005230,GO:0006811,GO:0016020,GO:0034220
BXY_0389600	GO:0016624,GO:0030976
BXY_0389800	GO:0000774,GO:0050821,GO:0051087
BXY_0390200	GO:0005737
BXY_0390500	GO:0005576
BXY_0390600	GO:0003333,GO:0015179,GO:0016020,GO:0022857,GO:0055085
BXY_0390700	GO:0003824,GO:0005739,GO:0018773
BXY_0391000	GO:0004843,GO:0005634,GO:0016579,GO:0016787,GO:0043130,GO:0071108
BXY_0391100	GO:0003735,GO:0005840,GO:0006412,GO:0022618,GO:0022625
BXY_0391200	GO:0004888,GO:0005216,GO:0005230,GO:0006811,GO:0016020,GO:0034220
BXY_0391400	GO:0005230,GO:0006811,GO:0016020
BXY_0391500	GO:0006777
BXY_0391600	GO:0004843,GO:0016579
BXY_0391700	GO:0004843,GO:0016579
BXY_0391800	GO:0004725,GO:0006470,GO:0016311
BXY_0392000	GO:0004843,GO:0016579
BXY_0392100	GO:0005739,GO:0097193
BXY_0392200	GO:0006400,GO:0101030
BXY_0392400	GO:0005674,GO:0006366,GO:0006367
BXY_0392600	GO:0003677,GO:0003700,GO:0005634,GO:0006355
BXY_0392700	GO:0005509
BXY_0392900	GO:0015174,GO:0016020
BXY_0393000	GO:0005576,GO:0008061
BXY_0393400	GO:0005634,GO:0008270,GO:0016788
BXY_0393500	GO:0003824
BXY_0393600	GO:0003735,GO:0005840,GO:0006412
BXY_0393800	GO:0042302
BXY_0393900	GO:0000122,GO:0003682,GO:0003713,GO:0003714,GO:0005654,GO:0006355,GO:0016581,GO:0042826,GO:0043565
BXY_0394000	GO:0003824,GO:0004586,GO:0005737,GO:0006596,GO:0033387
BXY_0394200	GO:0001054,GO:0001055,GO:0001056,GO:0003677,GO:0003899,GO:0005634,GO:0005665,GO:0005666,GO:0005736,GO:0006351,GO:0006360,GO:0006366,GO:0042797
BXY_0394300	GO:0003735,GO:0005763,GO:0006412,GO:0008168,GO:0015935
BXY_0394400	GO:0005515
BXY_0394500	GO:0005515
BXY_0395100	GO:0010181,GO:0016491
BXY_0395200	GO:0004402,GO:0006355,GO:0035267,GO:0044545,GO:0046972,GO:0072487
BXY_0395300	GO:0003755,GO:0005515
BXY_0395400	GO:0004045,GO:0005515,GO:0005829,GO:0031966
BXY_0395500	GO:0005576,GO:0030414
BXY_0395700	GO:0004725,GO:0006470,GO:0016311
BXY_0395800	GO:0005515
BXY_0395900	GO:0005886,GO:0006751,GO:0036374
BXY_0396000	GO:0019825,GO:0020037
BXY_0396100	GO:0005515,GO:0006487,GO:0036071,GO:0046921
BXY_0396200	GO:0003730,GO:0005634,GO:0005739,GO:0070129
BXY_0396300	GO:0000175,GO:0003824
BXY_0396400	GO:0004252,GO:0006465,GO:0006508,GO:0006627,GO:0008236,GO:0016020,GO:0042720
BXY_0397000	GO:0000149,GO:0001786,GO:0005509,GO:0005544,GO:0005886,GO:0016020,GO:0017156,GO:0030276,GO:0030424,GO:0030672,GO:0031045,GO:0048488,GO:0048791,GO:0070382
BXY_0397100	GO:0007218,GO:0030141,GO:0030234,GO:0046883
BXY_0397200	GO:0003712,GO:0006357,GO:0016592,GO:0070847
BXY_0397300	GO:0005634
BXY_0397400	GO:0016779,GO:0031123,GO:0050265,GO:0071076
BXY_0397500	GO:0005634,GO:0006352,GO:0006367,GO:0016251,GO:0017025,GO:0070897,GO:0097550
BXY_0397600	GO:0004888,GO:0007606,GO:0016020
BXY_0397700	GO:0000786,GO:0003677,GO:0003690,GO:0005634,GO:0006334,GO:0030261,GO:0030527,GO:0031492,GO:0045910
BXY_0398100	GO:0000422,GO:0005737,GO:0005776,GO:0006914,GO:0006995,GO:0019776,GO:0034045,GO:0034274,GO:0034727,GO:0044233,GO:0061739,GO:0061908,GO:0061912
BXY_0398200	GO:0006513,GO:0046872,GO:0061630
BXY_0398400	GO:0000978,GO:0000981,GO:0003700,GO:0006351,GO:0006355,GO:0006357
BXY_0398600	GO:0005576,GO:0030570,GO:0045490
BXY_0398800	GO:0005783,GO:0036503,GO:0051087,GO:0051787
BXY_0399000	GO:0004467,GO:0005783,GO:0016020
BXY_0399100	GO:0019825,GO:0020037
BXY_0399200	GO:0016747
BXY_0399400	GO:0005801,GO:0005802,GO:0006888,GO:0030008,GO:0043087,GO:0048193
BXY_0399600	GO:0003676,GO:0003723
BXY_0399700	GO:0005483,GO:0005515,GO:0005774,GO:0006886,GO:0019905,GO:0031201
BXY_0400400	GO:0004725,GO:0006470,GO:0016311
BXY_0400600	GO:0008080
BXY_0400900	GO:0005634
BXY_0401000	GO:0005737,GO:0005829,GO:0006777,GO:0007529,GO:0030425,GO:0032324,GO:0045211,GO:0061599,GO:0072579,GO:0097112,GO:0098970,GO:0099572
BXY_0401100	GO:0016020,GO:0022857,GO:0055085
BXY_0401200	GO:0004651,GO:0006470,GO:0016311
BXY_0401300	GO:0003677,GO:0003689,GO:0005524,GO:0005634,GO:0005663,GO:0006260,GO:0006261,GO:0006281,GO:0016887
BXY_0401500	GO:0016020,GO:0022857,GO:0055085
BXY_0401700	GO:0042302
BXY_0401900	GO:0042302
BXY_0402000	GO:0042302
BXY_0402100	GO:0042302
BXY_0402300	GO:0004190,GO:0006508
BXY_0402400	GO:0004190,GO:0005764,GO:0006508,GO:0008219
BXY_0402500	GO:0004190,GO:0006508
BXY_0402600	GO:0004190,GO:0006508
BXY_0402700	GO:0004190,GO:0006508
BXY_0402800	GO:0004190,GO:0006508
BXY_0402900	GO:0004190,GO:0006508
BXY_0403000	GO:0000324,GO:0004190,GO:0006508
BXY_0403100	GO:0004190,GO:0006508
BXY_0403200	GO:0004190,GO:0006508
BXY_0403300	GO:0004190,GO:0006508
BXY_0403400	GO:0007606,GO:0016020
BXY_0403500	GO:0005737,GO:0008270,GO:0043227,GO:0070290,GO:0070291,GO:0070292
BXY_0403600	GO:0005737,GO:0008270,GO:0043227,GO:0070290,GO:0070291,GO:0070292
BXY_0404100	GO:0005634,GO:0005829,GO:0006606,GO:0030544,GO:0061608
BXY_0404300	GO:0004672,GO:0004674,GO:0005524,GO:0006468,GO:0018105,GO:0018107,GO:0045292
BXY_0404800	GO:0016020
BXY_0405000	GO:0000287,GO:0019509,GO:0043874
BXY_0405100	GO:0005515,GO:0005656,GO:0006261,GO:0006364,GO:0120330
BXY_0405200	GO:0004672,GO:0004674,GO:0005524,GO:0006468
BXY_0405400	GO:0005267,GO:0005886,GO:0015271,GO:0016020,GO:0022841,GO:0030322,GO:0071805
BXY_0406000	GO:0016491
BXY_0406400	GO:0004672,GO:0004714,GO:0005515,GO:0005524,GO:0005886,GO:0006468,GO:0007169,GO:0007275,GO:0016020,GO:0033674,GO:0043235
BXY_0406500	GO:0042302
BXY_0406700	GO:0003676,GO:0003724,GO:0005524
BXY_0406800	GO:0007015,GO:0015629,GO:0051015
BXY_0407000	GO:0005515
BXY_0407700	GO:0019825,GO:0020037
BXY_0408000	GO:0006508,GO:0008234
BXY_0408100	GO:0006508,GO:0008234
BXY_0408500	GO:0006508,GO:0008234
BXY_0408600	GO:0005783,GO:0012505,GO:0016746,GO:0036149
BXY_0408700	GO:0005672,GO:0006366,GO:0006367
BXY_0408800	GO:0005515
BXY_0408900	GO:0005515,GO:0007015,GO:0015629,GO:0051015
BXY_0409500	GO:0005509,GO:0005515,GO:0005525,GO:0005737,GO:0005769,GO:0005886,GO:0006897,GO:0016197,GO:0030139,GO:0032456,GO:0045296,GO:0048471,GO:0055038,GO:0060271,GO:0072659
BXY_0409600	GO:0016020
BXY_0409800	GO:0004222,GO:0006508,GO:0008237
BXY_0409900	GO:0004190,GO:0005764,GO:0006508,GO:0008219
BXY_0410000	GO:0004222,GO:0005886,GO:0006508,GO:0008237,GO:0016485
BXY_0410100	GO:0006508,GO:0008234
BXY_0410500	GO:0000813,GO:0006612,GO:0006623,GO:0043162
BXY_0410600	GO:0005515,GO:0005737,GO:0006886,GO:0006914,GO:0016020,GO:0016192,GO:0034058
BXY_0410700	GO:0005267,GO:0005515,GO:0005886,GO:0015271,GO:0016020,GO:0022841,GO:0030322,GO:0071805
BXY_0410800	GO:0000811,GO:1902975
BXY_0410900	GO:0005515
BXY_0411100	GO:0003676
BXY_0411300	GO:0004672,GO:0005524,GO:0006468
BXY_0411400	GO:0004497,GO:0005506,GO:0016705,GO:0020037
BXY_0411500	GO:0004497,GO:0005506,GO:0016705,GO:0020037
BXY_0411700	GO:0005515
BXY_0412000	GO:0042302
BXY_0412100	GO:0004930,GO:0005515,GO:0005886,GO:0007186,GO:0007189,GO:0007190,GO:0008528,GO:0009755,GO:0016020,GO:0016500
BXY_0412500	GO:0005125,GO:0005576
BXY_0412700	GO:0004371,GO:0005829,GO:0006071,GO:0019563
BXY_0412900	GO:0000978,GO:0003700,GO:0004348,GO:0006355,GO:0006665,GO:0006680,GO:0008270,GO:0043565
BXY_0413000	GO:0004348,GO:0006665,GO:0006680
BXY_0413100	GO:0017196,GO:0031417
BXY_0413200	GO:0005886,GO:0006751,GO:0036374
BXY_0413300	GO:0004620,GO:0006644
BXY_0413400	GO:0008146
BXY_0413500	GO:0004865,GO:0005634,GO:0008157
BXY_0413800	GO:0006508,GO:0008234
BXY_0414000	GO:0016747
BXY_0414100	GO:0006508,GO:0008234
BXY_0414200	GO:0000209,GO:0005515,GO:0008592,GO:0061630
BXY_0414300	GO:0000062,GO:0000139
BXY_0414400	GO:0005515,GO:0019005,GO:0031146
BXY_0414500	GO:0000139
BXY_0414600	GO:0000226,GO:0005524,GO:0015631,GO:0018095,GO:0036064,GO:0036211,GO:0046872,GO:0070740
BXY_0414700	GO:0005737,GO:0005975,GO:0016301,GO:0046177,GO:0046316
BXY_0414900	GO:0005886,GO:0090090
BXY_0415000	GO:0005509
BXY_0415100	GO:0003682,GO:0005730,GO:0006270
BXY_0415200	GO:0003746,GO:0003924,GO:0005525,GO:0005739,GO:0006414,GO:0070125
BXY_0415500	GO:0005868,GO:0005930,GO:0035721,GO:0035735,GO:0036064,GO:0045504
BXY_0415600	GO:0035869,GO:1905515
BXY_0415700	GO:0003677,GO:0006351
BXY_0416100	GO:0046983
BXY_0416300	GO:0005436,GO:0016020,GO:0044341
BXY_0416400	GO:0005436,GO:0016020,GO:0044341
BXY_0416500	GO:0000149,GO:0001786,GO:0005509,GO:0005544,GO:0005886,GO:0017156,GO:0030276,GO:0070382
BXY_0416800	GO:0004984,GO:0050907
BXY_0417000	GO:0016491,GO:0016671
BXY_0417300	GO:0016491
BXY_0417800	GO:0016491
BXY_0417900	GO:0003857,GO:0004300,GO:0005777,GO:0006635,GO:0044594
BXY_0418000	GO:0003857,GO:0004300,GO:0005777,GO:0006635,GO:0044594
BXY_0418100	GO:0003676,GO:0003723,GO:0004143,GO:0007165,GO:0007200,GO:0016020,GO:0016301
BXY_0418300	GO:0000271,GO:0005829,GO:0008830,GO:0016854
BXY_0418500	GO:0004435,GO:0006629,GO:0007165,GO:0008081,GO:0035556,GO:0046488,GO:0048015,GO:0051209
BXY_0419100	GO:0005452,GO:0005886,GO:0006820,GO:0008509,GO:0008510,GO:0015701,GO:0016020,GO:0022857,GO:0050801,GO:0051453,GO:0055085
BXY_0419200	GO:0005452,GO:0005886,GO:0006820,GO:0008510,GO:0015701,GO:0016020,GO:0022857,GO:0050801,GO:0051453,GO:0055085
BXY_0419500	GO:0004658,GO:0005524,GO:0005739,GO:0046872
BXY_0419600	GO:0005634
BXY_0419700	GO:0003779,GO:0003785,GO:0005938,GO:0042989
BXY_0419800	GO:0005254,GO:0005783,GO:0016020
BXY_0419900	GO:0005515,GO:0005737,GO:0007167,GO:0016477,GO:0030971,GO:0035591,GO:0048013
BXY_0420100	GO:0006511
BXY_0420200	GO:0016020,GO:0022857,GO:0055085
BXY_0420400	GO:0006511
BXY_0421000	GO:0004672,GO:0005524,GO:0006468
BXY_0421200	GO:0004672,GO:0005524,GO:0006468
BXY_0421300	GO:0003857,GO:0005739,GO:0006631,GO:0006635,GO:0016491,GO:0016616,GO:0070403
BXY_0421500	GO:0004252,GO:0005829,GO:0006508,GO:0008236,GO:0070012
BXY_0421900	GO:0005737,GO:0008641,GO:0016925,GO:0019948,GO:0031510,GO:0032446
BXY_0422000	GO:0003824,GO:0004334,GO:0006559,GO:0006572,GO:0009072,GO:1902000
BXY_0422100	GO:0004725,GO:0006470,GO:0016311
BXY_0422200	GO:0004930,GO:0007186,GO:0016020
BXY_0422400	GO:0004930,GO:0007186,GO:0016020
BXY_0422700	GO:0004672,GO:0005524,GO:0006468
BXY_0422800	GO:0004725,GO:0006470
BXY_0423100	GO:0004672,GO:0004713,GO:0005524,GO:0006468
BXY_0423300	GO:0016491
BXY_0423400	GO:0004360,GO:0006002,GO:0006047,GO:0006487
BXY_0423500	GO:0005737
BXY_0423800	GO:0003924,GO:0005525,GO:0007165,GO:0016020
BXY_0423900	GO:0000056,GO:0000447,GO:0000472,GO:0000480,GO:0003723,GO:0005730,GO:0030686,GO:0030688
BXY_0424000	GO:0003676,GO:0015074
BXY_0424500	GO:0004842,GO:0008270,GO:0016567
BXY_0424600	GO:0004591,GO:0005739,GO:0006099,GO:0016624,GO:0030976,GO:0045252
BXY_0424700	GO:0006357,GO:0016538
BXY_0424800	GO:0003676,GO:0003723,GO:0003724,GO:0005524,GO:0006401,GO:0055087,GO:0070478
BXY_0424900	GO:0005739,GO:0006810,GO:1990542
BXY_0425000	GO:0007271,GO:0034394,GO:0043005,GO:0043025,GO:0043231
BXY_0425200	GO:0000462,GO:0005515,GO:0005730,GO:0030686,GO:0032040
BXY_0425500	GO:0005272,GO:0005886,GO:0006814,GO:0015280,GO:0016020,GO:0035725
BXY_0425600	GO:0005272,GO:0006814,GO:0016020
BXY_0425700	GO:0005272,GO:0005886,GO:0006814,GO:0015280,GO:0016020,GO:0035725
BXY_0425800	GO:0000045,GO:0000407,GO:0000422,GO:0006914,GO:0030242,GO:0032266,GO:0034727,GO:0043495,GO:0061709,GO:0061723,GO:0061908
BXY_0425900	GO:0005200,GO:0005525,GO:0005874,GO:0007017
BXY_0426000	GO:0003676
BXY_0426100	GO:0005200,GO:0005525,GO:0005874,GO:0007017,GO:0016787
BXY_0426300	GO:0005200,GO:0005525,GO:0005874,GO:0007017
BXY_0426400	GO:0001725,GO:0003779,GO:0005912,GO:0030018,GO:0030036,GO:0031941,GO:0051371,GO:0061061
BXY_0426500	GO:0005515
BXY_0426700	GO:0005829,GO:0006979,GO:0008379,GO:0016209,GO:0016491,GO:0019430,GO:0033554,GO:0042744,GO:0045321,GO:0045454,GO:0051920
BXY_0426800	GO:0005783,GO:0006506,GO:0016787
BXY_0426900	GO:0005815,GO:0005929,GO:0030992,GO:0060271
BXY_0427100	GO:0000972,GO:0005643,GO:0006405,GO:0006606,GO:0006913,GO:0017056,GO:0036228,GO:0044611
BXY_0427400	GO:0005838,GO:0043161
BXY_0427600	GO:0006511,GO:0008757
BXY_0427800	GO:0005245,GO:0005891
BXY_0427900	GO:0004190,GO:0006508
BXY_0428600	GO:0005515,GO:0046872
BXY_0428900	GO:0016020,GO:0038023
BXY_0429100	GO:0003924,GO:0005525
BXY_0429200	GO:0004222,GO:0006508
BXY_0429400	GO:0004222,GO:0005886,GO:0006508,GO:0008237,GO:0016485
BXY_0429600	GO:0004222,GO:0005886,GO:0006508,GO:0008237,GO:0016485
BXY_0429700	GO:0004222,GO:0005886,GO:0006508,GO:0008237,GO:0016485
BXY_0429800	GO:0004222,GO:0005886,GO:0006508,GO:0008237,GO:0016485
BXY_0429900	GO:0004222,GO:0005886,GO:0006508,GO:0008237,GO:0016485
BXY_0430000	GO:0004222,GO:0005886,GO:0006508,GO:0008237,GO:0016485
BXY_0430200	GO:0004222,GO:0005886,GO:0006508,GO:0008237,GO:0016485
BXY_0430300	GO:0004222,GO:0005886,GO:0006508,GO:0008237,GO:0016485
BXY_0430400	GO:0004222,GO:0005886,GO:0006508,GO:0008237,GO:0016485
BXY_0430500	GO:0004222,GO:0005886,GO:0006508,GO:0008237,GO:0016485
BXY_0430600	GO:0004222,GO:0005886,GO:0006508,GO:0008237,GO:0016485
BXY_0430700	GO:0002039,GO:0003714,GO:0005634,GO:0005637,GO:0005654,GO:0017136,GO:0033553,GO:0045892,GO:0070403,GO:0070932
BXY_0430900	GO:0005515,GO:0005730,GO:0030687,GO:0042273
BXY_0431800	GO:0012505,GO:0016787
BXY_0431900	GO:0012505,GO:0016787
BXY_0432000	GO:0012505,GO:0016787
BXY_0433700	GO:0005975,GO:0008810
BXY_0433800	GO:0005975,GO:0008810
BXY_0434500	GO:0030246
BXY_0434600	GO:0030246
BXY_0435100	GO:0005254,GO:0005886,GO:1902476
BXY_0435300	GO:0016020,GO:0022857,GO:0055085
BXY_0435400	GO:0004029,GO:0005737,GO:0006081,GO:0016491
BXY_0435500	GO:0016491
BXY_0435600	GO:0005783,GO:0006506,GO:0016020
BXY_0435700	GO:0005315,GO:0005743,GO:0035435,GO:1990547
BXY_0436200	GO:0005886,GO:0006811,GO:0006884,GO:0007268,GO:0015377,GO:0015379,GO:0016020,GO:0022857,GO:0055064,GO:0055075,GO:0055085,GO:1902476,GO:1990573
BXY_0436400	GO:0003735,GO:0005840,GO:0006412
BXY_0436500	GO:0003779,GO:0005515,GO:0005737,GO:0005925,GO:0007155,GO:0015629,GO:0030031,GO:0030036,GO:0034446,GO:0071963
BXY_0436700	GO:0003676,GO:0003723
BXY_0436900	GO:0005794,GO:0006890,GO:0016020
BXY_0437000	GO:0003951,GO:0019674
BXY_0437200	GO:0042302
BXY_0437300	GO:0001653,GO:0004016,GO:0004383,GO:0004672,GO:0005524,GO:0005886,GO:0006182,GO:0006468,GO:0007168,GO:0009190,GO:0016849,GO:0035556
BXY_0437400	GO:0003867,GO:0005739,GO:0009450,GO:0030170
BXY_0438300	GO:0005332,GO:0005886,GO:0006865,GO:0016020,GO:0035725,GO:0043005,GO:0071705
BXY_0438400	GO:0005765,GO:0005886,GO:0015232,GO:0015886,GO:0020037
BXY_0439200	GO:0005515,GO:0007165
BXY_0439300	GO:0004623,GO:0005509,GO:0006644,GO:0016042,GO:0050482
BXY_0439400	GO:0016787
BXY_0439500	GO:0016491
BXY_0439800	GO:0001671,GO:0005739,GO:0044571,GO:0051087,GO:0051259
BXY_0439900	GO:0003677,GO:0005524,GO:0005634,GO:0016887
BXY_0440200	GO:0003676,GO:0008270
BXY_0440300	GO:0004298,GO:0005737,GO:0005839,GO:0030163,GO:0051603
BXY_0440400	GO:0005509
BXY_0440500	GO:0004672,GO:0005524,GO:0005634,GO:0005737,GO:0006468,GO:0051321,GO:0110031
BXY_0441100	GO:0003677,GO:0006260,GO:0006271,GO:0042575,GO:0043625
BXY_0441300	GO:0003700,GO:0006355,GO:0007165
BXY_0441400	GO:0005615
BXY_0441700	GO:0005509,GO:0005886,GO:0007157,GO:0032991,GO:0045197
BXY_0442000	GO:0003676,GO:0015074
BXY_0442300	GO:0043139
BXY_0442600	GO:0005515,GO:0005634,GO:0008270,GO:0042054
BXY_0443300	GO:0004843,GO:0016579
BXY_0443400	GO:0005515,GO:0006364,GO:0032040,GO:0034388
BXY_0443800	GO:0005243,GO:0005886,GO:0005921
BXY_0444100	GO:0004930,GO:0005886,GO:0007186
BXY_0444200	GO:0004176,GO:0004222,GO:0005524,GO:0005745,GO:0006508,GO:0016020,GO:0016887,GO:0034982
BXY_0444400	GO:0003676,GO:0015074
BXY_0444500	GO:0003968,GO:0030422,GO:0031380
BXY_0444700	GO:0000122,GO:0003682,GO:0003713,GO:0003714,GO:0005654,GO:0006355,GO:0016581,GO:0042826,GO:0043565
BXY_0446900	GO:1900449
BXY_0447000	GO:0005789,GO:0009922,GO:0016020,GO:0019367,GO:0030148,GO:0034625,GO:0034626,GO:0042761
BXY_0447100	GO:0003729,GO:0003730,GO:0005829,GO:0046872
BXY_0447300	GO:0005216,GO:0005262,GO:0005515,GO:0005886,GO:0006811,GO:0016020,GO:0098703
BXY_0447400	GO:0004930,GO:0005886,GO:0007186,GO:0016020,GO:0042277,GO:0043005
BXY_0447600	GO:0004725,GO:0006470,GO:0016311
BXY_0447700	GO:0008080
BXY_0447800	GO:0016747
BXY_0448800	GO:0005739,GO:0009083,GO:0015658,GO:0015803
BXY_0449100	GO:0003824,GO:0004364,GO:0005737,GO:0006559,GO:0006749,GO:0009072,GO:0016034
BXY_0449200	GO:0003824,GO:0004364,GO:0005737,GO:0006559,GO:0006749,GO:0009072,GO:0016034
BXY_0449300	GO:0005789,GO:0015031,GO:0016020
BXY_0449400	GO:0004642,GO:0005737,GO:0006164,GO:0006189
BXY_0449500	GO:0005096,GO:0090630
BXY_0449600	GO:0005886,GO:0005911,GO:0050839,GO:0098609
BXY_0449700	GO:0006486
BXY_0449900	GO:0003729,GO:0005515,GO:0006354,GO:0006357,GO:0006368,GO:0032044,GO:0032784
BXY_0450000	GO:0000139,GO:0005789,GO:0005886,GO:0006686,GO:0016780,GO:0033188,GO:0046513,GO:0047493
BXY_0450100	GO:0000139,GO:0005789,GO:0005886,GO:0006686,GO:0016780,GO:0033188,GO:0046513,GO:0047493
BXY_0450200	GO:0006508,GO:0008234
BXY_0450500	GO:0004222,GO:0006508,GO:0008237,GO:0008270
BXY_0450600	GO:0005179,GO:0005576
BXY_0450700	GO:0005179,GO:0005576
BXY_0450900	GO:0005761
BXY_0451000	GO:0000245,GO:0000387,GO:0005634,GO:0032797
BXY_0451100	GO:0000813,GO:0006612,GO:0006623,GO:0043162
BXY_0451300	GO:0004888,GO:0004930,GO:0005886,GO:0007166,GO:0007186,GO:0007188,GO:0008528,GO:0016020
BXY_0451400	GO:0004497,GO:0005506,GO:0005737,GO:0006082,GO:0006805,GO:0016705,GO:0016712,GO:0020037,GO:0043231
BXY_0452300	GO:0051260
BXY_0452400	GO:0004722,GO:0005634,GO:0005737,GO:0016787
BXY_0452500	GO:0003838,GO:0005783,GO:0008168,GO:0016126
BXY_0452600	GO:0009435,GO:0016491,GO:0033735,GO:0050661
BXY_0452800	GO:0004222,GO:0006508,GO:0008237,GO:0008270
BXY_0453200	GO:0004222,GO:0006508,GO:0008237,GO:0008270
BXY_0453700	GO:0004364,GO:0006749
BXY_0453900	GO:0006508,GO:0008234
BXY_0454000	GO:0004867
BXY_0455600	GO:0004672,GO:0005524,GO:0006468
BXY_0455700	GO:0004672,GO:0005524,GO:0006468
BXY_0456100	GO:0004672,GO:0005524,GO:0006468
BXY_0456200	GO:0003729,GO:0046872
BXY_0456300	GO:0000785,GO:0006357
BXY_0456800	GO:0004672,GO:0004674,GO:0005524,GO:0005634,GO:0006468,GO:0007059,GO:0018105,GO:0035556
BXY_0457300	GO:0005096,GO:0005737,GO:0046872
BXY_0457600	GO:0000398,GO:0071014
BXY_0457700	GO:0004672,GO:0005524,GO:0006468
BXY_0458000	GO:0005524,GO:0006281,GO:0031297,GO:0043596,GO:0048478
BXY_0458100	GO:0004620,GO:0006660,GO:0012505,GO:0047372,GO:0052651
BXY_0458300	GO:0004108,GO:0005759,GO:0005975,GO:0006099,GO:0006101,GO:0046912
BXY_0458500	GO:0004844,GO:0005634,GO:0005739,GO:0006281,GO:0006284,GO:0016799,GO:0097510
BXY_0458700	GO:0004364,GO:0006749
BXY_0459100	GO:0005737,GO:0015031
BXY_0459300	GO:0005765,GO:0046034,GO:0046961,GO:1902600
BXY_0459500	GO:0005524,GO:0005765,GO:0016887,GO:0033180,GO:0046034,GO:0046961,GO:1902600
BXY_0459900	GO:0005634,GO:0005829,GO:0006457,GO:0051087,GO:0051131,GO:0051879
BXY_0460000	GO:0005634
BXY_0460200	GO:0002083,GO:0004659,GO:0005743,GO:0006744,GO:0016020,GO:0016740,GO:0016765
BXY_0460800	GO:0005515,GO:0008270,GO:0061630
BXY_0461000	GO:0004672,GO:0004674,GO:0004712,GO:0005524,GO:0006468,GO:0018105,GO:0018107,GO:0046777
BXY_0461100	GO:0016020,GO:0022857,GO:0055085
BXY_0461200	GO:0005739,GO:0006843,GO:0071913
BXY_0461300	GO:0003987,GO:0006085
BXY_0461400	GO:0003987,GO:0006085
BXY_0461500	GO:0070131
BXY_0461600	GO:0000139,GO:0003868,GO:0005789,GO:0006572,GO:0009072,GO:0016701
BXY_0461900	GO:0042302
BXY_0462100	GO:0005515
BXY_0462200	GO:0006629
BXY_0462900	GO:0005730,GO:0032453,GO:0051864
BXY_0463000	GO:0004222,GO:0005886,GO:0006508,GO:0008237,GO:0016485
BXY_0463100	GO:0005267,GO:0005886,GO:0015271,GO:0016020,GO:0022841,GO:0030322,GO:0071805
BXY_0463200	GO:0005509
BXY_0463900	GO:0004930,GO:0004993,GO:0005886,GO:0007186,GO:0007187,GO:0007197,GO:0007268,GO:0016020,GO:0016907,GO:0030425,GO:0030594,GO:0045202
BXY_0464000	GO:0005886,GO:0008270,GO:0045202,GO:0099536
BXY_0464100	GO:0005634,GO:0010468,GO:0045944
BXY_0464200	GO:0000978,GO:0000981,GO:0005515,GO:0005667,GO:0006355,GO:0006357,GO:0009653,GO:0030154,GO:0032924,GO:0045944,GO:0060395,GO:0070411,GO:0071144
BXY_0464500	GO:0004930,GO:0007186,GO:0016020
BXY_0464600	GO:0000166,GO:0004812,GO:0004818,GO:0005524,GO:0005737,GO:0005829,GO:0006412,GO:0006418,GO:0006424,GO:0017102,GO:0043039
BXY_0464700	GO:0004672,GO:0004713,GO:0005524,GO:0006468
BXY_0464800	GO:0005829,GO:0030488
BXY_0465000	GO:0005515,GO:0016787
BXY_0465100	GO:0004930,GO:0007186,GO:0016020
BXY_0465200	GO:0003729,GO:0003735,GO:0005840,GO:0006412,GO:0022627
BXY_0465300	GO:0006898,GO:0007032,GO:0010008,GO:2000641
BXY_0465400	GO:0008194
BXY_0465500	GO:0008146,GO:0016020,GO:0047756,GO:0050650,GO:1902884
BXY_0465600	GO:0000166,GO:0005215,GO:0005388,GO:0005524,GO:0006816,GO:0016020,GO:0016887
BXY_0465700	GO:0002098,GO:0003924,GO:0005515,GO:0005525,GO:0005737,GO:0006400,GO:0030488
BXY_0465800	GO:0000166,GO:0004812,GO:0004823,GO:0005524,GO:0005739,GO:0006418,GO:0006429,GO:0032543
BXY_0465900	GO:0005515,GO:0005737
BXY_0466000	GO:0000245,GO:0000387,GO:0005634,GO:0005681,GO:0032797
BXY_0466100	GO:0005737
BXY_0466200	GO:0005783
BXY_0466300	GO:0004252,GO:0005787,GO:0006465,GO:0008233,GO:0016020
BXY_0466400	GO:0019905
BXY_0466500	GO:0005096,GO:0007165,GO:0007264,GO:0031267
BXY_0466600	GO:0005515
BXY_0466800	GO:0003824,GO:0004497,GO:0005507,GO:0005576,GO:0006518,GO:0016020,GO:0016715
BXY_0466900	GO:0005515
BXY_0467000	GO:0003713,GO:0005634,GO:0006366
BXY_0467100	GO:0005737
BXY_0467200	GO:0005515,GO:0036211
BXY_0467300	GO:1990072
BXY_0467400	GO:0000221,GO:0016471,GO:0016887,GO:0046961,GO:0097401,GO:1902600
BXY_0467500	GO:0004930,GO:0005886,GO:0007186,GO:0016020
BXY_0468000	GO:0005892,GO:0016020
BXY_0468400	GO:0005243,GO:0005886,GO:0005921
BXY_0468700	GO:0004725,GO:0005524,GO:0006470,GO:0016311
BXY_0468900	GO:0005763
BXY_0469000	GO:0005737,GO:0010507,GO:0019903,GO:0046856
BXY_0469200	GO:0000056,GO:0005634,GO:0005829,GO:0030688,GO:0042274
BXY_0469400	GO:0003677,GO:0003689,GO:0005524,GO:0005634,GO:0005663,GO:0006260,GO:0016887
BXY_0469500	GO:0000145,GO:0006887,GO:0006893,GO:0007268,GO:0032584,GO:0045202,GO:0090522
BXY_0469600	GO:0003676,GO:0008270
BXY_0469800	GO:0003723,GO:0006364,GO:0019843,GO:0030515,GO:0032040,GO:0034457,GO:0042274
BXY_0469900	GO:0000271,GO:0016020,GO:0016747
BXY_0470000	GO:0005794,GO:0005829,GO:0008289,GO:0015248,GO:0016020,GO:0032934
BXY_0470100	GO:0005794,GO:0006487,GO:0030144
BXY_0470200	GO:0003713,GO:0005634,GO:0006357,GO:0016513,GO:0043565
BXY_0470300	GO:0005283,GO:0005886,GO:0006865,GO:0015179,GO:0016020,GO:0035725,GO:0071705,GO:0089718
BXY_0470600	GO:0000166,GO:0005215,GO:0005391,GO:0005524,GO:0005886,GO:0006813,GO:0006883,GO:0008556,GO:0016020,GO:0016887,GO:0019829,GO:0030007,GO:0036376,GO:1902600,GO:1990573
BXY_0470700	GO:0003676,GO:0003724,GO:0005524
BXY_0470900	GO:0005515,GO:0005576,GO:0009986,GO:0030182,GO:0030414
BXY_0471000	GO:0009986
BXY_0471100	GO:0004672,GO:0005524,GO:0006468
BXY_0471200	GO:0000287,GO:0005737,GO:0008253
BXY_0471300	GO:0005515
BXY_0471500	GO:0016020,GO:0022857,GO:0055085
BXY_0471600	GO:0005254,GO:0005737,GO:0006821,GO:0016020,GO:0016324
BXY_0471700	GO:0003677,GO:0005634,GO:0005829
BXY_0471800	GO:0000062,GO:0006631
BXY_0472100	GO:0005886,GO:0006508,GO:0008236,GO:0008239
BXY_0472200	GO:0005615,GO:0008289
BXY_0472300	GO:0005524,GO:0005737,GO:0005739,GO:0016887
BXY_0472400	GO:0004521
BXY_0472700	GO:0016020,GO:0016757
BXY_0473000	GO:0000981,GO:0003700,GO:0005634,GO:0006355,GO:0006357,GO:0030154,GO:0043565
BXY_0473900	GO:0004553,GO:0004558,GO:0005975,GO:0030246
BXY_0474000	GO:0004553,GO:0004558,GO:0005975,GO:0030246
BXY_0474100	GO:0005783,GO:0005794,GO:0006612,GO:0016409,GO:0018230,GO:0019706
BXY_0474200	GO:0005385,GO:0005886,GO:0016020,GO:0030001,GO:0046873,GO:0055085,GO:0071577
BXY_0474300	GO:0002055,GO:0003999,GO:0005737,GO:0006168,GO:0016208,GO:0044209
BXY_0474500	GO:0016491
BXY_0475000	GO:0003682,GO:0005515,GO:0005634,GO:0005654,GO:0006355,GO:0042054,GO:0042800
BXY_0475100	GO:0003676,GO:0003723,GO:0003729,GO:0005634,GO:0048024
BXY_0475200	GO:0005829,GO:0006457,GO:0007021,GO:0007023,GO:0015630,GO:0015631,GO:0048487
BXY_0475700	GO:0000938,GO:0007030,GO:0007041,GO:0016020,GO:0032456,GO:0042147,GO:0048193,GO:1990745
BXY_0476100	GO:0016020,GO:0016255,GO:0042765
BXY_0476200	GO:0000139,GO:0005802,GO:0006895,GO:0034067,GO:0043001
BXY_0476300	GO:0005737,GO:0005829,GO:0008641,GO:0032446,GO:0071566,GO:0071569
BXY_0476400	GO:0005515,GO:0005814,GO:0019894,GO:0036064,GO:0042073,GO:0097546,GO:0097730,GO:1905515
BXY_0476500	GO:0005743,GO:0016020,GO:0032977,GO:0032979,GO:0051205
BXY_0476700	GO:0004888,GO:0005216,GO:0005230,GO:0006811,GO:0016020,GO:0022848,GO:0034220,GO:0045211
BXY_0477800	GO:0005615,GO:0005737,GO:0006508,GO:0008237,GO:0008270,GO:0016020,GO:0042277,GO:0043171,GO:0070006
BXY_0477900	GO:0000139,GO:0006493,GO:0009101,GO:0016020,GO:0016757,GO:0016758
BXY_0478000	GO:0005615,GO:0005737,GO:0006508,GO:0008237,GO:0008270,GO:0016020,GO:0042277,GO:0043171,GO:0070006
BXY_0478100	GO:0005615,GO:0005737,GO:0006508,GO:0008237,GO:0008270,GO:0016020,GO:0042277,GO:0043171,GO:0070006
BXY_0478300	GO:0005634,GO:0005739
BXY_0478400	GO:0004057,GO:0005737,GO:0016598
BXY_0478700	GO:0005515,GO:0005925
BXY_0479000	GO:0005546,GO:0005737,GO:0008154,GO:0015629,GO:0051014,GO:0051015,GO:0051016
BXY_0479200	GO:0016779,GO:0031123
BXY_0479400	GO:0005829,GO:0006508,GO:0016920
BXY_0479700	GO:0000786,GO:0003677,GO:0030527,GO:0046982
BXY_0479900	GO:0003676,GO:0003723
BXY_0480000	GO:0005515
BXY_0480500	GO:0003723,GO:0005515,GO:0005730,GO:0042274
BXY_0480800	GO:0005515
BXY_0480900	GO:0009966,GO:0016020
BXY_0481000	GO:0002084,GO:0005886,GO:0008474,GO:0010008
BXY_0481100	GO:0000145,GO:0006887,GO:0006893,GO:0008104
BXY_0481300	GO:0005515
BXY_0481400	GO:0003714,GO:0005634,GO:0045892
BXY_0482400	GO:0031267,GO:0035023
BXY_0482500	GO:0006812,GO:0006814,GO:0006885,GO:0015297,GO:0015385,GO:0015386,GO:0016020,GO:0051453,GO:0055085,GO:0071805,GO:1902600
BXY_0482600	GO:0061630
BXY_0482700	GO:0016779,GO:0031123,GO:0050265,GO:0071076
BXY_0482800	GO:0004930,GO:0004983,GO:0007186,GO:0016020
BXY_0483000	GO:0005634,GO:0010468
BXY_0483100	GO:0008083
BXY_0483200	GO:0004672,GO:0004674,GO:0005524,GO:0005737,GO:0006468
BXY_0483600	GO:0008083
BXY_0484000	GO:0016491
BXY_0484100	GO:0000139,GO:0006493,GO:0009101,GO:0016020,GO:0016757,GO:0016758
BXY_0484200	GO:0005930,GO:0035082,GO:0035556,GO:0042461,GO:0060041
BXY_0484300	GO:0005515,GO:0035556
BXY_0484500	GO:0005615,GO:0005737,GO:0006508,GO:0008237,GO:0008270,GO:0016020,GO:0042277,GO:0043171,GO:0070006
BXY_0484600	GO:0006508,GO:0008234
BXY_0484700	GO:0004366,GO:0005783,GO:0008374,GO:0016746,GO:0019432
BXY_0484900	GO:0001708,GO:0005515,GO:0005881,GO:0007026,GO:0007389,GO:0007399,GO:0008013,GO:0008017,GO:0016342,GO:0016477,GO:0030178,GO:0030877,GO:0045295,GO:0090090
BXY_0485000	GO:0000932,GO:0001666,GO:0003714,GO:0005634,GO:0005667,GO:0005912,GO:0006355,GO:0007010,GO:0035331
BXY_0485100	GO:0004672,GO:0005524,GO:0006468
BXY_0485500	GO:0005802,GO:0006888,GO:0016020
BXY_0485800	GO:0016020
BXY_0486200	GO:0004672,GO:0004674,GO:0005524,GO:0005634,GO:0006468,GO:0044773
BXY_0486700	GO:0009986
BXY_0486900	GO:0009986
BXY_0487200	GO:0010945,GO:0016787
BXY_0487300	GO:0042302
BXY_0487400	GO:0000976,GO:0005515,GO:0048188,GO:0051568
BXY_0487500	GO:0016491
BXY_0487700	GO:0004722,GO:0005634,GO:0005737,GO:0016787
BXY_0487800	GO:0004930,GO:0016020,GO:0030246
BXY_0488100	GO:0008417,GO:0009101,GO:0016020
BXY_0488200	GO:0000413,GO:0003755,GO:0006457,GO:0015149,GO:0015749,GO:0016020,GO:0022857,GO:0055085
BXY_0488300	GO:0003924,GO:0005525,GO:0032482
BXY_0488700	GO:0005886,GO:0006644,GO:0007165,GO:0008195,GO:0016020,GO:0046839
BXY_0488800	GO:0009986
BXY_0489100	GO:0000978,GO:0000981,GO:0006355,GO:0006357,GO:0007517,GO:0045663,GO:0046983
BXY_0489200	GO:0000785,GO:0005634,GO:0006338,GO:0010468,GO:0032452,GO:0032454,GO:0051864
BXY_0489300	GO:0009986
BXY_0489400	GO:0009986
BXY_0489800	GO:0004930,GO:0007186,GO:0016020
BXY_0489900	GO:0000455,GO:0001522,GO:0003723,GO:0009451,GO:0009982
BXY_0490000	GO:0004496,GO:0005524,GO:0005737,GO:0005829,GO:0006695,GO:0008299,GO:0019287
BXY_0490500	GO:0030991
BXY_0490600	GO:0008417,GO:0009101,GO:0016020
BXY_0490700	GO:0035556
BXY_0490900	GO:0004672,GO:0005524,GO:0006468
BXY_0491100	GO:0003676,GO:0003724,GO:0005524
BXY_0491200	GO:0004222,GO:0005886,GO:0006508,GO:0008237,GO:0016485
BXY_0491300	GO:0004124,GO:0006535
BXY_0491500	GO:0009986
BXY_0491600	GO:0005789,GO:0005886,GO:0030314
BXY_0491700	GO:0008194
BXY_0492200	GO:0005615,GO:0005737,GO:0006508,GO:0008237,GO:0008270,GO:0016020,GO:0042277,GO:0043171,GO:0070006
BXY_0492400	GO:0003924,GO:0005246,GO:0005525,GO:0005886
BXY_0492500	GO:0004222,GO:0005886,GO:0006508,GO:0008237,GO:0016485
BXY_0492900	GO:0004022,GO:0005737,GO:0008270,GO:0016491
BXY_0493000	GO:0006508,GO:0008234
BXY_0493300	GO:0004672,GO:0004674,GO:0004691,GO:0005524,GO:0005634,GO:0005829,GO:0005952,GO:0006468
BXY_0493600	GO:0003676,GO:0003723,GO:0003729,GO:0005634
BXY_0494000	GO:0004190,GO:0006508
BXY_0494200	GO:0005737,GO:0006520,GO:0016830,GO:0016831,GO:0019752,GO:0030170
BXY_0494600	GO:0003712,GO:0006357,GO:0016592,GO:0070847
BXY_0495600	GO:0006355,GO:0043565
BXY_0495900	GO:0004497,GO:0005506,GO:0005737,GO:0006082,GO:0006805,GO:0016705,GO:0016712,GO:0020037,GO:0043231
BXY_0496900	GO:0004332,GO:0006096
BXY_0497100	GO:0005739,GO:0006637,GO:0047617
BXY_0497200	GO:0003824,GO:0004301,GO:0016803,GO:0097176
BXY_0497400	GO:0005515
BXY_0497500	GO:0008194
BXY_0497700	GO:0005886,GO:0006644,GO:0007165,GO:0008195,GO:0016020,GO:0046839
BXY_0497800	GO:0000398,GO:0000956,GO:0003723,GO:0006396
BXY_0497900	GO:0000785,GO:0005634,GO:0006325,GO:0006335,GO:0042393
BXY_0498000	GO:0001401,GO:0005737,GO:0007005
BXY_0498100	GO:0016020,GO:0016192
BXY_0498200	GO:0005509
BXY_0498700	GO:0016020,GO:0016787
BXY_0498800	GO:0016405
BXY_0499000	GO:0005783,GO:0030497,GO:0042302
BXY_0499100	GO:0005783,GO:0030497
BXY_0499300	GO:0004555,GO:0005975,GO:0005991,GO:0005993
BXY_0499400	GO:0004672,GO:0005524,GO:0006468
BXY_0499500	GO:0004555,GO:0005975,GO:0005991,GO:0005993
BXY_0499600	GO:0005886,GO:0006833,GO:0015250,GO:0015254,GO:0015267,GO:0015793,GO:0016020,GO:0016323,GO:0055085
BXY_0499700	GO:0004672,GO:0004674,GO:0005524,GO:0005634,GO:0006468,GO:0007346
BXY_0499900	GO:0005313,GO:0005886,GO:0015175,GO:0015293,GO:0015501,GO:0015813,GO:0016020
BXY_0500000	GO:0001561,GO:0048244
BXY_0500600	GO:0004383,GO:0006182,GO:0008074,GO:0009190,GO:0016849,GO:0019934,GO:0020037,GO:0035556,GO:0070482
BXY_0500700	GO:0004383,GO:0006182,GO:0008074,GO:0009190,GO:0019934,GO:0020037,GO:0035556,GO:0070482
BXY_0500900	GO:0005811,GO:0016616
BXY_0501000	GO:0000381,GO:0003723,GO:0005686,GO:0006396,GO:0045292,GO:0071004,GO:0071013
BXY_0501100	GO:0003735,GO:0005763,GO:0005840,GO:0006412,GO:0015935,GO:0032543
BXY_0501200	GO:0030368
BXY_0501300	GO:0017171
BXY_0501400	GO:0017171
BXY_0501700	GO:0009986
BXY_0501800	GO:0015031,GO:0016020
BXY_0502000	GO:0004888,GO:0007606,GO:0016020
BXY_0502300	GO:0004174,GO:0005743,GO:0022900,GO:0051536
BXY_0502400	GO:0005739,GO:0016818
BXY_0502500	GO:0004601,GO:0006979
BXY_0502600	GO:0005515,GO:0006364,GO:0006409,GO:0008270,GO:0032040,GO:0032545,GO:0034456
BXY_0502700	GO:0004601,GO:0006979,GO:0020037
BXY_0502800	GO:0005515
BXY_0502900	GO:0016405
BXY_0503000	GO:0016405
BXY_0503200	GO:0009986
BXY_0503300	GO:0009986
BXY_0503400	GO:0009986
BXY_0503900	GO:0005509,GO:0006851,GO:0036444,GO:0051560,GO:1990246
BXY_0504000	GO:0005886,GO:0006812,GO:0006814,GO:0006885,GO:0015297,GO:0015385,GO:0015386,GO:0016020,GO:0051453,GO:0055085,GO:0071805,GO:0098719,GO:1902600
BXY_0504100	GO:0005634,GO:0006368,GO:0070449
BXY_0504300	GO:0016491,GO:0016671
BXY_0504400	GO:0016491,GO:0016671
BXY_0504500	GO:0016491,GO:0016671
BXY_0504600	GO:0016491,GO:0016671
BXY_0504900	GO:0004672,GO:0004713,GO:0004714,GO:0005515,GO:0005524,GO:0005886,GO:0006468,GO:0007169,GO:0007275,GO:0017147,GO:0033674,GO:0043235
BXY_0505100	GO:0000045,GO:0000422,GO:0005829,GO:0006497,GO:0019787,GO:0032446,GO:0061651
BXY_0505200	GO:0000506,GO:0006506,GO:0016757,GO:0017176
BXY_0505300	GO:0016791
BXY_0505500	GO:0003993,GO:0016787,GO:0046872
BXY_0505600	GO:0005886,GO:0006897,GO:0016020,GO:0018996,GO:0030659
BXY_0506100	GO:0008080
BXY_0506400	GO:0005515
BXY_0506500	GO:0004672,GO:0004674,GO:0005524,GO:0006468
BXY_0506600	GO:0006621,GO:0016020,GO:0046923
BXY_0506800	GO:0005634,GO:0005737,GO:0052717
BXY_0506900	GO:0003723,GO:0003735,GO:0005840,GO:0006412,GO:0022627
BXY_0507000	GO:0001522,GO:0003723,GO:0006396,GO:0009451,GO:0009982
BXY_0507100	GO:0003899,GO:0006269
BXY_0507200	GO:0003746,GO:0005085,GO:0005829,GO:0005853,GO:0006414,GO:0070042,GO:0070475
BXY_0507300	GO:0000808,GO:0003677,GO:0003688,GO:0005634,GO:0005664,GO:0006260,GO:0006270
BXY_0507400	GO:0042302
BXY_0507500	GO:0016020,GO:0046513,GO:0050291
BXY_0507600	GO:0000380,GO:0000381,GO:0003676,GO:0003723,GO:0006376,GO:0071011,GO:0071013
BXY_0507700	GO:0017148,GO:0043023,GO:0090071
BXY_0507900	GO:0004672,GO:0004674,GO:0005524,GO:0005737,GO:0006468
BXY_0508300	GO:0005811,GO:0016616
BXY_0508400	GO:0003727,GO:0004521,GO:0005759
BXY_0508500	GO:0000413,GO:0003755,GO:0006457,GO:0031417,GO:0071013
BXY_0508700	GO:0006629
BXY_0509400	GO:0005515,GO:0042800,GO:0048188
BXY_0509500	GO:0000398,GO:0003676,GO:0005634,GO:0005681,GO:0008270,GO:0046540
BXY_0509600	GO:0000977,GO:0005634,GO:0006357,GO:0010468,GO:0034972
BXY_0509700	GO:0000146,GO:0003774,GO:0005524,GO:0005737,GO:0007015,GO:0015629,GO:0016020,GO:0016459,GO:0051015
BXY_0509800	GO:0004252,GO:0006465,GO:0016020
BXY_0509900	GO:0004888,GO:0005216,GO:0005230,GO:0006811,GO:0016020,GO:0034220
BXY_0510000	GO:0004672,GO:0004674,GO:0005524,GO:0005737,GO:0006468
BXY_0510200	GO:0005737,GO:0016757,GO:0070085
BXY_0510300	GO:0004672,GO:0005524,GO:0006468
BXY_0510400	GO:0005509
BXY_0510500	GO:0005886,GO:0007156,GO:0008046,GO:0030424,GO:0043025,GO:0050808
BXY_0510700	GO:0005886,GO:0007156,GO:0008046,GO:0030424,GO:0043025,GO:0050808
BXY_0510900	GO:0019825,GO:0020037
BXY_0511100	GO:0004862,GO:0006469
BXY_0511200	GO:0005737,GO:0005739,GO:0009058,GO:0016212,GO:0030170
BXY_0511300	GO:0032039,GO:0034472
BXY_0511400	GO:0004298,GO:0005737,GO:0005839,GO:0030163,GO:0051603
BXY_0511500	GO:0016020,GO:0016192
BXY_0511600	GO:0000052,GO:0006525,GO:0016403,GO:0016597,GO:0045429
BXY_0511700	GO:0003827,GO:0005794,GO:0006486,GO:0006487,GO:0008375,GO:0009101
BXY_0511800	GO:0003827,GO:0005794,GO:0006486,GO:0006487,GO:0008375,GO:0009101
BXY_0512100	GO:0006629,GO:0008081,GO:0046475,GO:0047389
BXY_0512200	GO:0005765,GO:0022857,GO:0055085
BXY_0512500	GO:0005634,GO:0010468
BXY_0512600	GO:0005765
BXY_0512700	GO:0003876,GO:0005829,GO:0006188,GO:0009168,GO:0019239,GO:0032264,GO:0046033
BXY_0512900	GO:0005886,GO:0006812,GO:0006814,GO:0006885,GO:0015297,GO:0015385,GO:0015386,GO:0016020,GO:0051453,GO:0055037,GO:0055085,GO:0071805,GO:0098719,GO:1902600
BXY_0513000	GO:0005739,GO:0032780,GO:0042030
BXY_0513200	GO:0000900,GO:0003676,GO:0003723,GO:0003730,GO:0005634,GO:0005737,GO:0006417,GO:0008135,GO:0043005,GO:0043022,GO:0045182,GO:0045202,GO:1990124,GO:2000766
BXY_0513500	GO:0004553,GO:0004568,GO:0005576,GO:0005975,GO:0006032,GO:0008061
BXY_0513800	GO:0000077,GO:0000723,GO:0004674,GO:0005515,GO:0005634,GO:0005694,GO:0006281
BXY_0514300	GO:0000900,GO:0003676,GO:0003723,GO:0003730,GO:0005634,GO:0005737,GO:0006417,GO:0008135,GO:0043005,GO:0043022,GO:0045182,GO:0045202,GO:1990124,GO:2000766
BXY_0514700	GO:0009986
BXY_0514900	GO:0005634,GO:0051864
BXY_0515000	GO:0005515,GO:0015347,GO:0016020,GO:0016323,GO:0043252,GO:0055085
BXY_0515100	GO:0003924,GO:0005525
BXY_0515300	GO:0003735,GO:0005840,GO:0006412
BXY_0515400	GO:0003676,GO:0003723,GO:0003730,GO:0005634,GO:0005829
BXY_0515500	GO:0005615
BXY_0516300	GO:0030246
BXY_0516400	GO:0030246
BXY_0516900	GO:0003677
BXY_0517000	GO:0000785,GO:0003677,GO:0005634,GO:0006355
BXY_0517100	GO:0046872
BXY_0517300	GO:0000978,GO:0003712,GO:0006357,GO:0016592,GO:0070847
BXY_0517400	GO:0000956,GO:0003676,GO:0003723,GO:0004527,GO:0004534,GO:0005634
BXY_0517500	GO:0005515,GO:0005786,GO:0006614,GO:0008312,GO:0043022,GO:0048500
BXY_0517600	GO:0005515,GO:0005737
BXY_0517700	GO:0005515,GO:0005929,GO:0030992,GO:0060271
BXY_0517800	GO:0016311,GO:0016791
BXY_0518300	GO:0000139,GO:0003756,GO:0005615,GO:0006457,GO:0016971
BXY_0518400	GO:0005839,GO:0006511,GO:0019773,GO:0030163
BXY_0518500	GO:0033179,GO:0033181,GO:0046961,GO:0055085,GO:1902600
BXY_0518600	GO:0005765,GO:0022857,GO:0055085
BXY_0518700	GO:0005765,GO:0022857,GO:0055085
BXY_0518800	GO:0005765,GO:0022857,GO:0055085
BXY_0519200	GO:0005178,GO:0005925,GO:0007160,GO:0007229,GO:0008305,GO:0009986,GO:0016477,GO:0033627,GO:0098609
BXY_0519300	GO:0004860,GO:0005737,GO:0035556
BXY_0519400	GO:0004198,GO:0005737,GO:0006508
BXY_0519500	GO:0006508,GO:0008234
BXY_0519800	GO:0005515,GO:0005886
BXY_0519900	GO:0000146,GO:0003774,GO:0005524,GO:0005737,GO:0007015,GO:0015629,GO:0016020,GO:0016459,GO:0051015
BXY_0520000	GO:0000175,GO:0000176,GO:0000177,GO:0003723,GO:0004519,GO:0004540,GO:0006402,GO:0016075,GO:0071031
BXY_0521500	GO:0005385,GO:0005886,GO:0006812,GO:0008324,GO:0010043,GO:0016020,GO:0055085,GO:0061088,GO:0071577
BXY_0521800	GO:0007165,GO:0045087
BXY_0521900	GO:0007165
BXY_0522000	GO:0007165,GO:0045087
BXY_0522200	GO:0004645,GO:0005737,GO:0005975,GO:0005980,GO:0008184,GO:0030170
BXY_0522300	GO:0007165,GO:0045087
BXY_0522400	GO:0007165,GO:0045087
BXY_0522500	GO:0007165,GO:0045087
BXY_0522700	GO:0007165,GO:0045087
BXY_0523000	GO:0004252,GO:0006508
BXY_0523600	GO:0003730,GO:0005634,GO:0005739,GO:0070129
BXY_0523700	GO:0005739,GO:0016491,GO:0071949
BXY_0523800	GO:0016491,GO:0071949
BXY_0523900	GO:0003712,GO:0006357,GO:0016592
BXY_0524000	GO:0003676,GO:0003723,GO:0003725,GO:0004386,GO:0005524,GO:0005622,GO:0005730,GO:0045943
BXY_0524200	GO:0000492,GO:0005737,GO:0006364,GO:0097255,GO:1990904
BXY_0524400	GO:0005515
BXY_0524600	GO:0005515
BXY_0524700	GO:0005847,GO:0006378
BXY_0524800	GO:0004596,GO:0006474,GO:0016747,GO:0031415,GO:1990189,GO:1990190
BXY_0524900	GO:0005765,GO:0010506,GO:0031902,GO:0035658
BXY_0525000	GO:0005765,GO:0010506,GO:0031902,GO:0035658
BXY_0525200	GO:0003824,GO:0005737,GO:0005739,GO:0006099,GO:0006108,GO:0016491,GO:0016615,GO:0016616,GO:0019752,GO:0030060
BXY_0525300	GO:0004672,GO:0005524,GO:0006468
BXY_0525500	GO:0000244
BXY_0525600	GO:0032418,GO:0099078
BXY_0525700	GO:0001682,GO:0003723,GO:0006396,GO:0008033,GO:0019509,GO:0030677,GO:0046523
BXY_0525800	GO:0000814,GO:0043328,GO:0071985
BXY_0526000	GO:0004222,GO:0005886,GO:0006508,GO:0008237,GO:0016485
BXY_0527100	GO:0030424,GO:0042048,GO:0043025,GO:1990834
BXY_0527300	GO:0004739,GO:0005967,GO:0006086
BXY_0527400	GO:0004739,GO:0005967,GO:0006086
BXY_0527500	GO:0005515
BXY_0527600	GO:0006520,GO:0008483,GO:0009058,GO:0030170
BXY_0527700	GO:0005515
BXY_0527900	GO:0003713,GO:0005634,GO:0045944,GO:0140297
BXY_0528100	GO:0004553,GO:0005975
BXY_0528200	GO:0004553,GO:0005975
BXY_0528600	GO:0004190,GO:0006508
BXY_0528700	GO:0016020,GO:0022857,GO:0055085
BXY_0528900	GO:0003755,GO:0005783
BXY_0529300	GO:0005216,GO:0005219,GO:0005262,GO:0005509,GO:0005515,GO:0005790,GO:0006811,GO:0006816,GO:0006874,GO:0006941,GO:0014808,GO:0016020,GO:0030018,GO:0033017,GO:0034704,GO:0042383,GO:0055085,GO:0070588
BXY_0529400	GO:0004843,GO:0005737,GO:0006511,GO:0016579
BXY_0529500	GO:0004843,GO:0005737,GO:0006511,GO:0016579
BXY_0529800	GO:0000398,GO:0000481,GO:0045292,GO:0046540
BXY_0529900	GO:0005789,GO:0006695,GO:0016020,GO:0016126,GO:0016132,GO:0016627,GO:0016628,GO:0047598
BXY_0530200	GO:0003676,GO:0003723,GO:0005515
BXY_0530300	GO:0004029,GO:0005737,GO:0006081,GO:0016491
BXY_0530400	GO:0004672,GO:0005524,GO:0006468
BXY_0530500	GO:0003723,GO:0005515
BXY_0530600	GO:0004435,GO:0005509,GO:0005886,GO:0006629,GO:0007165,GO:0008081,GO:0035556
BXY_0530900	GO:0005515
BXY_0531300	GO:0003676,GO:0003724,GO:0005524
BXY_0531400	GO:0005049,GO:0005515,GO:0005635,GO:0005829,GO:0006606,GO:0006611,GO:0006886,GO:0031267
BXY_0531600	GO:0005509
BXY_0532700	GO:0003676,GO:0003723
BXY_0532900	GO:0004672,GO:0004713,GO:0005524,GO:0006468
BXY_0533000	GO:0000462,GO:0005730
BXY_0533100	GO:0004555,GO:0005975,GO:0005991,GO:0005993
BXY_0533200	GO:0003824
BXY_0533500	GO:0004672,GO:0005524,GO:0006468
BXY_0534900	GO:0005515
BXY_0535000	GO:0004748,GO:0005524,GO:0005971,GO:0009263
BXY_0535100	GO:0005654,GO:0005737,GO:0008537,GO:0010950,GO:0061133,GO:0061136,GO:2000045
BXY_0535200	GO:0005515
BXY_0535300	GO:0004553,GO:0005975
BXY_0535400	GO:0004553,GO:0005975
BXY_0535600	GO:0004222,GO:0005886,GO:0006508,GO:0008237,GO:0016485
BXY_0536200	GO:0004222,GO:0005886,GO:0006508,GO:0008237,GO:0016485
BXY_0536300	GO:0004222,GO:0006508
BXY_0536600	GO:0005351,GO:0008643,GO:0016020,GO:0022857,GO:0055085
BXY_0536700	GO:0004222,GO:0005886,GO:0006508,GO:0008237,GO:0016485
BXY_0537000	GO:0004497,GO:0005506,GO:0005737,GO:0006082,GO:0006805,GO:0016705,GO:0016712,GO:0020037,GO:0043231
BXY_0537200	GO:0006898,GO:0008104,GO:0016324,GO:0030139
BXY_0537300	GO:0016020,GO:0019825,GO:0020037
BXY_0537400	GO:0006898,GO:0008104,GO:0016324,GO:0030139
BXY_0538000	GO:0000978,GO:0000981,GO:0003677,GO:0005634,GO:0005667,GO:0006355,GO:0006357
BXY_0538100	GO:0005515
BXY_0538200	GO:0004672,GO:0005524,GO:0006468
BXY_0539100	GO:0016042,GO:0016298,GO:0016787
BXY_0539500	GO:0001591,GO:0004930,GO:0005886,GO:0007186,GO:0016020
BXY_0539700	GO:0008080
BXY_0539900	GO:0004725,GO:0006470
BXY_0540400	GO:0000463,GO:0000466,GO:0001510,GO:0005634,GO:0005730,GO:0006364,GO:0008168,GO:0008173,GO:0008649,GO:0008650,GO:0016435,GO:0030687,GO:0031167,GO:0032259
BXY_0540500	GO:0000712,GO:0000724,GO:0016604,GO:0031422
BXY_0541400	GO:0000463,GO:0003723,GO:0005730,GO:0042254,GO:0070545
BXY_0541500	GO:0005739,GO:0005811,GO:0005886,GO:0009247
BXY_0541600	GO:0005739,GO:0005811,GO:0005886,GO:0009247
BXY_0542000	GO:0005509
BXY_0542100	GO:0009055,GO:0020037
BXY_0542200	GO:0005515,GO:0005680,GO:0031145,GO:0034399,GO:0070979
BXY_0542600	GO:0004869
BXY_0542900	GO:0005615,GO:0008081
BXY_0543100	GO:0005515
BXY_0543300	GO:0005096,GO:0006886,GO:0006888,GO:0030127,GO:0070971,GO:0090110
BXY_0543600	GO:0001653,GO:0004016,GO:0004383,GO:0004672,GO:0005524,GO:0005886,GO:0006182,GO:0006468,GO:0007168,GO:0009190,GO:0016849,GO:0035556
BXY_0543900	GO:0001664,GO:0003924,GO:0005737,GO:0005834,GO:0007165,GO:0007186,GO:0007188,GO:0019001,GO:0031683
BXY_0544800	GO:0000978,GO:0000981,GO:0005634,GO:0006355,GO:0006357,GO:0007548,GO:0043565
BXY_0545000	GO:0009986
BXY_0545200	GO:0008146,GO:0016020,GO:0047756,GO:0050650,GO:1902884
BXY_0545300	GO:0009986
BXY_0545400	GO:0004364,GO:0006749
BXY_0545500	GO:0004364,GO:0006749
BXY_0546500	GO:0005615,GO:0008289
BXY_0546700	GO:0003824,GO:0004334,GO:0006559,GO:0006572,GO:0009072,GO:1902000
BXY_0547100	GO:0004190,GO:0005764,GO:0006508,GO:0008219
BXY_0547500	GO:0004190,GO:0005764,GO:0006508,GO:0008219
BXY_0547600	GO:0004553,GO:0004566,GO:0005615,GO:0005975,GO:0019391,GO:0030246
BXY_0547700	GO:0005515
BXY_0547900	GO:0004672,GO:0005524,GO:0006468
BXY_0548600	GO:0004653,GO:0005794,GO:0006493
BXY_0549000	GO:0004984,GO:0050907
BXY_0549200	GO:0000226,GO:0000278,GO:0000922,GO:0000930,GO:0005815,GO:0007020,GO:0031122,GO:0043015,GO:0051011,GO:0051225,GO:0051321
BXY_0549300	GO:0000398,GO:0003676,GO:0003723,GO:0003729,GO:0005685,GO:0017069,GO:0030619,GO:0071004,GO:0071011
BXY_0549400	GO:0002020,GO:0005515,GO:0005615,GO:0008191,GO:0010033,GO:0010951,GO:0031012,GO:0051045
BXY_0549600	GO:0009653
BXY_0549800	GO:0001653,GO:0004016,GO:0004383,GO:0004672,GO:0005524,GO:0005886,GO:0006182,GO:0006468,GO:0007168,GO:0009190,GO:0035556
BXY_0550200	GO:0003676,GO:0003723,GO:0005515
BXY_0550300	GO:0008202,GO:0016491
BXY_0550500	GO:0005515
BXY_0550600	GO:0005515
BXY_0550800	GO:0016020
BXY_0550900	GO:0016020
BXY_0551000	GO:0004190,GO:0006508
BXY_0551200	GO:0000271,GO:0016020,GO:0016747
BXY_0551400	GO:0005615,GO:0005737,GO:0006508,GO:0008270,GO:0016020,GO:0042277,GO:0043171,GO:0070006
BXY_0551500	GO:0007606,GO:0016020
BXY_0551600	GO:0007606,GO:0016020
BXY_0551700	GO:0007606,GO:0016020
BXY_0551800	GO:0007606,GO:0016020
BXY_0551900	GO:0005307,GO:0005886,GO:0008292,GO:0015871,GO:0016020,GO:0022857,GO:0055085
BXY_0552200	GO:0005786,GO:0006614,GO:0008312,GO:0030942,GO:0048500
BXY_0552300	GO:0005634,GO:0005667,GO:0006357
BXY_0552800	GO:0003746,GO:0003924,GO:0005525,GO:0006414
BXY_0552900	GO:0002020,GO:0005515,GO:0005615,GO:0008191,GO:0010033,GO:0010951,GO:0031012,GO:0051045
BXY_0553000	GO:0003714,GO:0005634,GO:0006357
BXY_0553700	GO:0005778,GO:0016559
BXY_0553800	GO:0004930,GO:0007186,GO:0016020
BXY_0553900	GO:0008417,GO:0009101,GO:0016020
BXY_0554000	GO:0008417,GO:0009101,GO:0016020
BXY_0554400	GO:0005634
BXY_0554500	GO:0003824,GO:0004660,GO:0005965,GO:0008318,GO:0018342,GO:0018343
BXY_0554600	GO:0005615
BXY_0554700	GO:0003676,GO:0003723,GO:0005515
BXY_0554800	GO:0000786,GO:0003677,GO:0030527,GO:0046982
BXY_0554900	GO:0000786,GO:0003677,GO:0030527,GO:0046982
BXY_0555000	GO:0000786,GO:0003677,GO:0030527,GO:0046982
BXY_0555100	GO:0022857,GO:0055085
BXY_0555200	GO:0016020,GO:0022857,GO:0055085
BXY_0555300	GO:0008194
BXY_0555400	GO:0008194
BXY_0555600	GO:0008202,GO:0016491
BXY_0555700	GO:0001193,GO:0003676,GO:0003899,GO:0005665,GO:0006283,GO:0006351,GO:0006367,GO:0008270
BXY_0556100	GO:0004725,GO:0006470,GO:0016311
BXY_0556200	GO:0000978,GO:0000981,GO:0003677,GO:0003700,GO:0005634,GO:0006355,GO:0006357
BXY_0556300	GO:0000978,GO:0003700,GO:0005634,GO:0006355,GO:0006357,GO:0008270,GO:0043565
BXY_0556700	GO:0005743,GO:0006784,GO:0016020,GO:0016653,GO:0120547
BXY_0556800	GO:0006629
BXY_0556900	GO:0006629
BXY_0557300	GO:0005615
BXY_0557400	GO:0005615
BXY_0557500	GO:0004930,GO:0007186,GO:0016020
BXY_0557600	GO:0003824,GO:0004301,GO:0016803,GO:0097176
BXY_0557700	GO:0003824,GO:0004301,GO:0016803,GO:0097176
BXY_0557800	GO:0005730,GO:0042273
BXY_0557900	GO:0000049,GO:0002098,GO:0005634,GO:0005829,GO:0006400,GO:0033588
BXY_0558000	GO:0000786,GO:0003677,GO:0006334,GO:0030527
BXY_0558100	GO:0000900,GO:0003676,GO:0003723,GO:0003730,GO:0005634,GO:0005737,GO:0006417,GO:0008135,GO:0043005,GO:0043022,GO:0045182,GO:0045202,GO:1990124,GO:2000766
BXY_0558200	GO:0005315,GO:0006817,GO:0016020,GO:0035435
BXY_0558400	GO:0004748,GO:0005524,GO:0005971,GO:0009263
BXY_0558500	GO:0005615
BXY_0558600	GO:0022857,GO:0055085
BXY_0558700	GO:0004867,GO:0005576,GO:0005615,GO:0019731,GO:0030414,GO:0045087
BXY_0559100	GO:0016020,GO:0016263,GO:0016267,GO:0016757
BXY_0559200	GO:0005737
BXY_0559300	GO:0004383,GO:0006182,GO:0008074,GO:0009190,GO:0019934,GO:0020037,GO:0035556,GO:0070482
BXY_0559400	GO:0003924,GO:0005047,GO:0005525,GO:0005785,GO:0005789,GO:0006605,GO:0006614,GO:0006886,GO:0016020,GO:0045047
BXY_0559500	GO:0003682,GO:0005634,GO:0006355,GO:0042393,GO:0045892
BXY_0559700	GO:0004029,GO:0005737,GO:0006081,GO:0016491
BXY_0559800	GO:0016020,GO:0016757
BXY_0560200	GO:0004016,GO:0005886,GO:0006171,GO:0007189,GO:0007193,GO:0009190,GO:0016849,GO:0035556
BXY_0560700	GO:0002939,GO:0005737,GO:0005759,GO:0008175,GO:0009019,GO:0030488,GO:0052906,GO:0070901
BXY_0560800	GO:0003676,GO:0005634,GO:0005681,GO:0008270,GO:0033260,GO:0033314,GO:0044773,GO:0048478
BXY_0560900	GO:0043495,GO:0043529,GO:0071816
BXY_0561000	GO:0005829,GO:0010181,GO:0016491,GO:0050660
BXY_0561100	GO:0000139,GO:0005789,GO:0005793,GO:0006888,GO:0030134
BXY_0561200	GO:0000166,GO:0004812,GO:0004830,GO:0005524,GO:0005737,GO:0006418,GO:0006436
BXY_0561300	GO:0004672,GO:0005524,GO:0006468
BXY_0561400	GO:0000027,GO:0000055,GO:0005524,GO:0005634,GO:0016887,GO:0030687
BXY_0561500	GO:0005886
BXY_0561800	GO:0004930,GO:0005886,GO:0007186,GO:0016020
BXY_0561900	GO:0016020
BXY_0562000	GO:0000281,GO:0000915,GO:0005826,GO:0031106
BXY_0562200	GO:0003824,GO:0004140,GO:0005524,GO:0009058,GO:0015937
BXY_0562300	GO:0003824,GO:0004018,GO:0005829,GO:0009152,GO:0044208,GO:0070626
BXY_0562500	GO:0003676,GO:0003724,GO:0005524,GO:0005829
BXY_0562600	GO:0004725,GO:0006470,GO:0016311
BXY_0562700	GO:0005765
BXY_0563000	GO:0000149,GO:0005543,GO:0005545,GO:0005546,GO:0005905,GO:0006900,GO:0008021,GO:0016185,GO:0030136,GO:0030276,GO:0032050,GO:0048268,GO:0072583,GO:0098894
BXY_0563100	GO:0016787
BXY_0563200	GO:0005515
BXY_0563300	GO:0005515,GO:0007098
BXY_0563500	GO:0004672,GO:0004674,GO:0005524,GO:0005737,GO:0006468,GO:0035556
BXY_0563600	GO:0005515,GO:0005634,GO:0042054,GO:0046975
BXY_0563700	GO:0000712,GO:0000727,GO:0003677,GO:0005634,GO:0006302,GO:0006308,GO:0008821,GO:0031573,GO:0048257,GO:0048476
BXY_0563800	GO:0003690,GO:0005524,GO:0005634,GO:0006298,GO:0030983,GO:0032301,GO:0140664
BXY_0563900	GO:0005643,GO:0006606,GO:0016973,GO:0017056
BXY_0564000	GO:0006508,GO:0008236,GO:0008239
BXY_0564100	GO:0000398,GO:0003723,GO:0005682,GO:0005685,GO:0005686,GO:0005687,GO:0005737,GO:0046540,GO:0070990,GO:0071004,GO:0071013
BXY_0564200	GO:0005524,GO:0005525,GO:0005737,GO:0016887
BXY_0564300	GO:0000978,GO:0000981,GO:0006357
BXY_0564600	GO:0004869,GO:0005634,GO:0043066
BXY_0564700	GO:0004672,GO:0004674,GO:0005524,GO:0005737,GO:0006468,GO:0035556
BXY_0564800	GO:0003688,GO:0005524,GO:0005634,GO:0006270,GO:0016887,GO:0033314
BXY_0564900	GO:0003723,GO:0005634,GO:0042255
BXY_0565100	GO:0005509
BXY_0565200	GO:0005515
BXY_0565300	GO:0005634,GO:0006364,GO:0030688
BXY_0565500	GO:0003712,GO:0016592,GO:0060261
BXY_0565600	GO:0005634,GO:0006508,GO:0008234,GO:0016926,GO:0016929
BXY_0565800	GO:0003824,GO:0004674,GO:0005524
BXY_0566300	GO:0000978,GO:0000981,GO:0003700,GO:0005634,GO:0006355,GO:0006357,GO:0043565
BXY_0566400	GO:0000978,GO:0000981,GO:0003700,GO:0005634,GO:0006355,GO:0006357,GO:0043565
BXY_0566600	GO:0005515
BXY_0566700	GO:0000398,GO:0005515
BXY_0566800	GO:0005515,GO:0005794,GO:0007030
BXY_0566900	GO:0000398,GO:0003729,GO:0005515,GO:0071013
BXY_0567000	GO:0003735,GO:0005762,GO:0032543
BXY_0567200	GO:0004672,GO:0005524,GO:0006468
BXY_0567400	GO:0004222,GO:0006508,GO:0008237,GO:0008270
BXY_0568100	GO:0005096,GO:0005515,GO:0005737,GO:0005886,GO:0006887,GO:0006893,GO:0019905,GO:0031201,GO:0045159
BXY_0568300	GO:0030246
BXY_0568500	GO:0004930,GO:0005886,GO:0007186,GO:0008528,GO:0016020
BXY_0568800	GO:0005515
BXY_0568900	GO:0005886,GO:0030514,GO:0051301
BXY_0569000	GO:0005634,GO:0030488,GO:0031515,GO:0160107
BXY_0569100	GO:0003746,GO:0003924,GO:0005525,GO:0006414
BXY_0569200	GO:0008420,GO:0016791
BXY_0569300	GO:0003676,GO:0005515,GO:0005634
BXY_0569400	GO:0004930,GO:0005886,GO:0007186,GO:0016020
BXY_0569500	GO:0003676,GO:0005515,GO:0005634
BXY_0569600	GO:0003924,GO:0005525,GO:0032484,GO:0032794,GO:0043124
BXY_0569700	GO:0005507,GO:0005758,GO:0016531,GO:0033617
BXY_0569800	GO:0003676,GO:0003723,GO:0003729,GO:0005634,GO:0005737,GO:1990904
BXY_0569900	GO:0005515,GO:0005634,GO:0042393
BXY_0570100	GO:0005768,GO:0007032,GO:0030041,GO:0051125,GO:0071203,GO:0140285
BXY_0570400	GO:0000974,GO:0006397,GO:0071011,GO:0071013
BXY_0570500	GO:0000502,GO:0005515,GO:0005838,GO:0008233,GO:0008237,GO:0043161
BXY_0570600	GO:0005615,GO:0007155,GO:0030198,GO:0031012,GO:0050839
BXY_0570800	GO:0002181,GO:0003723,GO:0003735,GO:0005840,GO:0006412
BXY_0570900	GO:0005739,GO:0005758
BXY_0571000	GO:0000993,GO:0003682,GO:0005515,GO:0005634,GO:0010506,GO:1904263
BXY_0571100	GO:0006450
BXY_0571200	GO:0008180
BXY_0571300	GO:0005096,GO:0005515,GO:0005516,GO:0005938,GO:0051015,GO:1903479
BXY_0571400	GO:0000495,GO:0001522,GO:0003723,GO:0006396,GO:0009451,GO:0009982,GO:0031118,GO:0031120,GO:0031429,GO:1990481
BXY_0571800	GO:0002039,GO:0005515,GO:0016279,GO:0042054
BXY_0571900	GO:0004758,GO:0017059,GO:0046513
BXY_0572100	GO:0000978,GO:0003712,GO:0006357,GO:0016592,GO:0070847
BXY_0572200	GO:0000502,GO:0000724,GO:0006406,GO:0008541,GO:0043248
BXY_0572300	GO:0000398,GO:0005634,GO:0006397,GO:0008419,GO:0016787,GO:0016788
BXY_0572500	GO:0003676,GO:0003723
BXY_0572700	GO:0003676,GO:0003723,GO:0048024
BXY_0572900	GO:0003735,GO:0005840,GO:0006412
BXY_0573000	GO:0032040
BXY_0573100	GO:0005198,GO:0005515,GO:0005622,GO:0016010
BXY_0573200	GO:0000828,GO:0005634,GO:0005737,GO:0016301,GO:0032958,GO:0046854
BXY_0573300	GO:0000977,GO:0000981,GO:0003700,GO:0005634,GO:0006355,GO:0006357,GO:0042127,GO:0048856
BXY_0573400	GO:0006269,GO:0006270
BXY_0573500	GO:0000785,GO:0003677,GO:0003682,GO:0005524,GO:0005634,GO:0006338,GO:0016887,GO:0034728,GO:0042393,GO:0140658
BXY_0573600	GO:0003756,GO:0005783,GO:0006457,GO:0034976
BXY_0573700	GO:0005515,GO:0005829,GO:0006511,GO:0031593
BXY_0573800	GO:0000978,GO:0000981,GO:0005634,GO:0006357
BXY_0573900	GO:0007165,GO:0045742,GO:0045743
BXY_0574000	GO:0004315,GO:0005739,GO:0006633,GO:0016746
BXY_0574100	GO:0005524,GO:0005829,GO:0016226,GO:0051536,GO:0051539,GO:0140663
BXY_0574200	GO:0000110,GO:0003684,GO:0003697,GO:0005634,GO:0006281,GO:0006312,GO:0070522,GO:0070914
BXY_0574300	GO:0005524,GO:0008017,GO:0008568,GO:0015630,GO:0016887,GO:0051013
BXY_0574400	GO:0008250,GO:0009101
BXY_0574600	GO:0005515
BXY_0574700	GO:0012505
BXY_0574800	GO:0005515,GO:0005667,GO:0006355,GO:0006357,GO:0009653,GO:0030154,GO:0060395,GO:0070411,GO:0071144,GO:0140416
BXY_0574900	GO:0000813,GO:0032509,GO:0043328,GO:0044877
BXY_0575000	GO:0005634,GO:0006357,GO:0031490
BXY_0575100	GO:0005739
BXY_0575200	GO:0005854
BXY_0575300	GO:0003735,GO:0005840,GO:0006412
BXY_0575400	GO:0009653,GO:0062023
BXY_0575700	GO:0004857,GO:0005515,GO:0005737,GO:0017020,GO:0019208
BXY_0575800	GO:0000811,GO:0006260,GO:1902983
BXY_0576000	GO:0004114,GO:0007165,GO:0008081
BXY_0576200	GO:0005764,GO:0005773,GO:0007040,GO:0016020,GO:0051453
BXY_0576300	GO:0000166,GO:0003676,GO:0003677,GO:0003682,GO:0003688,GO:0003697,GO:0003887,GO:0005658,GO:0006260,GO:0006272,GO:0006273,GO:1902975
BXY_0576400	GO:0000054,GO:0003924,GO:0005525,GO:0005829
BXY_0576500	GO:0003735,GO:0005840,GO:0006412
BXY_0576700	GO:0001664,GO:0003924,GO:0005737,GO:0005834,GO:0007165,GO:0007186,GO:0007188,GO:0019001,GO:0031683,GO:0060158
BXY_0576900	GO:0000977,GO:0000981,GO:0005634,GO:0006357
BXY_0577100	GO:0005524,GO:0005743,GO:0006879,GO:0016020,GO:0016887,GO:0042626,GO:0055085,GO:0140359
BXY_0577300	GO:0005801,GO:0006886,GO:0006891,GO:0007030,GO:0016020,GO:0017119
BXY_0577400	GO:0004888,GO:0005216,GO:0005230,GO:0006811,GO:0016020,GO:0022848,GO:0034220,GO:0045211
BXY_0577700	GO:0000139,GO:0005789,GO:0006506
BXY_0577800	GO:0003755,GO:0005515
BXY_0578000	GO:0004751,GO:0005737,GO:0006014,GO:0009052
BXY_0578100	GO:0005515,GO:0006123,GO:0045277
BXY_0578200	GO:0005085,GO:0005829
BXY_0578300	GO:0003756,GO:0005789,GO:0005793,GO:0006457
BXY_0578400	GO:0004659,GO:0005739,GO:0006744,GO:0008299,GO:1990234
BXY_0578500	GO:0003690,GO:0005524,GO:0005634,GO:0006298,GO:0030983,GO:0051026,GO:0140664
BXY_0578600	GO:0002084,GO:0005886,GO:0008474,GO:0010008
BXY_0578800	GO:0007606,GO:0016020
BXY_0578900	GO:0015144,GO:0016020,GO:0034219
BXY_0579200	GO:0001671,GO:0005890,GO:0006813,GO:0006814,GO:0006883,GO:0030007,GO:0036376,GO:1990573
BXY_0579300	GO:0008194
BXY_0579400	GO:0008194
BXY_0579700	GO:0004190,GO:0005764,GO:0006508,GO:0008219
BXY_0579800	GO:0005085,GO:0005886,GO:0007266,GO:0030139,GO:0030424,GO:0043542
BXY_0580700	GO:0016405
BXY_0580800	GO:0000003,GO:0003677,GO:0005654,GO:0006351,GO:0006357,GO:0017053,GO:0051726
BXY_0581000	GO:0003677,GO:0005658,GO:0006260,GO:0006270
BXY_0582100	GO:0004190,GO:0006508
BXY_0582500	GO:0016311,GO:0016791
BXY_0582600	GO:0016311,GO:0016791
BXY_0582700	GO:0005272,GO:0005886,GO:0006814,GO:0015280,GO:0016020,GO:0035725
BXY_0582900	GO:0001561,GO:0048244
BXY_0583000	GO:0035556
BXY_0583200	GO:0015093,GO:0031966,GO:0048250,GO:0055085
BXY_0583300	GO:0005739,GO:0005811,GO:0006654,GO:0042171,GO:0052689,GO:0055088
BXY_0583500	GO:0006631,GO:0031956
BXY_0583700	GO:0006508,GO:0008234
BXY_0583900	GO:0016311,GO:0016791
BXY_0584000	GO:0016311,GO:0016791
BXY_0584100	GO:0008194
BXY_0584300	GO:0008194
BXY_0584600	GO:0005546,GO:0005737,GO:0005886,GO:0031932,GO:0038203
BXY_0584900	GO:0005886,GO:0006897,GO:0016020,GO:0018996,GO:0030659
BXY_0585000	GO:0016263,GO:0016267
BXY_0585200	GO:0003824,GO:0004459,GO:0005737,GO:0006089,GO:0006090,GO:0016491,GO:0016616,GO:0019752
BXY_0585600	GO:0005739,GO:0006083,GO:0008410,GO:0008775
BXY_0585700	GO:0003995,GO:0005739,GO:0016627,GO:0050660
BXY_0585900	GO:0005524,GO:0015421,GO:0016020,GO:0016887,GO:0055085,GO:0140359
BXY_0586000	GO:0005634,GO:0005737,GO:0009408,GO:0042026,GO:0051082
BXY_0586100	GO:0005524,GO:0015421,GO:0016020,GO:0055085,GO:0140359
BXY_0586200	GO:0003824,GO:0004419,GO:0006552,GO:0016833,GO:0046951
BXY_0586400	GO:0005324,GO:0005524,GO:0005778,GO:0006635,GO:0007031,GO:0015910,GO:0016887,GO:0042626,GO:0042760
BXY_0587000	GO:0008194
BXY_0587600	GO:0005515
BXY_0587700	GO:0005515
BXY_0588100	GO:0003712,GO:0006357,GO:0008134,GO:0016592,GO:0045944
BXY_0588200	GO:0003684,GO:0003887,GO:0005634,GO:0006281,GO:0017125,GO:0042276,GO:0070987
BXY_0588300	GO:0004888,GO:0007606,GO:0016020
BXY_0588400	GO:0004888,GO:0007606,GO:0016020
BXY_0588500	GO:0005509,GO:0016460
BXY_0589200	GO:0004190,GO:0005764,GO:0006508,GO:0008219
BXY_0589400	GO:0005509,GO:0016460
BXY_0589900	GO:0016042,GO:0016298,GO:0016787
BXY_0590000	GO:0042302
BXY_0590100	GO:0004601,GO:0004602,GO:0006979
BXY_0590200	GO:0004222,GO:0005886,GO:0006508,GO:0008237,GO:0016485
BXY_0590500	GO:0004222,GO:0006508,GO:0008237,GO:0008270
BXY_0590600	GO:0004651,GO:0006470,GO:0016311
BXY_0590700	GO:0004672,GO:0004674,GO:0005524,GO:0005634,GO:0005737,GO:0006468,GO:0030036
BXY_0591900	GO:0005096,GO:0005737,GO:0007186,GO:0008277,GO:0035556,GO:0043005,GO:0043547
BXY_0592100	GO:0004888,GO:0005216,GO:0005230,GO:0006811,GO:0016020,GO:0034220
BXY_0592700	GO:0000977,GO:0000981,GO:0005634,GO:0006357
BXY_0592800	GO:0000027,GO:0002181,GO:0003735,GO:0022625,GO:0042254,GO:0070180
BXY_0592900	GO:0005509,GO:0005737
BXY_0593000	GO:0005634,GO:0019843,GO:0032040,GO:0070037,GO:0070475
BXY_0593300	GO:0004722,GO:0005634,GO:0005737,GO:0016787
BXY_0593400	GO:0006508,GO:0008239,GO:0070008
BXY_0593500	GO:0030008,GO:0048193
BXY_0593800	GO:0008194
BXY_0594000	GO:0008194
BXY_0594100	GO:0004364,GO:0006749
BXY_0594200	GO:0004364,GO:0006749
BXY_0594400	GO:0000139,GO:0005975,GO:0015018,GO:0016020,GO:0050650
BXY_0594500	GO:0008320,GO:0030943,GO:0042721,GO:0045039
BXY_0594700	GO:0005515
BXY_0594900	GO:0005515
BXY_0595100	GO:0004576,GO:0004579,GO:0009101,GO:0016020,GO:0018279,GO:0043687
BXY_0595300	GO:0005548,GO:0005737,GO:0008525,GO:0008526,GO:0015914,GO:0031210,GO:0035091
BXY_0595500	GO:0002058,GO:0005737,GO:0005829,GO:0006210,GO:0006212,GO:0016491,GO:0016627,GO:0017113,GO:0050661,GO:0051536
BXY_0595700	GO:0003677,GO:0008270
BXY_0595800	GO:0005515,GO:0005737,GO:0006914,GO:0042594
BXY_0596000	GO:0004722,GO:0005634,GO:0005737,GO:0016787
BXY_0596100	GO:0005829,GO:0008168,GO:0008170
BXY_0596200	GO:0005515
BXY_0596300	GO:0005515
BXY_0596400	GO:0003735,GO:0005840,GO:0006412
BXY_0596800	GO:0042302
BXY_0596900	GO:0006511
BXY_0597000	GO:0004672,GO:0004713,GO:0004714,GO:0005009,GO:0005515,GO:0005524,GO:0005886,GO:0005899,GO:0006468,GO:0007169,GO:0007275,GO:0030424,GO:0033674,GO:0042593,GO:0043235,GO:0043410,GO:0043560,GO:0051897
BXY_0597200	GO:0004594,GO:0005524,GO:0005634,GO:0005829,GO:0015937
BXY_0597400	GO:0004869,GO:0005615,GO:0005737,GO:0031982,GO:2000117
BXY_0597500	GO:0007018,GO:0030286,GO:0045505,GO:0051959
BXY_0597600	GO:0000014,GO:0000729,GO:0000793,GO:0003690,GO:0003697,GO:0005634,GO:0006303,GO:0015074,GO:0031297,GO:0035861,GO:0042800,GO:0044547,GO:0044774,GO:0046975
BXY_0597700	GO:0005385,GO:0006812,GO:0006882,GO:0008324,GO:0010312,GO:0016020,GO:0055085,GO:0071577
BXY_0597800	GO:0005737,GO:0005813,GO:0030990,GO:0036064,GO:0060271,GO:0061512,GO:0097546,GO:0097730
BXY_0597900	GO:0042302
BXY_0598000	GO:0008270
BXY_0598600	GO:0005515
BXY_0598700	GO:0031901,GO:0031902,GO:0035014,GO:0043551,GO:0045022,GO:0051898,GO:0141039
BXY_0598800	GO:0005178,GO:0005925,GO:0007160,GO:0007229,GO:0008305,GO:0009986,GO:0016477,GO:0033627,GO:0098609
BXY_0598900	GO:0005524,GO:0016020,GO:0016887,GO:0042626,GO:0055085,GO:0140359
BXY_0599000	GO:0000812,GO:0003682,GO:0006281,GO:0035267
BXY_0599100	GO:0005789,GO:0070072
BXY_0599200	GO:0005789,GO:0070072
BXY_0599800	GO:0000978,GO:0003700,GO:0006355,GO:0008270,GO:0043565
BXY_0599900	GO:0004222,GO:0005886,GO:0006508,GO:0008237,GO:0016485
BXY_0600000	GO:0003713,GO:0005515,GO:0005634,GO:0042800,GO:0044666,GO:0045944
BXY_0600200	GO:0005634,GO:0005667,GO:0006357
BXY_0600300	GO:0005765,GO:0005789,GO:0008289,GO:0031902,GO:0099044,GO:0140284
BXY_0600800	GO:0005829,GO:0008168,GO:0008170
BXY_0602100	GO:0003677,GO:0003700,GO:0005634,GO:0005789,GO:0006355,GO:0016540,GO:0043565,GO:0045893
BXY_0602400	GO:0004722,GO:0005634,GO:0005737,GO:0016787
BXY_0602500	GO:0032589,GO:0050808
BXY_0602800	GO:0008417,GO:0009101,GO:0016020
BXY_0602900	GO:0004672,GO:0005515,GO:0005524,GO:0006468
BXY_0603100	GO:0004222,GO:0006508,GO:0008237,GO:0008270,GO:0030198,GO:0030574,GO:0031012
BXY_0603200	GO:0016491
BXY_0603300	GO:0002039,GO:0005669,GO:0008134,GO:0045944,GO:0046982
BXY_0603600	GO:0005515
BXY_0603700	GO:0005471,GO:0005743,GO:0055085,GO:0140021,GO:1901029,GO:1990544
BXY_0603800	GO:0003333,GO:0005774,GO:0015179,GO:0016020
BXY_0604100	GO:0005886,GO:0006897,GO:0016020,GO:0018996,GO:0030659
BXY_0604300	GO:0000977,GO:0000981,GO:0006357,GO:0032502,GO:0046983
BXY_0604400	GO:0003676,GO:0003677,GO:0003678,GO:0004386,GO:0005524,GO:0005634,GO:0006139,GO:0006289,GO:0016818,GO:1990918
BXY_0604600	GO:0003824
BXY_0604700	GO:0000154,GO:0000179,GO:0006338,GO:0016274,GO:0018216,GO:0019919,GO:0034969,GO:0042054
BXY_0604800	GO:0003777,GO:0005515,GO:0005524,GO:0007018,GO:0008017
BXY_0605200	GO:0003697,GO:0006260,GO:0006264,GO:0009295,GO:0042645,GO:0051096
BXY_0605300	GO:0003697,GO:0006260,GO:0006264,GO:0009295,GO:0042645,GO:0051096
BXY_0605400	GO:0005739
BXY_0605500	GO:0005484,GO:0005886,GO:0006887,GO:0006906,GO:0016082,GO:0019905,GO:0031201,GO:0031629
BXY_0605700	GO:0043047
BXY_0605800	GO:0005783,GO:0006643,GO:0050479
BXY_0606000	GO:0043047
BXY_0606200	GO:0003676,GO:0003723,GO:0005515
BXY_0606400	GO:0005947,GO:0009083,GO:0016624
BXY_0606700	GO:0016020,GO:0016263,GO:0016267,GO:0016757
BXY_0606800	GO:0005515,GO:0048786,GO:0050808
BXY_0607000	GO:0005634,GO:0005737,GO:0006468,GO:0016208,GO:0019887,GO:0019901,GO:0031588,GO:0050790
BXY_0607500	GO:0005737,GO:0015038,GO:0034599
BXY_0607600	GO:0005267,GO:0005886,GO:0015271,GO:0016020,GO:0022841,GO:0030322,GO:0071805
BXY_0608700	GO:0042302,GO:0042329,GO:0060102
BXY_0608800	GO:0004806,GO:0005737,GO:0005811,GO:0006629,GO:0016020,GO:0016042,GO:0016787,GO:0019433,GO:0055088
BXY_0609300	GO:0005243,GO:0005886,GO:0005921
BXY_0609700	GO:0007160
BXY_0610000	GO:0004016,GO:0005886,GO:0006171,GO:0007189,GO:0009190,GO:0016849,GO:0035556
BXY_0610700	GO:0000398,GO:0003723,GO:0005684,GO:0070274
BXY_0610800	GO:0008115,GO:0016491,GO:0050660
BXY_0610900	GO:0000281,GO:0005515,GO:0005768
BXY_0611000	GO:0005737,GO:0006473,GO:0008080,GO:0016747,GO:1905502
BXY_0611100	GO:0007606,GO:0016020
BXY_0611200	GO:0005515
BXY_0611400	GO:0000902,GO:0005938,GO:0030427,GO:0031175
BXY_0611800	GO:0003676,GO:0008270,GO:0016779,GO:0031123,GO:0050265,GO:0071076
BXY_0612100	GO:0001664,GO:0004672,GO:0004703,GO:0005524,GO:0006468,GO:0007186,GO:0009966
BXY_0612300	GO:0004672,GO:0004674,GO:0004675,GO:0005524,GO:0005886,GO:0006468,GO:0007178,GO:0016020,GO:0017002,GO:0032924,GO:0043235,GO:0048179,GO:0048185,GO:0071363
BXY_0612500	GO:0005516,GO:0005964,GO:0005975,GO:0005977
BXY_0612600	GO:0000226,GO:0005515,GO:0005912,GO:0005938,GO:0007155,GO:0008104,GO:0016324,GO:0030010,GO:0035091,GO:0043296,GO:0045197,GO:0051660
BXY_0612900	GO:0000287,GO:0002189,GO:0004749,GO:0005524,GO:0005737,GO:0006015,GO:0006164,GO:0009156,GO:0009165
BXY_0613000	GO:0004144,GO:0005789,GO:0006629,GO:0008374,GO:0019432
BXY_0613100	GO:0005515,GO:0005885,GO:0015629,GO:0034314,GO:0051015
BXY_0613400	GO:0003676,GO:0015074
BXY_0614400	GO:0003779,GO:0030017,GO:0035025,GO:0045944,GO:0051091
BXY_0614700	GO:0005515,GO:0005546,GO:0005634,GO:0005737,GO:0008154,GO:0015629,GO:0030239,GO:0051014,GO:0051015,GO:0051016
BXY_0614900	GO:0008417,GO:0009101,GO:0016020
BXY_0615600	GO:0006661,GO:0016020,GO:0016746,GO:0030258,GO:0044233,GO:0071617
BXY_0615800	GO:0004672,GO:0004713,GO:0004714,GO:0005524,GO:0005886,GO:0006468,GO:0007169,GO:0007275,GO:0033674,GO:0043235
BXY_0615900	GO:0000502,GO:0000724,GO:0006406,GO:0008541,GO:0043248
BXY_0616000	GO:0032266,GO:0034464,GO:0036064,GO:0046907,GO:0060271
BXY_0616100	GO:0005886,GO:0006897,GO:0016020,GO:0018996,GO:0030659
BXY_0616300	GO:0005267,GO:0005886,GO:0015271,GO:0016020,GO:0022841,GO:0030322,GO:0071805
BXY_0616500	GO:0000132,GO:0005515,GO:0005819,GO:0007165,GO:0061172
BXY_0616700	GO:0016491
BXY_0616900	GO:0004222,GO:0006508,GO:0008237,GO:0008270
BXY_0617000	GO:0004930,GO:0005886,GO:0007186,GO:0007218,GO:0008188,GO:0016020
BXY_0617100	GO:0036444,GO:0051560,GO:1990246
BXY_0617200	GO:0005515,GO:0030042,GO:0030864,GO:0040011,GO:0045214,GO:0051015
BXY_0617400	GO:0004427,GO:0005737,GO:0005829,GO:0016311,GO:0016791
BXY_0617500	GO:0005737,GO:0006979,GO:0016671,GO:0030091,GO:0033743
BXY_0617600	GO:0004888,GO:0005216,GO:0005230,GO:0006811,GO:0016020,GO:0034220
BXY_0617900	GO:0006744
BXY_0618100	GO:0005515
BXY_0618400	GO:0000978,GO:0000981,GO:0003677,GO:0005634,GO:0006355,GO:0006357
BXY_0618500	GO:0000977,GO:0000981,GO:0006357,GO:0032502,GO:0046983
BXY_0618600	GO:0007018,GO:0030286,GO:0045505,GO:0051959
BXY_0618700	GO:0006508,GO:0008234
BXY_0618800	GO:0006508,GO:0008234
BXY_0618900	GO:0006508,GO:0008234
BXY_0619000	GO:0006508,GO:0008234
BXY_0619100	GO:0005524,GO:0007018,GO:0030286,GO:0045505,GO:0051959
BXY_0619200	GO:0005524,GO:0005774,GO:0015439,GO:0015886,GO:0016020,GO:0016887,GO:0020037,GO:0042626,GO:0055085,GO:0140359
BXY_0619300	GO:0005515,GO:0030991,GO:0035721,GO:0061512
BXY_0619500	GO:0004672,GO:0004714,GO:0005524,GO:0005886,GO:0006468,GO:0007169,GO:0007275,GO:0033674,GO:0043235
BXY_0619700	GO:0004672,GO:0004674,GO:0005515,GO:0005524,GO:0006468
BXY_0619800	GO:0004672,GO:0004674,GO:0005515,GO:0005524,GO:0006468
BXY_0619900	GO:0005096,GO:0005765,GO:0010508,GO:0034198,GO:1904262,GO:1990130
BXY_0620000	GO:0005096,GO:0005765,GO:0010508,GO:0034198,GO:1904262,GO:1990130
BXY_0620100	GO:0016311,GO:0016791
BXY_0620200	GO:0036066,GO:0046922
BXY_0620300	GO:0005515
BXY_0620400	GO:0004653,GO:0005794,GO:0006493
BXY_0620500	GO:0004930,GO:0005886,GO:0007186,GO:0016020,GO:0042277,GO:0043005
BXY_0620900	GO:0004623,GO:0006644,GO:0050482
BXY_0621000	GO:0003676,GO:0003723,GO:0003729,GO:0005634,GO:0048024
BXY_0621100	GO:0016491
BXY_0621400	GO:0005744,GO:0008320,GO:0030150
BXY_0621900	GO:0005737
BXY_0622100	GO:0004888,GO:0005216,GO:0005230,GO:0006811,GO:0016020,GO:0034220
BXY_0622200	GO:0000981,GO:0003677,GO:0006355
BXY_0622400	GO:0005509,GO:0005783
BXY_0622500	GO:0005515,GO:0046982
BXY_0622900	GO:0009986
BXY_0623000	GO:0005509
BXY_0623200	GO:0000978,GO:0000981,GO:0003677,GO:0005634,GO:0006357,GO:0030154
BXY_0623700	GO:0004672,GO:0004674,GO:0005524,GO:0005634,GO:0006468,GO:0007059,GO:0018105,GO:0035556
BXY_0624100	GO:0003989,GO:0005524,GO:0005739,GO:0006633,GO:0046872
BXY_0624700	GO:0016491,GO:0016671
BXY_0624900	GO:0004722,GO:0006470
BXY_0625000	GO:0005515,GO:0019005,GO:1990756
BXY_0625100	GO:0005769,GO:0005770,GO:0006622,GO:0008333,GO:0035091,GO:0045022
BXY_0625200	GO:0004497,GO:0005506,GO:0005737,GO:0006082,GO:0006805,GO:0016705,GO:0016712,GO:0020037,GO:0043231
BXY_0625700	GO:0047617
BXY_0625900	GO:0008146,GO:0016020,GO:0047756,GO:0050650,GO:1902884
BXY_0626100	GO:0005272,GO:0005886,GO:0006814,GO:0015280,GO:0016020,GO:0035725
BXY_0626200	GO:0005272,GO:0005886,GO:0006814,GO:0015280,GO:0016020,GO:0035725
BXY_0626300	GO:0004190,GO:0005764,GO:0006508,GO:0008219
BXY_0626400	GO:0004672,GO:0004674,GO:0005524,GO:0005737,GO:0006468
BXY_0626600	GO:0003713,GO:0005634,GO:0031490,GO:0045893
BXY_0626800	GO:0000981,GO:0003700,GO:0005634,GO:0006355,GO:0006357,GO:0030154,GO:0043565
BXY_0626900	GO:0004092,GO:0005777,GO:0016746,GO:0019254
BXY_0627000	GO:0004672,GO:0004713,GO:0005524,GO:0006468
BXY_0627200	GO:0005262,GO:0005515,GO:0005886,GO:0007338,GO:0015279,GO:0016020,GO:0034703,GO:0051480,GO:0070588,GO:0070679
BXY_0627800	GO:0000226,GO:0004672,GO:0004674,GO:0005524,GO:0005737,GO:0006468,GO:0035556,GO:0050321
BXY_0628300	GO:0004930,GO:0007186,GO:0016020
BXY_0628400	GO:0004930,GO:0007186,GO:0016020
BXY_0628600	GO:0004364,GO:0006749
BXY_0628700	GO:0004364,GO:0006749
BXY_0628900	GO:0004364,GO:0006749
BXY_0629000	GO:0004364,GO:0006749
BXY_0629100	GO:0004364,GO:0006749
BXY_0629200	GO:0004364,GO:0006749
BXY_0629300	GO:0000146,GO:0003774,GO:0005524,GO:0005737,GO:0007015,GO:0015629,GO:0016020,GO:0016459,GO:0051015
BXY_0629400	GO:0007517,GO:0016012,GO:0016020,GO:0042383
BXY_0629700	GO:0016020,GO:0030001,GO:0046873,GO:0055085
BXY_0629800	GO:0005385,GO:0005886,GO:0016020,GO:0030001,GO:0046873,GO:0055085,GO:0071577
BXY_0629900	GO:0004587,GO:0005737,GO:0010121,GO:0019544,GO:0030170,GO:0042802
BXY_0630000	GO:0005737
BXY_0630800	GO:0006629
BXY_0630900	GO:0006629
BXY_0631000	GO:0003746,GO:0003924,GO:0005525,GO:0006414
BXY_0631200	GO:0005515,GO:0005576
BXY_0631500	GO:0005515,GO:0005794
BXY_0631600	GO:0000978,GO:0003700,GO:0006355,GO:0008270,GO:0043565
BXY_0631700	GO:0000209,GO:0005515,GO:0043161,GO:0046872,GO:0061630
BXY_0631800	GO:0008643,GO:0016020,GO:0051119
BXY_0631900	GO:0005515,GO:0005925,GO:0051015
BXY_0632000	GO:0005515,GO:0030992,GO:0035720,GO:0035735,GO:0036064,GO:0097546,GO:0120170
BXY_0632500	GO:0000981,GO:0003700,GO:0005634,GO:0006355,GO:0006357,GO:0030154,GO:0043565
BXY_0632600	GO:0000978,GO:0000981,GO:0005634,GO:0006357,GO:0046983
BXY_0632900	GO:0000978,GO:0000981,GO:0003677,GO:0006355,GO:0006357,GO:0030154
BXY_0633100	GO:0005515,GO:0005737,GO:0031463,GO:0043161,GO:0051260,GO:0097602
BXY_0633200	GO:0004869
BXY_0633300	GO:0004869
BXY_0633500	GO:0000030,GO:0005783,GO:0006486
BXY_0633900	GO:0006555,GO:0010308,GO:0010309,GO:0016491,GO:0019509
BXY_0634000	GO:0008080,GO:0016747
BXY_0634200	GO:0006629
BXY_0634300	GO:0000064,GO:0005739,GO:0006810,GO:0022857,GO:1990575
BXY_0634400	GO:0000139,GO:0005484,GO:0005797,GO:0005801,GO:0006888,GO:0006906,GO:0016020,GO:0031201,GO:0048219
BXY_0634500	GO:0006511,GO:0031625
BXY_0634800	GO:0005515,GO:0015347,GO:0016020,GO:0016323,GO:0022857,GO:0043252,GO:0055085
BXY_0634900	GO:0004725,GO:0005829,GO:0006470,GO:0007165,GO:0016311
BXY_0635000	GO:0003677
BXY_0635200	GO:0000978,GO:0000981,GO:0005667,GO:0006355,GO:0006357,GO:0009653,GO:0030154,GO:0030509,GO:0060395,GO:0070411,GO:0071144
BXY_0635300	GO:0005216,GO:0005272,GO:0005886,GO:0006811,GO:0006814,GO:0015280,GO:0016020,GO:0035725
BXY_0635500	GO:0000977,GO:0000981,GO:0003700,GO:0005634,GO:0006355,GO:0006357,GO:0042127,GO:0048856
BXY_0635800	GO:0016616
BXY_0635900	GO:0003777,GO:0005524,GO:0007018,GO:0008017
BXY_0636000	GO:0003676,GO:0003723,GO:0003729,GO:0005634,GO:0006406
BXY_0636100	GO:0005749,GO:0006099,GO:0006121,GO:0009055,GO:0016020
BXY_0636300	GO:0005802,GO:0006886,GO:0006893,GO:0031267,GO:0034394,GO:0035091,GO:0043130
BXY_0636800	GO:0005515
BXY_0636900	GO:0005743,GO:0006811,GO:0015075,GO:0016020,GO:0022857,GO:0022889,GO:0055085,GO:0140300,GO:1990542
BXY_0637000	GO:0006857,GO:0016020,GO:0022857,GO:0055085
BXY_0637100	GO:0006857,GO:0016020,GO:0022857,GO:0055085
BXY_0637300	GO:0000978,GO:0000981,GO:0003677,GO:0005634,GO:0006355,GO:0006357,GO:0007275,GO:0030182
BXY_0637400	GO:0003676,GO:0003677,GO:0003678,GO:0004386,GO:0005524,GO:0005634,GO:0006139,GO:0016818,GO:0032508,GO:0034085
BXY_0637600	GO:0005682
BXY_0637700	GO:0003924,GO:0005525
BXY_0638000	GO:0004888,GO:0005216,GO:0005230,GO:0006811,GO:0016020,GO:0034220
BXY_0638300	GO:0006629,GO:0030729
BXY_0638700	GO:0005829,GO:0007010,GO:0008360,GO:0016477,GO:0022604,GO:0030866,GO:0051015
BXY_0639000	GO:0016409
BXY_0639100	GO:0016409
BXY_0639200	GO:0016409
BXY_0639300	GO:0005332,GO:0005886,GO:0006865,GO:0016020,GO:0035725,GO:0043005,GO:0071705
BXY_0639400	GO:0003677,GO:0005085,GO:0005829,GO:0008270,GO:0016192,GO:0030139,GO:0031267
BXY_0639600	GO:0005515
BXY_0639700	GO:0000724,GO:0003676,GO:0004386,GO:0005524,GO:0005634,GO:0005694,GO:0005737,GO:0006268,GO:0006281,GO:0006310,GO:0009378,GO:0032508,GO:0043138
BXY_0639800	GO:0004672,GO:0005524,GO:0006468
BXY_0639900	GO:0000165,GO:0004672,GO:0004708,GO:0005524,GO:0006468,GO:0051403
BXY_0640100	GO:0005524,GO:0016887
BXY_0640300	GO:0005892,GO:0016020
BXY_0640400	GO:0005634,GO:0005740,GO:0005741,GO:0016020,GO:0043065,GO:0043067,GO:0097345
BXY_0640500	GO:0005634,GO:0005737,GO:0016787
BXY_0640700	GO:0000086,GO:0004672,GO:0004674,GO:0004693,GO:0005524,GO:0005634,GO:0006468,GO:0007095
BXY_0640900	GO:0004360,GO:0006002,GO:0006047,GO:0006487,GO:0097367,GO:1901135
BXY_0641200	GO:0003824,GO:0004349,GO:0004350,GO:0005524,GO:0005737,GO:0005739,GO:0016301,GO:0016491,GO:0055129
BXY_0641300	GO:0000978,GO:0000981,GO:0003677,GO:0005634,GO:0006355,GO:0006357,GO:0030154
BXY_0641400	GO:0000981,GO:0003677,GO:0005216,GO:0005272,GO:0005886,GO:0006355,GO:0006811,GO:0006814,GO:0015280,GO:0016020,GO:0035725
BXY_0641700	GO:0006857,GO:0016020,GO:0022857,GO:0055085
BXY_0642100	GO:0004663,GO:0005737,GO:0005968,GO:0008318,GO:0018342,GO:0018344
BXY_0642200	GO:0004771,GO:0004806,GO:0005829,GO:0008203,GO:0016042,GO:0016298,GO:0016787,GO:0019433
BXY_0642600	GO:0000978,GO:0001228,GO:0005634,GO:0006357
BXY_0642700	GO:0005634,GO:0005732,GO:0006364,GO:0032040,GO:0034457
BXY_0642800	GO:0005506,GO:0008198,GO:0016702,GO:0017172,GO:0019448
BXY_0643100	GO:0022857
BXY_0643400	GO:0022857
BXY_0643500	GO:0004672,GO:0004674,GO:0005524,GO:0005634,GO:0006468
BXY_0643700	GO:0004672,GO:0004674,GO:0005524,GO:0005634,GO:0006468
BXY_0643800	GO:0005515,GO:0005634,GO:0035861
BXY_0643900	GO:0000349,GO:0000398,GO:0000974,GO:0005515,GO:0006396,GO:0071007,GO:0071014
BXY_0644000	GO:0003824,GO:0005615,GO:0016301,GO:0016772,GO:0016775,GO:0046314
BXY_0644100	GO:0005515
BXY_0645100	GO:0006606
BXY_0645200	GO:0006606
BXY_0645300	GO:0003824,GO:0005739,GO:0008410,GO:0047369
BXY_0645500	GO:0005515,GO:0035267
BXY_0645700	GO:0005829,GO:0035971,GO:0101006
BXY_0645800	GO:0099078
BXY_0645900	GO:0005739
BXY_0646000	GO:0000977,GO:0000981,GO:0005634,GO:0006357
BXY_0646400	GO:0004033,GO:0016491
BXY_0646500	GO:0016491
BXY_0646600	GO:0003924,GO:0005200,GO:0005525,GO:0005874,GO:0007017
BXY_0646900	GO:0005247,GO:0005886,GO:0006821,GO:0015108,GO:0016020,GO:0055085
BXY_0647100	GO:0005886,GO:0006897,GO:0016020,GO:0018996,GO:0030659
BXY_0647700	GO:0003723,GO:0005515,GO:0015030,GO:0030576
BXY_0647900	GO:0005515,GO:0005634,GO:0008270,GO:0042054
BXY_0648100	GO:0005216,GO:0005249,GO:0006811,GO:0006813,GO:0008076,GO:0016020,GO:0055085,GO:0071805
BXY_0648400	GO:0003677,GO:0003689,GO:0005634,GO:0005663,GO:0006260,GO:0006261,GO:0006281
BXY_0648700	GO:0042302
BXY_0648800	GO:0005615,GO:0005737,GO:0006508,GO:0008237,GO:0008270,GO:0016020,GO:0042277,GO:0043171,GO:0070006
BXY_0648900	GO:0006508,GO:0008239,GO:0070008
BXY_0649200	GO:0005886,GO:0006811,GO:0006884,GO:0007268,GO:0015377,GO:0015379,GO:0016020,GO:0022857,GO:0055064,GO:0055075,GO:1902476,GO:1990573
BXY_0649300	GO:0005886,GO:0006811,GO:0006884,GO:0007268,GO:0015377,GO:0015379,GO:0016020,GO:0055064,GO:0055075,GO:0055085,GO:1902476,GO:1990573
BXY_0649500	GO:0004553,GO:0004563,GO:0005764,GO:0005975,GO:0006689,GO:0016020,GO:0030203
BXY_0649700	GO:0016020,GO:0022857,GO:0051184,GO:0055085
BXY_0649900	GO:0005743,GO:0005751,GO:0006123,GO:0045277
BXY_0650000	GO:0005085,GO:0005515,GO:0005737,GO:0016477,GO:0043087
BXY_0650200	GO:0004888,GO:0005216,GO:0005230,GO:0006811,GO:0016020,GO:0022848,GO:0034220,GO:0045211
BXY_0650300	GO:0004888,GO:0005216,GO:0005230,GO:0006811,GO:0016020,GO:0022848,GO:0034220,GO:0045211
BXY_0650400	GO:0000149,GO:0006886,GO:0006888,GO:0008270,GO:0030127,GO:0070971,GO:0090110
BXY_0650500	GO:0004421,GO:0006084,GO:0008299,GO:0010142,GO:0016746
BXY_0650600	GO:0007030,GO:0012507,GO:0070971,GO:0070973
BXY_0650700	GO:0008194
BXY_0650900	GO:0042302
BXY_0651000	GO:0008146,GO:0016020,GO:0047756,GO:0050650,GO:1902884
BXY_0651100	GO:0004672,GO:0004674,GO:0005524,GO:0005737,GO:0006468
BXY_0651300	GO:0005615,GO:0008289
BXY_0651400	GO:0004497,GO:0005506,GO:0005737,GO:0006082,GO:0006805,GO:0016705,GO:0016712,GO:0020037,GO:0043231
BXY_0651500	GO:0004497,GO:0005506,GO:0005737,GO:0006082,GO:0006805,GO:0016705,GO:0016712,GO:0020037,GO:0043231
BXY_0651700	GO:0042302
BXY_0652000	GO:0005184
BXY_0652100	GO:0005200,GO:0005635,GO:0005652,GO:0006998,GO:0007097,GO:0031507,GO:0051664,GO:0090435
BXY_0652200	GO:0005085,GO:0005886,GO:0007264,GO:0007265
BXY_0652300	GO:0006508,GO:0008239,GO:0070008
BXY_0652400	GO:0016020,GO:0022857,GO:0055085
BXY_0652500	GO:0004190,GO:0005764,GO:0006508,GO:0008219
BXY_0652600	GO:0036038,GO:0060271
BXY_0652700	GO:0003723,GO:0003735,GO:0005840,GO:0006412,GO:0022625
BXY_0652900	GO:0005267,GO:0005886,GO:0015271,GO:0016020,GO:0022841,GO:0030322,GO:0071805
BXY_0653000	GO:0005515,GO:0043161,GO:0061630
BXY_0653100	GO:0012505
BXY_0653200	GO:0004553,GO:0004563,GO:0005764,GO:0005975,GO:0006689,GO:0016020,GO:0030203
BXY_0653600	GO:0004672,GO:0004674,GO:0005524,GO:0005634,GO:0006468,GO:0043484
BXY_0653800	GO:0000978,GO:0003677,GO:0003700,GO:0004879,GO:0006355,GO:0006357,GO:0008270,GO:0009755,GO:0009888,GO:0043565,GO:0090575
BXY_0653900	GO:0004930,GO:0004983,GO:0005886,GO:0007186,GO:0008188,GO:0016020,GO:0042923,GO:0043005
BXY_0654000	GO:0004930,GO:0007186,GO:0016020
BXY_0654500	GO:0003995,GO:0005739,GO:0016627,GO:0050660
BXY_0654700	GO:0005515
BXY_0654800	GO:0006508,GO:0008239,GO:0070008
BXY_0654900	GO:0004930,GO:0007186,GO:0016020
BXY_0655100	GO:0015149,GO:0015749,GO:0016020,GO:0022857,GO:0055085
BXY_0655300	GO:0005539,GO:0008449
BXY_0655400	GO:0042302
BXY_0655700	GO:0005975
BXY_0655800	GO:0016020,GO:0022857,GO:0055085
BXY_0657200	GO:0016020,GO:0022857,GO:0055085
BXY_0657300	GO:0000149,GO:0006890,GO:0070939
BXY_0657600	GO:0000151,GO:0005737,GO:0008270,GO:0016567,GO:0030163,GO:0061630,GO:0071596
BXY_0657700	GO:0004623,GO:0006644,GO:0050482
BXY_0657800	GO:0005782,GO:0006637,GO:0009062,GO:0047617
BXY_0657900	GO:0004672,GO:0005524,GO:0006468
BXY_0658000	GO:0004081,GO:0006167,GO:0006754,GO:0008796,GO:0016787
BXY_0658100	GO:0000145,GO:0005546,GO:0006887
BXY_0658200	GO:0000727,GO:0003677,GO:0003678,GO:0003697,GO:0005524,GO:0005634,GO:0006260,GO:0006268,GO:0006270,GO:0006271,GO:0017116,GO:0042555,GO:1902975
BXY_0658300	GO:0003676,GO:0005524,GO:0005737
BXY_0658400	GO:0005737,GO:0017196,GO:0031416
BXY_0658600	GO:0000390,GO:0000398,GO:0003677,GO:0005634,GO:0071008
BXY_0658700	GO:0000149,GO:0005484,GO:0006886,GO:0006906,GO:0012505,GO:0016020,GO:0016192,GO:0031201,GO:0048278
BXY_0658900	GO:0005737,GO:0016311,GO:0016791
BXY_0659200	GO:0005515,GO:0005634,GO:0005829,GO:0006457,GO:0030544,GO:0051879
BXY_0659400	GO:0005743,GO:0005751,GO:0006123,GO:0030234
BXY_0659500	GO:0000727,GO:0000811,GO:0005634,GO:0006260
BXY_0659600	GO:0004013,GO:0005829,GO:0033353
BXY_0659700	GO:0016020,GO:0034464,GO:0060271
BXY_0659900	GO:0000298,GO:0005634,GO:0005737,GO:0008486,GO:0016787,GO:0034431,GO:0034432,GO:0050072,GO:0071543,GO:1901907,GO:1901909,GO:1901911
BXY_0660000	GO:0003924,GO:0005525,GO:0005794,GO:0006886,GO:0034067,GO:0043001
BXY_0660100	GO:0005524,GO:0005759,GO:0016887,GO:0051603
BXY_0660400	GO:0003676,GO:0003723,GO:0004386,GO:0005524,GO:0005622
BXY_0660600	GO:0005515
BXY_0660700	GO:0005506,GO:0016226,GO:0051536
BXY_0660800	GO:0000981,GO:0003677,GO:0006355,GO:0010468,GO:1990837
BXY_0661800	GO:0004672,GO:0004713,GO:0005524,GO:0006468
BXY_0661900	GO:0005737,GO:0015031
BXY_0662100	GO:0007018,GO:0030286,GO:0045505,GO:0051959
BXY_0662300	GO:0005886,GO:0007220,GO:0016020,GO:0016485
BXY_0662400	GO:0004784,GO:0005739,GO:0006801,GO:0030145,GO:0046872
BXY_0662500	GO:0003735,GO:0005739,GO:0005762,GO:0005840,GO:0006412
BXY_0662600	GO:0000977,GO:0000981,GO:0005634,GO:0006357
BXY_0662900	GO:0003924,GO:0005525
BXY_0663100	GO:0004332,GO:0006096
BXY_0663200	GO:0005515,GO:0005739
BXY_0663300	GO:0003729,GO:0003730,GO:0005829,GO:0046872
BXY_0663400	GO:0005654,GO:0006338,GO:0006357,GO:0016514,GO:0031491,GO:0035060,GO:0045893,GO:0071565
BXY_0663500	GO:0003677,GO:0005654,GO:0006338,GO:0006357,GO:0016514,GO:0031491,GO:0035060,GO:0045893,GO:0071565
BXY_0663800	GO:0005737,GO:0006470,GO:0016311
BXY_0664000	GO:0005243,GO:0005886,GO:0005921
BXY_0664400	GO:0000978,GO:0000981,GO:0005515,GO:0005667,GO:0006355,GO:0006357,GO:0009653,GO:0030154,GO:0030509,GO:0060395,GO:0070411,GO:0071144
BXY_0664900	GO:0003676,GO:0005524
BXY_0665200	GO:0003676,GO:0003729,GO:0005634,GO:0006406
BXY_0665300	GO:0005742,GO:0006605,GO:0006886,GO:0008320,GO:0016031,GO:0030150,GO:0030943
BXY_0665500	GO:0005829,GO:0018738,GO:0046294
BXY_0665600	GO:0003676,GO:0005634,GO:0006351,GO:0006368,GO:0008270
BXY_0665700	GO:0005576
BXY_0665800	GO:0046872
BXY_0665900	GO:0005789,GO:0008203,GO:0008374
BXY_0666100	GO:0006811,GO:0006884,GO:0008511,GO:0015377,GO:0015379,GO:0016020,GO:0022857,GO:0035725,GO:0055064,GO:0055075,GO:0055078,GO:0055085,GO:1902476,GO:1990573
BXY_0666200	GO:0003676
BXY_0666500	GO:0006508,GO:0008234
BXY_0666900	GO:0001755,GO:0005515,GO:0005886,GO:0007411,GO:0030215,GO:0030335,GO:0045499,GO:0050919,GO:0071526
BXY_0667000	GO:0004623,GO:0006644,GO:0050482
BXY_0667300	GO:0004888,GO:0005216,GO:0005230,GO:0006811,GO:0016020,GO:0034220
BXY_0667600	GO:0016491
BXY_0667800	GO:0012505
BXY_0668000	GO:0005515,GO:0098609
BXY_0668200	GO:0000981,GO:0003677,GO:0003700,GO:0005634,GO:0006355
BXY_0668300	GO:0005886,GO:0016020,GO:0051180,GO:0055085,GO:0090482
BXY_0668500	GO:0005886,GO:0015026,GO:0030509
BXY_0668600	GO:0000287,GO:0002189,GO:0004749,GO:0005524,GO:0005737,GO:0006015,GO:0006164,GO:0009165
BXY_0668700	GO:0005739,GO:0006412,GO:0043023
BXY_0668800	GO:0016020,GO:0022857,GO:0055085
BXY_0668900	GO:0016020,GO:0022857,GO:0055085
BXY_0669100	GO:0003677,GO:0003899,GO:0006351,GO:0032549
BXY_0669400	GO:0003729,GO:0046872
BXY_0669500	GO:0003824,GO:0005515,GO:0005576,GO:0006518,GO:0016020
BXY_0669900	GO:0002181,GO:0003735,GO:0003924,GO:0005525,GO:0005840,GO:0006414,GO:0022625,GO:0030295,GO:0043021
BXY_0670000	GO:0016020,GO:0031966,GO:0070453
BXY_0670200	GO:0005515,GO:0005680,GO:0005737,GO:0007091,GO:0016567,GO:0031145,GO:0051301
BXY_0670300	GO:0005332,GO:0005886,GO:0006865,GO:0016020,GO:0035725,GO:0043005,GO:0071705
BXY_0670600	GO:0005783,GO:0006629,GO:0006631,GO:0016020,GO:0080132
BXY_0670700	GO:0000973,GO:0005643,GO:0006406,GO:0006606,GO:0017056,GO:0031080
BXY_0670800	GO:0003985,GO:0005739,GO:0006635,GO:0016746,GO:0016747
BXY_0670900	GO:0003985,GO:0005739,GO:0006635,GO:0016746,GO:0016747
BXY_0671200	GO:0005758,GO:0033617
BXY_0671600	GO:0005747,GO:0006120
BXY_0671700	GO:0004385,GO:0005829
BXY_0671800	GO:0000154,GO:0000179,GO:0005759,GO:0006391,GO:0031167,GO:0034246
BXY_0672000	GO:0003677,GO:0003691,GO:0005634,GO:0045893
BXY_0673100	GO:0000014,GO:0000729,GO:0000793,GO:0003676,GO:0003690,GO:0003697,GO:0005634,GO:0006303,GO:0015074,GO:0031297,GO:0035861,GO:0042800,GO:0044547,GO:0044774,GO:0046975
BXY_0673300	GO:0003723,GO:0003735,GO:0005840,GO:0006412,GO:0022625
BXY_0673400	GO:0003676,GO:0005524
BXY_0673600	GO:0004499,GO:0050660,GO:0050661
BXY_0673700	GO:0004499,GO:0050660,GO:0050661
BXY_0674100	GO:0005615,GO:0008289
BXY_0674500	GO:0000122,GO:0000978,GO:0001228,GO:0005634,GO:0007420,GO:0030154,GO:0030182,GO:0045944
BXY_0674900	GO:0008126,GO:0034338,GO:0036126,GO:0043401,GO:0044255,GO:0046464,GO:0047372,GO:0048240,GO:0051792,GO:0051793,GO:0097524
BXY_0675000	GO:0005515
BXY_0675100	GO:0005515
BXY_0675300	GO:0005515
BXY_0675500	GO:0005515
BXY_0675600	GO:0005515
BXY_0675700	GO:0042302
BXY_0675900	GO:0042302
BXY_0676300	GO:0000900,GO:0003676,GO:0003730,GO:0005634,GO:0005737,GO:0006417,GO:0008135,GO:0043005,GO:0043022,GO:0045182,GO:0045202,GO:1990124,GO:2000766
BXY_0676400	GO:0016020,GO:0019899,GO:0031966,GO:0033119,GO:0034620,GO:0060702,GO:2001234
BXY_0676500	GO:0005739,GO:0005783,GO:0012505,GO:0016746,GO:0036149
BXY_0676900	GO:0016020,GO:0016255,GO:0042765
BXY_0677000	GO:0016020,GO:0016757
BXY_0677100	GO:0000139,GO:0006493,GO:0009101,GO:0016020,GO:0016757,GO:0016758
BXY_0677300	GO:0006729,GO:0008124
BXY_0677600	GO:0006629
BXY_0677800	GO:0003810,GO:0018149
BXY_0678000	GO:0003810,GO:0018149
BXY_0678100	GO:0000271,GO:0016020
BXY_0678200	GO:0000271,GO:0016020
BXY_0678300	GO:0005794,GO:0005815,GO:0005929,GO:0030992,GO:0042073,GO:1905515
BXY_0678400	GO:0005768,GO:0005802,GO:0006895
BXY_0678600	GO:0005768,GO:0005802,GO:0006895
BXY_0679000	GO:0004672,GO:0005524,GO:0006468
BXY_0679100	GO:0006508,GO:0008234
BXY_0679400	GO:0004672,GO:0005524,GO:0006468
BXY_0679500	GO:0004252,GO:0005829,GO:0006508,GO:0008236,GO:0008240
BXY_0679800	GO:0005789,GO:0005886,GO:0033149,GO:0061817,GO:0090158
BXY_0679900	GO:0005515
BXY_0680200	GO:0000978,GO:0001227,GO:0005654,GO:0006357
BXY_0680500	GO:0004568,GO:0005576,GO:0005975,GO:0006032,GO:0008061
BXY_0680600	GO:0005096,GO:0005515,GO:0007420,GO:0008277,GO:0031267,GO:0032012,GO:0036465,GO:0045202
BXY_0681100	GO:0000978,GO:0000981,GO:0003677,GO:0005515,GO:0005634,GO:0006355,GO:0006357
BXY_0681200	GO:0000978,GO:0000981,GO:0005634,GO:0006357
BXY_0681300	GO:0004499,GO:0050660,GO:0050661
BXY_0681400	GO:0004672,GO:0004674,GO:0005524,GO:0005634,GO:0006468,GO:0044773
BXY_0681600	GO:0003677,GO:0006352
BXY_0681700	GO:0006020,GO:0007165,GO:0008934,GO:0046854,GO:0046855,GO:0052834
BXY_0681800	GO:0005515,GO:0005886,GO:0046854,GO:0072659
BXY_0682000	GO:0008289
BXY_0682100	GO:0005515,GO:0017057
BXY_0682200	GO:0005634,GO:0005737,GO:0008073,GO:0045732
BXY_0682300	GO:0004930,GO:0004997,GO:0007186,GO:0016020
BXY_0682400	GO:0005737,GO:0008270,GO:0061630
BXY_0682500	GO:0001522,GO:0003723,GO:0009451,GO:0009982
BXY_0683000	GO:0055085
BXY_0683100	GO:0005515,GO:0005524,GO:0016887
BXY_0683300	GO:0000076,GO:0003677,GO:0005634,GO:0006974,GO:0031297,GO:0031298,GO:0043111,GO:0048478
BXY_0683400	GO:0004559,GO:0016798
BXY_0683500	GO:0004559,GO:0016798
BXY_0684500	GO:0000139,GO:0004252,GO:0005802,GO:0006508,GO:0008236,GO:0016020,GO:0016485,GO:0016486
BXY_0684600	GO:0005615,GO:0062023
BXY_0684700	GO:0000209,GO:0005515,GO:0008270,GO:0043161,GO:0061630
BXY_0684800	GO:0005789,GO:0005886,GO:0033149,GO:0061817,GO:0090158
BXY_0684900	GO:0000460,GO:0003676,GO:0003723,GO:0003724,GO:0005524,GO:0005634,GO:0006401
BXY_0685000	GO:0003824,GO:0004069,GO:0005739,GO:0006520,GO:0006533,GO:0008483,GO:0009058,GO:0030170
BXY_0685100	GO:0005262,GO:0005886,GO:0006874,GO:0008273,GO:0016020,GO:0055085,GO:0070588
BXY_0685200	GO:0005515
BXY_0685500	GO:0005786,GO:0006614,GO:0006617,GO:0008312,GO:0048500
BXY_0685700	GO:0000287,GO:0003677,GO:0003824,GO:0004518,GO:0004523,GO:0005634,GO:0008409,GO:0016788,GO:0017108,GO:0030145
BXY_0685900	GO:0006383
BXY_0686100	GO:0004930,GO:0005886,GO:0007186,GO:0016020
BXY_0687100	GO:0003333,GO:0005774,GO:0015179,GO:0016020
BXY_0687200	GO:0004222,GO:0006508,GO:0008237,GO:0008270,GO:0018996
BXY_0687500	GO:0000978,GO:0000981,GO:0006357
BXY_0687600	GO:0005044,GO:0005737,GO:0016020
BXY_0687700	GO:0007606,GO:0016020
BXY_0687800	GO:0005200,GO:0005635,GO:0005652,GO:0006998,GO:0007097,GO:0031507,GO:0051664,GO:0090435
BXY_0688300	GO:0000978,GO:0003700,GO:0005634,GO:0006355,GO:0008270,GO:0043565
BXY_0688400	GO:0000978,GO:0003700,GO:0005634,GO:0006355,GO:0006357,GO:0008270,GO:0043565
BXY_0688500	GO:0000978,GO:0003700,GO:0005634,GO:0006355,GO:0008270,GO:0043565
BXY_0688600	GO:0000978,GO:0003700,GO:0006355,GO:0008270,GO:0043565
BXY_0688700	GO:0000978,GO:0003700,GO:0005634,GO:0006355,GO:0008270,GO:0043565
BXY_0689000	GO:0000978,GO:0003700,GO:0005634,GO:0006355,GO:0008270,GO:0043565
BXY_0689100	GO:0005886,GO:0006897,GO:0016020,GO:0018996,GO:0030659
BXY_0689500	GO:0005634,GO:0006261,GO:0008622,GO:0046982
BXY_0689900	GO:0003700,GO:0005634
BXY_0690000	GO:0000978,GO:0003700,GO:0006355,GO:0008270,GO:0043565
BXY_0690100	GO:0004499,GO:0050660,GO:0050661
BXY_0690600	GO:0003677,GO:0003917,GO:0005694,GO:0005730,GO:0006260,GO:0006265,GO:0007059
BXY_0690800	GO:0004672,GO:0005524,GO:0006468
BXY_0690900	GO:0005615,GO:0005737,GO:0006508,GO:0008237,GO:0008270,GO:0016020,GO:0042277,GO:0043171,GO:0070006
BXY_0691100	GO:0005615,GO:0050178
BXY_0691200	GO:0005615,GO:0005737,GO:0006508,GO:0008237,GO:0008270,GO:0016020,GO:0042277,GO:0043171,GO:0070006
BXY_0691400	GO:0005615,GO:0005737,GO:0006508,GO:0008237,GO:0008270,GO:0016020,GO:0042277,GO:0043171,GO:0070006
BXY_0691500	GO:0003725,GO:0004525,GO:0006396
BXY_0691600	GO:0016020,GO:0016757
BXY_0691700	GO:0000381,GO:0003676,GO:0003723,GO:0003729,GO:0005634,GO:0048024
BXY_0691800	GO:0000381,GO:0003723,GO:0003729,GO:0005634,GO:0048024
BXY_0691900	GO:0005524,GO:0016887
BXY_0692100	GO:0016020
BXY_0692500	GO:0016020,GO:0022857,GO:0055085
BXY_0692600	GO:0005975,GO:0008810
BXY_0692800	GO:0004984,GO:0050907
BXY_0693100	GO:0005216,GO:0005261,GO:0005886,GO:0006811,GO:0016020,GO:0032224,GO:0032230,GO:0055085
BXY_0693200	GO:0005634,GO:0010468
BXY_0693400	GO:0005975,GO:0008810
BXY_0693500	GO:0005975,GO:0008810
BXY_0693700	GO:0016020,GO:0022857,GO:0055085
BXY_0694100	GO:0004672,GO:0004674,GO:0005524,GO:0005829,GO:0006468,GO:0007200,GO:0035556
BXY_0694200	GO:0005179,GO:0005576,GO:0005615,GO:0006874
BXY_0694300	GO:0005179,GO:0005576,GO:0005615,GO:0006874
BXY_0694500	GO:0006508,GO:0008234
BXY_0694700	GO:0005802,GO:0005829,GO:0006890,GO:0007030,GO:0031985,GO:0043001,GO:0048194,GO:0070273
BXY_0694800	GO:0072546
BXY_0695000	GO:0005515,GO:0005769,GO:0006886,GO:0007165,GO:0032456,GO:0035091
BXY_0695100	GO:0005739,GO:0016491,GO:0045329
BXY_0695300	GO:0000981,GO:0005634,GO:0006357
BXY_0695500	GO:0005515
BXY_0695600	GO:0000712,GO:0000724,GO:0004519,GO:0004520,GO:0005515,GO:0005654,GO:0005737
BXY_0695700	GO:0005524,GO:0016887
BXY_0695800	GO:0005739,GO:0009083,GO:0015658,GO:0015803
BXY_0695900	GO:0006629
BXY_0696000	GO:0003676,GO:0003723,GO:0003743,GO:0005737,GO:0008190,GO:0034518,GO:0045727,GO:1901190
BXY_0696400	GO:0012505,GO:0070072
BXY_0696600	GO:0046872
BXY_0696900	GO:0000439,GO:0005675,GO:0006289,GO:0006294,GO:0006366,GO:0006367,GO:0070816
BXY_0697100	GO:0000785,GO:0000977,GO:0005667,GO:0006357,GO:0030154,GO:0051726,GO:2000134
BXY_0697400	GO:0004181,GO:0005615,GO:0006508,GO:0008270
BXY_0697500	GO:0003711,GO:0006368,GO:0008023,GO:0032783
BXY_0697700	GO:0005515,GO:0005737
BXY_0697800	GO:0003723,GO:0003735,GO:0006412,GO:0015934
BXY_0697900	GO:0016020,GO:0031966,GO:0070453
BXY_0698100	GO:0000993,GO:0003682,GO:0006368,GO:0016593
BXY_0698200	GO:0000978,GO:0000981,GO:0006355
BXY_0698600	GO:0005743,GO:0006850
BXY_0698900	GO:0005737,GO:0005856,GO:0030866,GO:0051015
BXY_0699000	GO:0004843,GO:0005634,GO:0005829,GO:0016579
BXY_0699100	GO:0008270
BXY_0699200	GO:0000045,GO:0000423,GO:0005776,GO:0009267,GO:0016240,GO:0035014,GO:0035032,GO:0043495,GO:0043552,GO:0097629,GO:0097632
BXY_0699300	GO:0005634,GO:0005829,GO:0008540,GO:0031593,GO:0043161
BXY_0699500	GO:0016020,GO:0022857,GO:0055085
BXY_0699800	GO:0004190,GO:0005764,GO:0006508,GO:0008219
BXY_0699900	GO:0016020,GO:0022857,GO:0055085
BXY_0700200	GO:0002183,GO:0003723,GO:0003743,GO:0005515,GO:0005737,GO:0005852,GO:0071541
BXY_0700400	GO:0000165,GO:0004672,GO:0004708,GO:0005524,GO:0006468
BXY_0700500	GO:0000049,GO:0002098,GO:0002926,GO:0005829,GO:0033588
BXY_0700600	GO:0042543
BXY_0700800	GO:0005975,GO:0006486,GO:0008107,GO:0016020,GO:0036065
BXY_0701000	GO:0000981,GO:0003677,GO:0006355,GO:0007409,GO:0045944,GO:0048665
BXY_0701300	GO:0002181,GO:0003729,GO:0003735,GO:0022625
BXY_0701600	GO:0005829,GO:0009653
BXY_0701700	GO:0003682,GO:0005515,GO:0006338,GO:0006368,GO:0016514,GO:0016586
BXY_0701900	GO:0003735,GO:0005762
BXY_0702000	GO:0003746,GO:0003924,GO:0005525,GO:0005829,GO:0006414,GO:0043022,GO:1990904
BXY_0702400	GO:0004984,GO:0050907
BXY_0702500	GO:0016491
BXY_0702900	GO:0003700,GO:0005634,GO:0005667,GO:0005737,GO:0006355,GO:0046983
BXY_0703000	GO:0003735,GO:0005762,GO:0032543
BXY_0703200	GO:0003924
BXY_0703400	GO:0000028,GO:0003723,GO:0003735,GO:0005840,GO:0006412,GO:0022627
BXY_0703500	GO:0000077,GO:0005634,GO:0042393,GO:0045944
BXY_0703700	GO:0003735,GO:0005763
BXY_0704000	GO:0004843,GO:0005515,GO:0005634,GO:0005829,GO:0016579
BXY_0704300	GO:0016020,GO:0022857,GO:0055085
BXY_0704400	GO:0015078,GO:0015986,GO:0045259
BXY_0704500	GO:0005515,GO:0005879,GO:0030992,GO:0042073,GO:0120170
BXY_0704600	GO:0000978,GO:0000981,GO:0003677,GO:0005634,GO:0006355,GO:0006357,GO:0007417,GO:0007420,GO:0030182
BXY_0704700	GO:0004672,GO:0005515,GO:0005524,GO:0006468
BXY_0704800	GO:0000055,GO:0005634,GO:0005737,GO:0043023
BXY_0704900	GO:0001732,GO:0002188,GO:0003729,GO:0003743,GO:0005852,GO:0043614,GO:0071540,GO:0071541
BXY_0705100	GO:0016020,GO:0022857,GO:0055085
BXY_0705200	GO:0016491
BXY_0705400	GO:0006629,GO:0008374
BXY_0705500	GO:0007220,GO:0070765
BXY_0705600	GO:0004672,GO:0004713,GO:0005524,GO:0006468
BXY_0705700	GO:0048488
BXY_0705900	GO:0003924,GO:0005525,GO:0005737,GO:0005874,GO:0008017,GO:0016020
BXY_0706000	GO:0003924,GO:0005525,GO:0005737,GO:0005874,GO:0008017,GO:0016020
BXY_0706100	GO:0004611,GO:0004613,GO:0005525,GO:0005829,GO:0006094,GO:0006107,GO:0017076,GO:0019543,GO:0030145,GO:0033993,GO:0042594,GO:0046327,GO:0071333
BXY_0706200	GO:0003676,GO:0005543,GO:0006607,GO:0006913,GO:0006999,GO:0017056,GO:0031965,GO:0044613,GO:0044615
BXY_0706300	GO:0000045,GO:0000407,GO:0000422,GO:0005829,GO:0019776,GO:0019787,GO:0044804,GO:0061723
BXY_0706400	GO:0000727,GO:0003682,GO:0003688,GO:0003697,GO:0006270,GO:0031261,GO:1902977
BXY_0706700	GO:0005515
BXY_0706900	GO:0004888,GO:0005216,GO:0005230,GO:0006811,GO:0016020,GO:0034220
BXY_0707200	GO:0016020
BXY_0707300	GO:0006629,GO:0016788
BXY_0707400	GO:0006629,GO:0016788
BXY_0707700	GO:0004359,GO:0006537,GO:0006541,GO:0006543
BXY_0707800	GO:0016791
BXY_0707900	GO:0006886
BXY_0708000	GO:0000146,GO:0003774,GO:0005515,GO:0005524,GO:0005737,GO:0007015,GO:0015629,GO:0016020,GO:0016459,GO:0051015
BXY_0708100	GO:0005737,GO:0016460,GO:0031032,GO:0032982,GO:0051015
BXY_0708200	GO:0005741,GO:0008308,GO:0055085,GO:0098656
BXY_0708300	GO:0005216,GO:0005267,GO:0006811,GO:0006813,GO:0016020,GO:0045211,GO:0055085,GO:0060072,GO:0071805
BXY_0708500	GO:0004095,GO:0005739,GO:0006635,GO:0016746
BXY_0708600	GO:0005515,GO:0006357
BXY_0708700	GO:0003723,GO:0003729,GO:0005737,GO:0006398,GO:0051028,GO:0071204,GO:0071207
BXY_0708900	GO:0030991,GO:0035721,GO:0060271,GO:0061512,GO:0097730,GO:1905515
BXY_0709100	GO:0005515,GO:0030991,GO:0035721,GO:0060271,GO:0061512,GO:0097730,GO:1905515
BXY_0709200	GO:0007218
BXY_0709400	GO:0004435,GO:0005509,GO:0005886,GO:0006629,GO:0007165,GO:0008081,GO:0035556
BXY_0709500	GO:0000814,GO:0031902,GO:0032509,GO:0043130,GO:0043328
BXY_0709700	GO:0000002,GO:0005739,GO:0015218,GO:0055085,GO:1990519
BXY_0710000	GO:0003676,GO:0005524
BXY_0710200	GO:0004672,GO:0005524,GO:0006468
BXY_0711500	GO:0005515
BXY_0711700	GO:0005515
BXY_0711800	GO:0005737
BXY_0712000	GO:0007623
BXY_0712100	GO:0007623
BXY_0712400	GO:0003676,GO:0003724,GO:0005524,GO:0005829
BXY_0712500	GO:0004177,GO:0005737,GO:0006508,GO:0008235,GO:0035551,GO:0070006
BXY_0712700	GO:0016020,GO:0022857,GO:0055085
BXY_0712800	GO:0004888,GO:0005216,GO:0006811,GO:0016020,GO:0034220
BXY_0712900	GO:0004553
BXY_0713000	GO:0003712,GO:0006357,GO:0016592
BXY_0713100	GO:0000398,GO:0003723
BXY_0713300	GO:0004888,GO:0004930,GO:0004965,GO:0007186,GO:0007214,GO:0016020,GO:0038039
BXY_0713400	GO:0000413,GO:0003755,GO:0005737,GO:0006457,GO:0016018,GO:0043231
BXY_0713500	GO:0005216,GO:0005272,GO:0005886,GO:0006811,GO:0006814,GO:0015280,GO:0016020,GO:0035725
BXY_0713600	GO:0042302
BXY_0713700	GO:0003676,GO:0006139,GO:0008408,GO:0034587,GO:1990923
BXY_0713800	GO:0004132,GO:0005737,GO:0008270,GO:0009972,GO:0016787
BXY_0713900	GO:0001522,GO:0003723,GO:0005634,GO:0009451,GO:0009982
BXY_0714200	GO:0003676
BXY_0714600	GO:0005739
BXY_0714700	GO:0005739
BXY_0714800	GO:0005739
BXY_0715700	GO:0005737,GO:0042030,GO:0051087
BXY_0715900	GO:0003987,GO:0006085
BXY_0716000	GO:0042302
BXY_0717400	GO:0004653,GO:0005794,GO:0006493
BXY_0717800	GO:0005315,GO:0005743,GO:0035435,GO:1990547
BXY_0717900	GO:0003676,GO:0003723,GO:0005515,GO:0005730,GO:0006364,GO:0006396,GO:0032040
BXY_0718200	GO:0003824
BXY_0718500	GO:0005929,GO:0007399,GO:0008289,GO:0042953,GO:0060271
BXY_0718600	GO:0000122,GO:0003714,GO:0005634,GO:0006357,GO:0045892,GO:0070822,GO:0140110
BXY_0718700	GO:0008270
BXY_0719200	GO:0003824
BXY_0719300	GO:0003723,GO:0005681,GO:0048024
BXY_0719400	GO:0003676,GO:0003723
BXY_0719700	GO:0003682,GO:0005515,GO:0048188
BXY_0719900	GO:0005200,GO:0005525,GO:0005874,GO:0007017
BXY_0720000	GO:0006488,GO:0016758
BXY_0720100	GO:0000184,GO:0003723,GO:0005515,GO:0005737,GO:0035145
BXY_0720400	GO:0016020,GO:0016746
BXY_0720600	GO:0000723,GO:0003678,GO:0006281
BXY_0720900	GO:0005783,GO:0005794,GO:0016020,GO:2001234
BXY_0721000	GO:0004222,GO:0005886,GO:0006508,GO:0008237,GO:0016485
BXY_0721100	GO:0004222,GO:0005886,GO:0006508,GO:0008237,GO:0016485
BXY_0721200	GO:0004930,GO:0005886,GO:0007186,GO:0016020,GO:0032870,GO:0042277
BXY_0721300	GO:0004930,GO:0007186,GO:0016020
BXY_0721700	GO:0003824
BXY_0722100	GO:0000176,GO:0000177,GO:0000467,GO:0016075,GO:0034427,GO:0034473,GO:0034475,GO:0034476,GO:0035925,GO:0043928,GO:0071028,GO:0071035,GO:0071038
BXY_0722300	GO:0005524,GO:0016301,GO:0016310,GO:0016772
BXY_0722400	GO:0005515,GO:0051879
BXY_0722600	GO:0004252,GO:0006508
BXY_0723200	GO:0000977,GO:0000981,GO:0003677,GO:0006355,GO:0006357
BXY_0723500	GO:0002940,GO:0003723,GO:0004809,GO:0005634,GO:0008033,GO:0016423
BXY_0724100	GO:0005515,GO:0005634,GO:0005737,GO:0010992,GO:0043130,GO:0043161
BXY_0724200	GO:0005509
BXY_0724400	GO:0004568,GO:0006032,GO:0016998
BXY_0724500	GO:0000978,GO:0000981,GO:0003677,GO:0005634,GO:0005667,GO:0006355,GO:0006357
BXY_0724700	GO:0042302
BXY_0724800	GO:0042302
BXY_0725200	GO:0008033,GO:0008168,GO:0008175,GO:0030488,GO:0106050
BXY_0725300	GO:0000785,GO:0003676,GO:0003723,GO:0005654,GO:0010468
BXY_0725500	GO:0005829,GO:0008310,GO:0016788
BXY_0725600	GO:0005515
BXY_0725700	GO:0003824,GO:0006108,GO:0016491,GO:0016615,GO:0016616,GO:0019752,GO:0030060
BXY_0725800	GO:0004197,GO:0005634,GO:0005737,GO:0005813,GO:0006508,GO:0051307,GO:0072686
BXY_0726000	GO:0003824
BXY_0726400	GO:0015267,GO:0016020,GO:0055085
BXY_0726500	GO:0000768,GO:0007275,GO:0044291
BXY_0726600	GO:0003924,GO:0005525,GO:0007264
BXY_0726700	GO:0005515,GO:0005737,GO:0005739,GO:0005876,GO:0008017,GO:0097431
BXY_0726800	GO:0001653,GO:0004016,GO:0004383,GO:0004672,GO:0005524,GO:0005886,GO:0006182,GO:0006468,GO:0007168,GO:0009190,GO:0016849,GO:0035556
BXY_0726900	GO:0004364,GO:0006749
BXY_0727000	GO:0004364,GO:0004602,GO:0005739,GO:0005777,GO:0006749,GO:0016491
BXY_0727100	GO:0004364,GO:0004602,GO:0005739,GO:0005777,GO:0006749,GO:0016491
BXY_0727200	GO:0004222,GO:0005886,GO:0006508,GO:0008237,GO:0016485
BXY_0727300	GO:0004364,GO:0004602,GO:0005739,GO:0005777,GO:0006749,GO:0016491
BXY_0727400	GO:0005739,GO:0016491,GO:0071949
BXY_0727500	GO:0003676,GO:0003724,GO:0005524
BXY_0727600	GO:0005789,GO:0036064,GO:0045724
BXY_0727800	GO:0005765,GO:0022857,GO:0055085
BXY_0727900	GO:0004123,GO:0005737,GO:0016846,GO:0019343,GO:0019346,GO:0030170
BXY_0728600	GO:0003676,GO:0008270
BXY_0728900	GO:0005739
BXY_0729100	GO:0003676,GO:0008270
BXY_0729600	GO:0005515,GO:0034464,GO:0036064,GO:0097730,GO:1905515
BXY_0730000	GO:0002181,GO:0003723,GO:0003735,GO:0005840,GO:0006412,GO:0015934,GO:0022625
BXY_0730200	GO:0003924,GO:0005525
BXY_0730400	GO:0005765
BXY_0730600	GO:0016020
BXY_0730800	GO:0016020
BXY_0731400	GO:0008270
BXY_0731500	GO:0000123,GO:0005634,GO:0006325,GO:0006355,GO:0035267
BXY_0731800	GO:0005385,GO:0005886,GO:0006812,GO:0008324,GO:0010043,GO:0016020,GO:0055085,GO:0061088,GO:0071577
BXY_0731900	GO:0005886,GO:0016020,GO:0051180,GO:0055085,GO:0090482
BXY_0732100	GO:0002098,GO:0005515,GO:0033588
BXY_0732200	GO:0003746,GO:0005634,GO:0005737,GO:0006414
BXY_0732300	GO:0004222,GO:0005886,GO:0006508,GO:0008237,GO:0016485
BXY_0732500	GO:0004222,GO:0005886,GO:0006508,GO:0008237,GO:0016485
BXY_0732600	GO:0004222,GO:0005886,GO:0006508,GO:0008237,GO:0016485
BXY_0732700	GO:0004222,GO:0005886,GO:0006508,GO:0008237,GO:0016485
BXY_0732800	GO:0004222,GO:0005886,GO:0006508,GO:0008237,GO:0016485
BXY_0733000	GO:0004222,GO:0005886,GO:0006508,GO:0008237,GO:0016485
BXY_0733100	GO:0004722,GO:0005634,GO:0005737,GO:0016787
BXY_0733200	GO:0004672,GO:0004674,GO:0005524,GO:0005737,GO:0006468,GO:0035556
BXY_0733300	GO:0016020,GO:0020037,GO:0043231
BXY_0733400	GO:0019825,GO:0020037
BXY_0733500	GO:0015267,GO:0016020,GO:0055085
BXY_0734000	GO:0009249,GO:0033819,GO:0036211
BXY_0734200	GO:0004842,GO:0005515,GO:0005634,GO:0016567,GO:0036297
BXY_0734300	GO:0005747
BXY_0734400	GO:0000124,GO:0003713,GO:0006357,GO:0045893,GO:0071819
BXY_0734600	GO:0005544,GO:0005886,GO:0071277
BXY_0734700	GO:0000123,GO:0004402,GO:0005515,GO:0005634,GO:0006338,GO:0006355,GO:0010484,GO:0016747,GO:0043966,GO:0045944,GO:0140672
BXY_0734800	GO:0003676,GO:0003723
BXY_0735100	GO:0004623,GO:0005509,GO:0006644,GO:0016042,GO:0050482
BXY_0735200	GO:0005544,GO:0005886,GO:0071277
BXY_0735300	GO:0004930,GO:0007186,GO:0016020
BXY_0735400	GO:0005267,GO:0005886,GO:0015271,GO:0016020,GO:0022841,GO:0030322,GO:0071805
BXY_0735500	GO:0005737,GO:0016757,GO:0070085
BXY_0735600	GO:0002009,GO:0005509,GO:0007411,GO:0016010,GO:0016011,GO:0016020,GO:0016203,GO:0021675,GO:0042383,GO:0043236
BXY_0735900	GO:0004521,GO:0090304
BXY_0736000	GO:0003824,GO:0004731,GO:0005737,GO:0006139,GO:0009116
BXY_0736100	GO:0005739,GO:0006631,GO:0016491
BXY_0736200	GO:0000287,GO:0004450,GO:0005739,GO:0005777,GO:0005829,GO:0006102,GO:0006739,GO:0016616,GO:0051287
BXY_0736400	GO:0005737
BXY_0736600	GO:0005747,GO:0006979,GO:0016020,GO:0045271
BXY_0736700	GO:0000045,GO:0005515,GO:0005634,GO:0005829,GO:0007030,GO:0031468,GO:0043130,GO:0043161,GO:0061025
BXY_0736800	GO:0008643,GO:0016020,GO:0051119
BXY_0737000	GO:0005042,GO:0005515,GO:0007165,GO:0008045,GO:0016020,GO:0038007
BXY_0737500	GO:0000226,GO:0004672,GO:0004674,GO:0005524,GO:0005737,GO:0006468,GO:0035556,GO:0050321
BXY_0737600	GO:0005634
BXY_0737700	GO:0016020
BXY_0737900	GO:1990072
BXY_0738100	GO:0000815,GO:0005771,GO:0006900,GO:0007034,GO:0009898,GO:0032511
BXY_0738200	GO:0004888,GO:0005216,GO:0005230,GO:0006811,GO:0016020,GO:0034220
BXY_0738400	GO:0005315,GO:0006817,GO:0016020,GO:0035435
BXY_0738900	GO:0097602,GO:2000060
BXY_0739100	GO:0016020
BXY_0739200	GO:0004930,GO:0007186,GO:0016020
BXY_0739300	GO:0004857,GO:0004867,GO:0005576,GO:0005615,GO:0030414
BXY_0739400	GO:0005789,GO:0009922,GO:0016020,GO:0019367,GO:0030148,GO:0034625,GO:0034626,GO:0042761
BXY_0739700	GO:0006629,GO:0016491
BXY_0739900	GO:0005654,GO:0061630
BXY_0740000	GO:0008270
BXY_0740100	GO:0000978,GO:0003700,GO:0006355,GO:0008270,GO:0043565
BXY_0740200	GO:0000978,GO:0003700,GO:0006355,GO:0008270,GO:0043565
BXY_0740300	GO:0005544,GO:0005886,GO:0071277
BXY_0740500	GO:0000290,GO:0000932,GO:0003729,GO:0008047,GO:0031087,GO:0043085
BXY_0740700	GO:0005515,GO:0016020,GO:0031514,GO:0034464,GO:0036064,GO:0043005,GO:0060271,GO:1905515
BXY_0740900	GO:0003676,GO:0003724,GO:0005524
BXY_0741000	GO:0005515
BXY_0741100	GO:0005615,GO:0005737,GO:0006508,GO:0008237,GO:0008270,GO:0016020,GO:0042277,GO:0043171,GO:0070006
BXY_0741500	GO:0005886,GO:0016020
BXY_0741600	GO:0016020
BXY_0741800	GO:0090162
BXY_0742100	GO:0005829,GO:0008767,GO:0016491,GO:0050660
BXY_0742200	GO:0005778
BXY_0742300	GO:0004345,GO:0005829,GO:0006006,GO:0009051,GO:0016614,GO:0050661
BXY_0742400	GO:0005737,GO:0006457,GO:0016272,GO:0051082
BXY_0742500	GO:0003676,GO:0003723,GO:0003729
BXY_0742600	GO:0005869
BXY_0742800	GO:0005515,GO:0031410,GO:0032483
BXY_0742900	GO:0005930,GO:0008017,GO:0030992,GO:0036064,GO:0042073,GO:0060271,GO:0070507
BXY_0743100	GO:0000214,GO:0000379
BXY_0743200	GO:0004672,GO:0005515,GO:0005524,GO:0006468,GO:0031430,GO:0045214
BXY_0743300	GO:0005886,GO:0007411,GO:0016020,GO:0046875,GO:0048013
BXY_0743400	GO:0005307,GO:0005886,GO:0008292,GO:0015871,GO:0016020,GO:0022857,GO:0055085
BXY_0743600	GO:0004930,GO:0005886,GO:0007186,GO:0007218,GO:0008188,GO:0016020
BXY_0743700	GO:0000494,GO:0003723,GO:0005730,GO:0006364,GO:0008168,GO:0008649,GO:0015030,GO:0031167,GO:0031428,GO:0032040,GO:1990259
BXY_0743900	GO:0061177,GO:1900073
BXY_0744000	GO:0000076,GO:0003677,GO:0006281,GO:0031298,GO:0043111,GO:0048478
BXY_0744100	GO:0015986,GO:0045259,GO:0046933
BXY_0744200	GO:0005049,GO:0005643,GO:0005737,GO:0006611,GO:0051169
BXY_0744300	GO:0004615,GO:0005829,GO:0006013,GO:0006487,GO:0009298
BXY_0744400	GO:0005886,GO:0016020
BXY_0744500	GO:0000987,GO:0006368,GO:0008023,GO:0032968,GO:0042795
BXY_0744600	GO:0003824,GO:0005829,GO:0006749,GO:0016787,GO:0017168
BXY_0744700	GO:0000978,GO:0000981,GO:0006357,GO:0048856
BXY_0745100	GO:0004222,GO:0006508,GO:0008237,GO:0008270,GO:0030198,GO:0031012
BXY_0745300	GO:0000281,GO:0005096,GO:0005634,GO:0007165,GO:0007266,GO:0030496,GO:0032154,GO:0051233,GO:0051256,GO:0097149
BXY_0745400	GO:0005515,GO:0005737,GO:0007167,GO:0016477,GO:0030971,GO:0035591
BXY_0745500	GO:0005515,GO:0005634,GO:0008270,GO:0042054
BXY_0745600	GO:0005509
BXY_0745700	GO:0003700,GO:0006355
BXY_0745800	GO:0003924,GO:0005525,GO:0005765,GO:0008089,GO:0015031
BXY_0746200	GO:0004888,GO:0005216,GO:0005230,GO:0006811,GO:0016020,GO:0034220
BXY_0746400	GO:0004888,GO:0005216,GO:0005230,GO:0006811,GO:0016020,GO:0034220
BXY_0747000	GO:0003735,GO:0005762,GO:0006412
BXY_0747100	GO:0005856,GO:0005885,GO:0034314
BXY_0747200	GO:0005886,GO:0006897,GO:0016020,GO:0018996,GO:0030659
BXY_0747300	GO:0005737,GO:0008641,GO:0019781,GO:0032446,GO:0045116
BXY_0747400	GO:0004930,GO:0005886,GO:0007186,GO:0007218,GO:0008528,GO:0016020
BXY_0747500	GO:0003779,GO:0005515,GO:0005886,GO:0007266,GO:0035023
BXY_0747600	GO:0005886,GO:0016020,GO:0033211,GO:0038023
BXY_0747700	GO:0005737,GO:0043227,GO:0070290,GO:0070291,GO:0070292
BXY_0747800	GO:0005634,GO:0005737,GO:0007088,GO:0019901,GO:0032147,GO:0060236
BXY_0747900	GO:0005769,GO:0007032,GO:0008333,GO:0035091,GO:0046872
BXY_0748000	GO:0004930,GO:0005886,GO:0007186,GO:0016020,GO:0042277,GO:0043005
BXY_0748100	GO:0006891,GO:0007030,GO:0015031,GO:0016020,GO:0017119
BXY_0748200	GO:0005789,GO:0032434,GO:0034976,GO:0061666,GO:0071568,GO:0071569,GO:1990592
BXY_0748400	GO:0005515,GO:0005737,GO:0006511,GO:0007275,GO:0008270,GO:0031624,GO:0043161,GO:0061630
BXY_0748700	GO:0000978,GO:0000981,GO:0003677,GO:0006355,GO:0006357,GO:0048856
BXY_0748800	GO:0004497,GO:0005506,GO:0016705,GO:0020037
BXY_0748900	GO:0003677,GO:0003723,GO:0004525,GO:0004530,GO:0005515,GO:0005524,GO:0005634,GO:0005737,GO:0006309,GO:0006396,GO:0016787,GO:0016891,GO:0030422,GO:0031054,GO:0070578,GO:0090501
BXY_0749100	GO:0001522,GO:0003723,GO:0009451,GO:0009982,GO:0031119
BXY_0749200	GO:0000398,GO:0003723,GO:0003729,GO:0005688,GO:0016070,GO:0046540,GO:0071011
BXY_0749300	GO:0004222,GO:0006508,GO:0008237
BXY_0749400	GO:0000398,GO:0003723,GO:0005681
BXY_0749500	GO:0004033,GO:0016491
BXY_0749800	GO:0005789,GO:0009922,GO:0016020,GO:0019367,GO:0030148,GO:0034625,GO:0034626,GO:0042761
BXY_0750000	GO:0019825,GO:0020037
BXY_0750100	GO:0005515,GO:0016324,GO:0043495,GO:0072659
BXY_0750300	GO:0005634,GO:0005737,GO:0009408,GO:0042026,GO:0051082
BXY_0750500	GO:0003824,GO:0006139,GO:0016811,GO:0047710
BXY_0750600	GO:0005739
BXY_0750700	GO:0005783,GO:0012505,GO:0016020
BXY_0750800	GO:0003676,GO:0004535,GO:0030014
BXY_0751000	GO:0008253
BXY_0751200	GO:0003924,GO:0005525,GO:0007264
BXY_0751300	GO:0004930,GO:0005886,GO:0007186,GO:0016020,GO:0042277,GO:0043005
BXY_0751500	GO:0005654,GO:0045814
BXY_0751600	GO:0001664,GO:0003924,GO:0005525,GO:0005737,GO:0005834,GO:0007165,GO:0007186,GO:0007188,GO:0019001,GO:0031683
BXY_0751800	GO:0004657,GO:0005509,GO:0005739,GO:0006562,GO:0010133,GO:0071949
BXY_0752000	GO:0019825,GO:0020037
BXY_0752400	GO:0004930,GO:0005886,GO:0007186,GO:0016020,GO:0042277,GO:0043005
BXY_0752500	GO:0005739,GO:0006567,GO:0008890,GO:0009058,GO:0030170
BXY_0752600	GO:0003723,GO:0006396,GO:0008173,GO:0016423,GO:0030488
BXY_0752700	GO:0003735,GO:0005840,GO:0006412,GO:0022625
BXY_0752800	GO:0005634,GO:0005737,GO:0006909,GO:0033749,GO:0106140
BXY_0753000	GO:0005515,GO:0005770,GO:0006623,GO:0030897,GO:0034058
BXY_0753100	GO:0004475,GO:0005525,GO:0009058,GO:0009298,GO:0016740
BXY_0753200	GO:0005739,GO:0005829,GO:0019239,GO:1901565
BXY_0753300	GO:0003723,GO:0003735,GO:0005634,GO:0006412,GO:0015935,GO:0022627,GO:2001235
BXY_0753400	GO:0005789,GO:0006457
BXY_0753500	GO:0005634
BXY_0753900	GO:0005216,GO:0005221,GO:0005222,GO:0005223,GO:0005886,GO:0006811,GO:0016020,GO:0017071,GO:0030553,GO:0044877,GO:0055085,GO:0098655
BXY_0754000	GO:0008430
BXY_0754100	GO:0005267,GO:0005886,GO:0015271,GO:0016020,GO:0022841,GO:0030322,GO:0071805
BXY_0754200	GO:0005509,GO:0016460
BXY_0754800	GO:0005509,GO:0005911,GO:0007156,GO:0016020,GO:0098609
BXY_0754900	GO:0000930,GO:0016197,GO:0031083,GO:0032418,GO:0043015,GO:0099078
BXY_0755400	GO:0004930,GO:0005886,GO:0007186,GO:0016020
BXY_0755500	GO:0003677,GO:0005666,GO:0006383,GO:0042797
BXY_0755700	GO:0005516,GO:0005964,GO:0005975,GO:0005977
BXY_0755800	GO:0003777,GO:0005524,GO:0007018,GO:0008017
BXY_0755900	GO:0004864,GO:0009966,GO:0043666
BXY_0756000	GO:0005096,GO:0005929,GO:0006892,GO:1990075
BXY_0756100	GO:0000176,GO:0000177,GO:0003723,GO:0005730,GO:0016075,GO:0034427,GO:0034475,GO:0071028,GO:0071051
BXY_0756200	GO:0005622,GO:0030170
BXY_0756300	GO:0003723,GO:0003735,GO:0005762,GO:0005840,GO:0006412,GO:0032543
BXY_0756500	GO:0005975,GO:0006865,GO:0015173,GO:0015180,GO:0015190,GO:0015823,GO:0016323,GO:0016324,GO:1903801,GO:1904273
BXY_0756800	GO:0005096,GO:0005929,GO:0006892,GO:1990075
BXY_0756900	GO:0044666
BXY_0757000	GO:0003677,GO:0003713,GO:0006355,GO:0060261
BXY_0757100	GO:0000287,GO:0005737,GO:0006564,GO:0016311,GO:0036424
BXY_0757200	GO:0003700,GO:0006355,GO:0008270,GO:0043565
BXY_0757300	GO:0003735,GO:0005840,GO:0006412,GO:0022627
BXY_0757400	GO:0005739,GO:0006771,GO:0008531,GO:0009231,GO:0009398
BXY_0757500	GO:0016020,GO:0022857,GO:0055085
BXY_0757600	GO:0003676
BXY_0757700	GO:0004672,GO:0004674,GO:0005524,GO:0005634,GO:0006468
BXY_0757800	GO:0004672,GO:0004713,GO:0004714,GO:0005524,GO:0005886,GO:0006468,GO:0007169,GO:0007275,GO:0033674,GO:0043235
BXY_0758100	GO:0005515
BXY_0758200	GO:0004930,GO:0007186,GO:0016020
BXY_0758300	GO:0005739,GO:0032981
BXY_0758400	GO:0000127,GO:0003677,GO:0006384,GO:0042791
BXY_0758500	GO:0004672,GO:0004713,GO:0005524,GO:0006468
BXY_0758600	GO:0004649,GO:0005634,GO:0005737,GO:0005975,GO:0006282,GO:0009225,GO:1990966
BXY_0758800	GO:0016409
BXY_0758900	GO:0000209,GO:0016567,GO:0046872,GO:0061630
BXY_0759100	GO:0005267,GO:0005886,GO:0015271,GO:0016020,GO:0022841,GO:0030322,GO:0071805
BXY_0759200	GO:0000978,GO:0001228,GO:0003677,GO:0003700,GO:0005634,GO:0006355,GO:0006357
BXY_0759400	GO:0000978,GO:0001228,GO:0003677,GO:0003700,GO:0005634,GO:0006355,GO:0006357
BXY_0759500	GO:0004722,GO:0005634,GO:0005737,GO:0016787
BXY_0759600	GO:0003676,GO:0003723
BXY_0759700	GO:0004735,GO:0055129
BXY_0759800	GO:0006511,GO:0008180
BXY_0759900	GO:0005743,GO:0032981,GO:0033617
BXY_0760000	GO:0016020,GO:0016746
BXY_0760100	GO:0004739,GO:0005967,GO:0006086
BXY_0760200	GO:0003924,GO:0005525
BXY_0760300	GO:0016020,GO:0034975,GO:0072546
BXY_0760500	GO:0000209,GO:0004842,GO:0005515,GO:0005634,GO:0005737,GO:0006511,GO:0016567,GO:0061630
BXY_0760600	GO:0005744,GO:0030150
BXY_0760700	GO:0005515
BXY_0760800	GO:0008289
BXY_0760900	GO:0005783,GO:0008117,GO:0016830,GO:0019752,GO:0030149,GO:0030170
BXY_0761000	GO:0004519,GO:0005515,GO:0005634,GO:0043130
BXY_0761100	GO:0003712,GO:0003713,GO:0006357,GO:0016592
BXY_0761200	GO:0002092,GO:0005080,GO:0005515,GO:0005543,GO:0006886,GO:0008021,GO:0014069,GO:0019904,GO:0032588,GO:0034315,GO:0043005,GO:0043113,GO:0097062,GO:0098842
BXY_0761300	GO:0000266,GO:0003924,GO:0005525,GO:0005737,GO:0005739,GO:0005874,GO:0006897,GO:0008017,GO:0016020,GO:0016559,GO:0048312
BXY_0761500	GO:0005886,GO:0006812,GO:0008324
BXY_0761600	GO:0003677,GO:0005515,GO:0005524,GO:0005634,GO:0005694,GO:0007062,GO:0008278,GO:0016887,GO:0051276
BXY_0761700	GO:0005515,GO:0005871,GO:0005930,GO:0007018,GO:0016939,GO:0019894,GO:0035869,GO:0044782
BXY_0761800	GO:0015149,GO:0015749,GO:0016020,GO:0022857,GO:0055085
BXY_0762100	GO:0005198,GO:0005515,GO:0006886,GO:0006888,GO:0006890,GO:0006891,GO:0016192,GO:0030117,GO:0030126
BXY_0762200	GO:0005524,GO:0006139,GO:0019205
BXY_0762500	GO:0001508,GO:0005216,GO:0005249,GO:0005251,GO:0006811,GO:0006813,GO:0008076,GO:0016020,GO:0051260,GO:0055085,GO:0071805
BXY_0762600	GO:0005096,GO:0031267,GO:0043087
BXY_0762700	GO:0035556
BXY_0763000	GO:0003676,GO:0003724,GO:0005524,GO:0005829
BXY_0763200	GO:0005765,GO:0022857,GO:0055085
BXY_0763500	GO:0000287,GO:0003824,GO:0003984,GO:0005948,GO:0009097,GO:0009099,GO:0030976,GO:0050660
BXY_0763600	GO:0000139,GO:0005198,GO:0005783,GO:0005793,GO:0006886,GO:0006888,GO:0006891,GO:0009306,GO:0016192,GO:0030117,GO:0030126,GO:0072384
BXY_0763700	GO:0009986
BXY_0763900	GO:0004359,GO:0005515,GO:0006537,GO:0006541,GO:0006543
BXY_0764200	GO:0005524,GO:0005743,GO:0015421,GO:0016020,GO:0016887,GO:0055085,GO:0090374,GO:0140359
BXY_0764300	GO:0015252,GO:0016020,GO:1902600
BXY_0764700	GO:0005886,GO:0016020
BXY_0764900	GO:0004725,GO:0006470,GO:0016311
BXY_0765200	GO:0000276,GO:0015078,GO:0015986,GO:0033177,GO:0045259,GO:0045263,GO:1902600
BXY_0765300	GO:0004725,GO:0004726,GO:0005634,GO:0005737,GO:0006470,GO:0016311
BXY_0765400	GO:0005085,GO:0030036,GO:0032012
BXY_0765600	GO:0000727,GO:0003677,GO:0003697,GO:0005524,GO:0005634,GO:0006260,GO:0006268,GO:0006270,GO:0017116,GO:0042555,GO:0043138,GO:1902975
BXY_0765700	GO:0006629
BXY_0765900	GO:0004252,GO:0006508
BXY_0766100	GO:0003700,GO:0006355,GO:0008270,GO:0043565
BXY_0766200	GO:0005515,GO:0005774,GO:0005829,GO:0016239,GO:0032008,GO:0034198,GO:0061700,GO:1904263
BXY_0766300	GO:0016180,GO:0032039,GO:0034472
BXY_0766400	GO:0004672,GO:0005524,GO:0006468
BXY_0766600	GO:0006631,GO:0031956
BXY_0766700	GO:0003723,GO:0004525,GO:0005634,GO:0006364,GO:0006396,GO:0031054,GO:0070877
BXY_0766800	GO:0005524,GO:0005634,GO:0016887
BXY_0766900	GO:0004930,GO:0007186,GO:0016020
BXY_0767000	GO:0003777,GO:0005524,GO:0005634,GO:0005871,GO:0005874,GO:0007018,GO:0008017,GO:0016887,GO:0051256
BXY_0767300	GO:0001671,GO:0030641,GO:0033176
BXY_0767400	GO:0005839,GO:0006511,GO:0019773,GO:0030163,GO:0043161
BXY_0767700	GO:0005576
BXY_0767800	GO:0005509
BXY_0768000	GO:0005524,GO:0016887
BXY_0768100	GO:0000287,GO:0004427,GO:0005737,GO:0006796
BXY_0768200	GO:0004329,GO:0005524
BXY_0768300	GO:0004672,GO:0004674,GO:0004675,GO:0005524,GO:0005886,GO:0006468,GO:0007178,GO:0016020,GO:0043235,GO:0071363
BXY_0768400	GO:0004040,GO:0009062,GO:0017064
BXY_0768700	GO:0000086,GO:0004672,GO:0004674,GO:0004693,GO:0005524,GO:0005634,GO:0006468,GO:0007095
BXY_0768800	GO:0005515,GO:0005737,GO:0007165
BXY_0768900	GO:0004722,GO:0016787
BXY_0769100	GO:0000974,GO:0003676,GO:0003723,GO:0017070,GO:0036002,GO:0046872,GO:0071006,GO:0071007
BXY_0769200	GO:0005515,GO:0043041
BXY_0769300	GO:0005085,GO:0005737,GO:0007010,GO:0046847
BXY_0769400	GO:0003713,GO:0006879,GO:0009725
BXY_0769700	GO:0000045,GO:0000407,GO:0000422,GO:0005737,GO:0006501,GO:0006995,GO:0008641,GO:0019778,GO:0019779,GO:0032446,GO:0034727
BXY_0770000	GO:0006820,GO:0016020,GO:0022857,GO:0055085
BXY_0770200	GO:0002161,GO:0005737,GO:0006399,GO:0051499,GO:0051500
BXY_0770300	GO:0004303,GO:0005739,GO:0006631,GO:0008209,GO:0008210
BXY_0770400	GO:0005085,GO:0005515,GO:0005543,GO:0032012
BXY_0770500	GO:0003824,GO:0003938,GO:0005737,GO:0006164,GO:0006183,GO:0016491
BXY_0770600	GO:0000978,GO:0001228,GO:0005515,GO:0005634,GO:0006357
BXY_0770700	GO:0005762
BXY_0770800	GO:0004017,GO:0005524,GO:0005634,GO:0005737,GO:0016887
BXY_0771000	GO:0001522,GO:0003723,GO:0005634,GO:0005737,GO:0009451,GO:0009982,GO:0031119,GO:1990481
BXY_0771100	GO:0000502,GO:0005634,GO:0008540,GO:0030234,GO:0034515,GO:0042176,GO:0043161
BXY_0771200	GO:0008250,GO:0009101,GO:0016020,GO:0018279
BXY_0771300	GO:0004768,GO:0005506,GO:0005789,GO:0006629,GO:0006636,GO:0016717
BXY_0771600	GO:0006820,GO:0016020,GO:0022857,GO:0055085
BXY_0771700	GO:0005783,GO:0006614,GO:0016020
BXY_0771800	GO:0005515,GO:0008233,GO:0008237
BXY_0771900	GO:0007093,GO:0007094,GO:0034501,GO:1990423
BXY_0772000	GO:0004672,GO:0004713,GO:0005524,GO:0006468
BXY_0772100	GO:0000139,GO:0005737,GO:0005783,GO:0005795,GO:0006886,GO:0006888,GO:0012507,GO:0016192,GO:0045056,GO:0048193,GO:0048211,GO:0048280,GO:0061025
BXY_0772200	GO:0000398,GO:0003676,GO:0003723,GO:0005654,GO:0005737,GO:0061574
BXY_0772300	GO:0000978,GO:0000981,GO:0006355
BXY_0772400	GO:0005737,GO:0010629
BXY_0772600	GO:0000122,GO:0000978,GO:0000981,GO:0003700,GO:0005634,GO:0006355,GO:0006357,GO:0008270,GO:0043565,GO:0045165,GO:0045944
BXY_0772700	GO:0009653
BXY_0772800	GO:0000978,GO:0001227,GO:0005654,GO:0006357
BXY_0772900	GO:0005829,GO:0008180
BXY_0773000	GO:0005524,GO:0006457,GO:0016887,GO:0051082,GO:0140662
BXY_0773100	GO:0005680,GO:0008270,GO:0031145,GO:0061630,GO:0097602
BXY_0773300	GO:0000118,GO:0003714,GO:0005667,GO:0006357,GO:0045892
BXY_0773400	GO:0003677,GO:0005634,GO:0006357
BXY_0773600	GO:0005096,GO:0043547
BXY_0773700	GO:0005515,GO:0005737
BXY_0773800	GO:0004033,GO:0016491
BXY_0773900	GO:0000166,GO:0005215,GO:0005524,GO:0006874,GO:0015203,GO:0015662,GO:0016020,GO:0016887,GO:0019829,GO:0055085,GO:0140358,GO:1902047
BXY_0774200	GO:0016020
BXY_0774400	GO:0004499,GO:0050660,GO:0050661
BXY_0774800	GO:0004722,GO:0005634,GO:0005737,GO:0016787
BXY_0774900	GO:0004100,GO:0006031,GO:0016758,GO:0030428,GO:0071944
BXY_0775000	GO:0004930,GO:0007186,GO:0016020
BXY_0775100	GO:0005737
BXY_0775300	GO:0004672,GO:0004713,GO:0004714,GO:0005524,GO:0005886,GO:0006468,GO:0007169,GO:0007275,GO:0033674,GO:0043235
BXY_0775400	GO:0004672,GO:0004713,GO:0004714,GO:0005524,GO:0005886,GO:0006468,GO:0007169,GO:0007275,GO:0033674,GO:0043235
BXY_0775500	GO:0004725,GO:0006470,GO:0016311
BXY_0775600	GO:0004888,GO:0005216,GO:0005230,GO:0006811,GO:0016020,GO:0034220
BXY_0775900	GO:0005886,GO:0016020,GO:0043652,GO:0070782,GO:1902742
BXY_0776100	GO:0016020
BXY_0776200	GO:0003676
BXY_0776300	GO:0004721,GO:0005634,GO:0006397
BXY_0776400	GO:0000973,GO:0003723,GO:0005643,GO:0006405,GO:0006606,GO:0006913,GO:0008139,GO:0017056,GO:0034398,GO:0044614
BXY_0776500	GO:0005737,GO:0008641,GO:0016925,GO:0019948,GO:0031510,GO:0032446
BXY_0776700	GO:0000139,GO:0006493,GO:0009101,GO:0016020,GO:0016757,GO:0016758
BXY_0777000	GO:0004725,GO:0006470,GO:0016311
BXY_0777100	GO:0000045,GO:0000407,GO:0006914,GO:0019901,GO:1990316
BXY_0777200	GO:0016020,GO:0016192
BXY_0777300	GO:0003924,GO:0005525,GO:0007264
BXY_0777400	GO:0006659,GO:0106245
BXY_0777500	GO:0000978,GO:0003700,GO:0005634,GO:0006355,GO:0008270,GO:0043565
BXY_0777600	GO:0016020,GO:0022857,GO:0055085
BXY_0777700	GO:0016020,GO:0022857,GO:0055085
BXY_0777800	GO:0004364,GO:0006749,GO:0008146,GO:0016020
BXY_0778100	GO:0003924,GO:0005525,GO:0007264
BXY_0778300	GO:0005634,GO:0006334
BXY_0778600	GO:0000166,GO:0005215,GO:0005388,GO:0005524,GO:0005886,GO:0006874,GO:0016020,GO:0016887,GO:0019829,GO:0043231,GO:0051480,GO:0070588
BXY_0778800	GO:0005868,GO:0007017,GO:0030286,GO:0045505
BXY_0779200	GO:0005524,GO:0005743,GO:0015421,GO:0016020,GO:0016887,GO:0055085,GO:0090374,GO:0140359
BXY_0779300	GO:0005179,GO:0005576
BXY_0779400	GO:0005335,GO:0015842,GO:0022857,GO:0030672,GO:0043195,GO:0055085
BXY_0779500	GO:0005886,GO:0006833,GO:0015250,GO:0015254,GO:0015267,GO:0015793,GO:0016020,GO:0016323,GO:0055085
BXY_0779600	GO:0005634,GO:0006355,GO:0030015
BXY_0779700	GO:0001561,GO:0048244
BXY_0779900	GO:0000027,GO:0003723,GO:0005730,GO:0006364,GO:0019843
BXY_0780000	GO:0003743,GO:0005085,GO:0005515,GO:0005851,GO:0031369
BXY_0780100	GO:0016020
BXY_0780300	GO:0005524,GO:0016887
BXY_0780400	GO:0004672,GO:0004674,GO:0004692,GO:0005524,GO:0006468
BXY_0780600	GO:0000166,GO:0004812,GO:0004828,GO:0005524,GO:0006418,GO:0006434
BXY_0780700	GO:0004222,GO:0006508,GO:0008237,GO:0008270
BXY_0780800	GO:0004046,GO:0005737,GO:0006520,GO:0016787
BXY_0780900	GO:0004157,GO:0005737,GO:0005829,GO:0006208,GO:0016787,GO:0016810,GO:0016812
BXY_0781000	GO:0004157,GO:0005829,GO:0006208,GO:0016787,GO:0016810,GO:0016812
BXY_0781200	GO:0000813,GO:0008333,GO:0015031,GO:0036211,GO:0043130
BXY_0781300	GO:0003924,GO:0005525,GO:0007264
BXY_0781500	GO:0004672,GO:0004707,GO:0005524,GO:0006468
BXY_0781600	GO:0004672,GO:0004707,GO:0005524,GO:0006468
BXY_0781800	GO:0008121,GO:0016020,GO:0051537
BXY_0781900	GO:0008021,GO:0016020,GO:0030672
BXY_0782000	GO:0005515,GO:0019005,GO:0043161
BXY_0782200	GO:0006511
BXY_0782300	GO:0002181,GO:0003723,GO:0003735,GO:0005840,GO:0006412,GO:0022625
BXY_0782400	GO:0003924,GO:0005525,GO:0005739
BXY_0782500	GO:0005085,GO:0005737,GO:0007010,GO:0046847,GO:0046872
BXY_0782700	GO:0004843,GO:0016579,GO:0061578
BXY_0782900	GO:0008290,GO:0030036,GO:0030863,GO:0051015,GO:0051016
BXY_0783000	GO:0003333,GO:0005765,GO:0015179,GO:0016020
BXY_0783100	GO:0016787
BXY_0783200	GO:0016491
BXY_0783400	GO:0005515
BXY_0783500	GO:0072669
BXY_0783600	GO:0000145,GO:0005737,GO:0006887,GO:0006893
BXY_0783700	GO:0005811,GO:0016616
BXY_0783800	GO:0000145,GO:0005737,GO:0006887,GO:0006893
BXY_0783900	GO:0001965,GO:0005085,GO:0005737,GO:0007186
BXY_0784000	GO:0005739,GO:0045271
BXY_0784100	GO:0005789,GO:0006666,GO:0030148,GO:0047560
BXY_0784700	GO:0016405
BXY_0784800	GO:0016405
BXY_0785000	GO:0004222,GO:0006508,GO:0008237
BXY_0785100	GO:0000166,GO:0005215,GO:0005391,GO:0005524,GO:0005886,GO:0006883,GO:0016020,GO:0016887,GO:0019829,GO:0030007,GO:0036376,GO:1902600,GO:1990573
BXY_0785500	GO:0005506,GO:0015671,GO:0016491,GO:0019825,GO:0020037
BXY_0785600	GO:0000978,GO:0003700,GO:0005634,GO:0005737,GO:0006355,GO:0006406,GO:0008270,GO:0043565,GO:0070390
BXY_0786000	GO:0005112,GO:0005509,GO:0007219
BXY_0786200	GO:0005509,GO:0005515
BXY_0786300	GO:0005515
BXY_0786500	GO:0000978,GO:0000981,GO:0003677,GO:0005634,GO:0006357
BXY_0786600	GO:0005085,GO:0005509,GO:0005515,GO:0035025
BXY_0786800	GO:0000026,GO:0000030,GO:0005789,GO:0006506,GO:0016757
BXY_0786900	GO:0000724,GO:0003677,GO:0010212,GO:0044818,GO:0070876
BXY_0787000	GO:0004190,GO:0005764,GO:0006508,GO:0008219
BXY_0787100	GO:0004190,GO:0005764,GO:0006508,GO:0008219
BXY_0787200	GO:0006629,GO:0016788
BXY_0787300	GO:0006629,GO:0016788
BXY_0787800	GO:0006629,GO:0016020,GO:0030148,GO:0042284,GO:0046513
BXY_0788000	GO:0000054,GO:0003924,GO:0005525,GO:0005634,GO:0005737,GO:0006606,GO:0006913
BXY_0788200	GO:0004198,GO:0005737,GO:0006508
BXY_0788300	GO:0032418,GO:0099078
BXY_0788400	GO:0000976,GO:0003682,GO:0005669,GO:0006367,GO:0008237,GO:0008270,GO:0016251
BXY_0788600	GO:0005739
BXY_0788800	GO:0005515,GO:0005634,GO:0005737,GO:0005886,GO:0005912,GO:0098609
BXY_0788900	GO:0005515
BXY_0789200	GO:0008194
BXY_0789400	GO:0004144,GO:0005789,GO:0006629,GO:0008374,GO:0019432
BXY_0789500	GO:0004144,GO:0005789,GO:0006629,GO:0008374,GO:0019432
BXY_0789600	GO:0004984,GO:0050907
BXY_0789700	GO:0004984,GO:0050907
BXY_0790100	GO:0004984,GO:0050907
BXY_0790200	GO:0004984,GO:0050907
BXY_0790300	GO:0001561,GO:0048244
BXY_0791000	GO:0000978,GO:0003700,GO:0006355,GO:0008270,GO:0043565
BXY_0791200	GO:0007218
BXY_0791300	GO:0006629,GO:0016788
BXY_0791400	GO:0006629,GO:0016788
BXY_0791500	GO:0004888,GO:0007606,GO:0016020
BXY_0791600	GO:0006508,GO:0008234
BXY_0791700	GO:0006508,GO:0008234
BXY_0791900	GO:0006508,GO:0008234
BXY_0792000	GO:0004984,GO:0050907
BXY_0792400	GO:0005739,GO:0097250
BXY_0792800	GO:0016311,GO:0016791
BXY_0793000	GO:0010181,GO:0016491
BXY_0793500	GO:0000139,GO:0004559,GO:0005975,GO:0006013,GO:0006491,GO:0006517,GO:0030246
BXY_0793800	GO:0004478,GO:0005524,GO:0006556
BXY_0793900	GO:0005515,GO:0005768,GO:0006886,GO:0006904,GO:0007032,GO:0007033,GO:0016192,GO:0030674,GO:0030897,GO:0048284
BXY_0794000	GO:0000183,GO:0005677,GO:0005730,GO:0008168,GO:0033553,GO:0035064,GO:0042149,GO:0046015
BXY_0794100	GO:0005525
BXY_0794300	GO:0004930,GO:0004983,GO:0005886,GO:0007186,GO:0008188,GO:0016020,GO:0042923,GO:0043005
BXY_0794400	GO:0008194
BXY_0794500	GO:0005868,GO:0007017,GO:0030286,GO:0045505
BXY_0794600	GO:0000139,GO:0005789,GO:0005886,GO:0006686,GO:0016780,GO:0033188,GO:0046513,GO:0047493
BXY_0794700	GO:0015149,GO:0015749,GO:0016020,GO:0022857,GO:0055085
BXY_0794900	GO:0005471,GO:0005740,GO:0005743,GO:0006810,GO:0006839,GO:0015227,GO:0022857,GO:0140021,GO:1902603,GO:1990544
BXY_0795000	GO:0005524,GO:0016887
BXY_0795100	GO:0003682,GO:0005515,GO:0048188
BXY_0795300	GO:0005509
BXY_0795400	GO:0000139,GO:0006493,GO:0009101,GO:0016020,GO:0016757,GO:0016758
BXY_0795600	GO:0004930,GO:0007186,GO:0016020
BXY_0795900	GO:0000981,GO:0005634,GO:0006357
BXY_0796000	GO:0005615
BXY_0796200	GO:0005829,GO:0006508,GO:0035551,GO:0070006
BXY_0796300	GO:0019825,GO:0020037
BXY_0796400	GO:0005125,GO:0005576
BXY_0796500	GO:0005507,GO:0005886,GO:0006826,GO:0016491,GO:0055072
BXY_0796600	GO:0005507,GO:0005886,GO:0006826,GO:0016491,GO:0055072
BXY_0796800	GO:0005789,GO:0009922,GO:0016020,GO:0019367,GO:0030148,GO:0034625,GO:0034626,GO:0042761
BXY_0796900	GO:0005515,GO:0051301
BXY_0797100	GO:0008146,GO:0016020,GO:0047756,GO:0050650,GO:1902884
BXY_0797200	GO:0043139
BXY_0797400	GO:0003676,GO:0004190,GO:0006508,GO:0008270,GO:0015074
BXY_0797600	GO:0005515
BXY_0797700	GO:0000165,GO:0004672,GO:0004674,GO:0004709,GO:0005524,GO:0006468,GO:0007165
BXY_0797800	GO:0000978,GO:0003700,GO:0005634,GO:0006355,GO:0008270,GO:0043565
BXY_0797900	GO:0000978,GO:0003700,GO:0005634,GO:0006355,GO:0006357,GO:0008270,GO:0043565
BXY_0798000	GO:0000978,GO:0003700,GO:0005634,GO:0006355,GO:0006357,GO:0008270,GO:0043565
BXY_0798100	GO:0009653
BXY_0798200	GO:0000978,GO:0003700,GO:0005634,GO:0006355,GO:0008270,GO:0043565
BXY_0798300	GO:0004672,GO:0004713,GO:0004714,GO:0005524,GO:0005886,GO:0006468,GO:0007169,GO:0007275,GO:0007399,GO:0016477,GO:0033674,GO:0043235
BXY_0798500	GO:0005615
BXY_0798600	GO:0005615
BXY_0798900	GO:0003676,GO:0003723,GO:0005634
BXY_0799000	GO:0004721,GO:0005737,GO:0005829,GO:0006470,GO:0008330,GO:0016311,GO:0017017,GO:0033550,GO:0035335,GO:0043409
BXY_0799300	GO:0005515,GO:0005615
BXY_0799500	GO:0000166,GO:0000287,GO:0005215,GO:0005524,GO:0005802,GO:0005886,GO:0007030,GO:0015914,GO:0016020,GO:0016887,GO:0045332,GO:0140326
BXY_0799800	GO:0004497,GO:0005506,GO:0005737,GO:0006082,GO:0006805,GO:0016705,GO:0016712,GO:0020037,GO:0043231
BXY_0799900	GO:0004497,GO:0005506,GO:0005737,GO:0006082,GO:0006805,GO:0016705,GO:0016712,GO:0020037,GO:0043231
BXY_0800000	GO:0004497,GO:0005506,GO:0005737,GO:0006082,GO:0006805,GO:0016705,GO:0016712,GO:0020037,GO:0043231
BXY_0800100	GO:0004497,GO:0005506,GO:0005737,GO:0006082,GO:0006805,GO:0016705,GO:0016712,GO:0020037,GO:0043231
BXY_0800200	GO:0004497,GO:0005506,GO:0005737,GO:0006082,GO:0006805,GO:0016705,GO:0016712,GO:0020037,GO:0043231
BXY_0800300	GO:0005216,GO:0005220,GO:0005262,GO:0005509,GO:0005783,GO:0005789,GO:0005886,GO:0006811,GO:0006816,GO:0016020,GO:0016529,GO:0030667,GO:0035091,GO:0051209,GO:0055085,GO:0070588,GO:0070679
BXY_0800400	GO:0004672,GO:0004674,GO:0005524,GO:0005737,GO:0006468,GO:0035612,GO:0045747,GO:2000369
BXY_0800500	GO:0003700,GO:0006355,GO:0008270,GO:0043565
BXY_0800600	GO:0003700,GO:0005634,GO:0006355,GO:0008270,GO:0043565
BXY_0800700	GO:0000166
BXY_0800900	GO:0006812,GO:0008324,GO:0016020,GO:0055085
BXY_0801000	GO:0006820,GO:0016020,GO:0022857,GO:0055085
BXY_0801200	GO:0005634,GO:0005667,GO:0006357
BXY_0801300	GO:0005886,GO:0006897,GO:0016020,GO:0018996,GO:0030659
BXY_0801400	GO:0016791
BXY_0801500	GO:0003995,GO:0005739,GO:0006552,GO:0008470,GO:0016627,GO:0050660
BXY_0801600	GO:0005886,GO:0016020,GO:0033211,GO:0038023
BXY_0801900	GO:0005524,GO:0016020,GO:0016887,GO:0022857,GO:0042626,GO:0055085,GO:0140359
BXY_0802100	GO:0002181,GO:0003735,GO:0005840,GO:0006412,GO:0019843,GO:0022625
BXY_0802200	GO:0006891,GO:0017119
BXY_0802300	GO:0003676,GO:0003723
BXY_0802400	GO:0005737,GO:0015031
BXY_0802600	GO:0000460,GO:0000470,GO:0005730,GO:0030687
BXY_0802800	GO:0000245,GO:0003676,GO:0005634,GO:0005686,GO:0008270,GO:0071004,GO:0071013
BXY_0803000	GO:0012505
BXY_0803100	GO:0000235,GO:0000281,GO:0008017,GO:0051225,GO:0090307,GO:1902412
BXY_0803400	GO:0004497,GO:0005506,GO:0016705,GO:0020037
BXY_0803600	GO:0006535
BXY_0803900	GO:0003777,GO:0005515,GO:0005524,GO:0005875,GO:0007018,GO:0007052,GO:0008017,GO:0051231
BXY_0804000	GO:0000166,GO:0005215,GO:0005391,GO:0005524,GO:0005886,GO:0006813,GO:0006883,GO:0008556,GO:0016020,GO:0016887,GO:0019829,GO:0030007,GO:0036376,GO:1902600,GO:1990573
BXY_0804200	GO:0000166,GO:0005215,GO:0005391,GO:0005524,GO:0005886,GO:0006813,GO:0006883,GO:0008556,GO:0016020,GO:0016887,GO:0019829,GO:0030007,GO:0036376,GO:1902600,GO:1990573
BXY_0804500	GO:0005886,GO:0006811,GO:0006884,GO:0007268,GO:0015377,GO:0015379,GO:0016020,GO:0022857,GO:0055064,GO:0055075,GO:0055085,GO:1902476,GO:1990573
BXY_0804800	GO:0016020
BXY_0805100	GO:0005829,GO:0005886,GO:0008289,GO:0015248,GO:0016020,GO:0032934,GO:0097038
BXY_0805700	GO:0005615,GO:0030020,GO:0030198,GO:0031012,GO:0062023
BXY_0805900	GO:0004656,GO:0005506,GO:0005515,GO:0005783,GO:0016705,GO:0018401,GO:0031418
BXY_0806000	GO:0016020,GO:0022857,GO:0055085
BXY_0806100	GO:0016491
BXY_0806400	GO:0006357,GO:0016538
BXY_0806500	GO:0005515
BXY_0806600	GO:0001405,GO:0001671,GO:0030150
BXY_0806800	GO:0016020,GO:0022857,GO:0055085
BXY_0806900	GO:0000035,GO:0000036,GO:0005739,GO:0005747,GO:0006633
BXY_0807000	GO:0003884,GO:0005737,GO:0019478,GO:0046416,GO:0071949
BXY_0807100	GO:0005096,GO:0090630
BXY_0807300	GO:0003735,GO:0005739,GO:0005840,GO:0006412
BXY_0807400	GO:0005515
BXY_0807500	GO:0000175,GO:0003824,GO:0005515
BXY_0807600	GO:0000149,GO:0006886,GO:0006888,GO:0008270,GO:0030127,GO:0070971,GO:0090110
BXY_0807800	GO:0016020,GO:0022857,GO:0055085
BXY_0807900	GO:0005375,GO:0016020,GO:0035434
BXY_0808000	GO:0005375,GO:0016020,GO:0035434
BXY_0808200	GO:0004089,GO:0005737,GO:0008270
BXY_0808300	GO:0005198,GO:0005515,GO:0006606,GO:0030127,GO:0031080,GO:0032008,GO:0032527,GO:0090114
BXY_0808400	GO:0003924,GO:0005525
BXY_0808500	GO:0000724,GO:0005634,GO:0007131,GO:0015616
BXY_0809100	GO:0004930,GO:0007186,GO:0016020
BXY_0809200	GO:0004930,GO:0007186,GO:0016020
BXY_0809300	GO:0004930,GO:0007186,GO:0016020
BXY_0809400	GO:0005615
BXY_0809500	GO:0006412
BXY_0809600	GO:0000149,GO:0005484,GO:0005789,GO:0005794,GO:0006886,GO:0006891,GO:0006896,GO:0006906,GO:0012507,GO:0016020,GO:0016192,GO:0016236,GO:0031201,GO:0031902,GO:0042147,GO:0048280
BXY_0809700	GO:0004000,GO:0005829,GO:0006154,GO:0009168,GO:0009897,GO:0019239,GO:0043103,GO:0046103,GO:0060169
BXY_0809900	GO:0003924,GO:0005525
BXY_0810300	GO:0003700,GO:0006355,GO:0008270,GO:0043565
BXY_0810600	GO:0005747,GO:0022904
BXY_0810700	GO:0005730,GO:0030490,GO:0030692,GO:0032040
BXY_0810800	GO:0005634,GO:0005737,GO:0008641,GO:0019781,GO:0032446,GO:0045116
BXY_0810900	GO:0004044,GO:0009113
BXY_0811500	GO:0004144,GO:0005789,GO:0006629,GO:0008374,GO:0019432
BXY_0811600	GO:0000103,GO:0004020,GO:0004781,GO:0005524,GO:0050428
BXY_0811900	GO:0004930,GO:0007186,GO:0008528,GO:0016020
BXY_0812000	GO:0000977,GO:0000981,GO:0006357,GO:0032502,GO:0046983
BXY_0812200	GO:0004033,GO:0016491
BXY_0812300	GO:0004033,GO:0016491
BXY_0812400	GO:0005769,GO:0031623,GO:0032456,GO:0035091,GO:0043130,GO:0046872
BXY_0812700	GO:0005886,GO:0016020,GO:0022857,GO:0055085
BXY_0812800	GO:0016020,GO:0022857,GO:0055085
BXY_0813000	GO:0006629
BXY_0813100	GO:0005886,GO:0006812,GO:0006814,GO:0006885,GO:0015297,GO:0015385,GO:0015386,GO:0016020,GO:0051453,GO:0055085,GO:0071805,GO:0098719,GO:1902600
BXY_0813200	GO:0005886,GO:0006812,GO:0006814,GO:0006885,GO:0015297,GO:0015385,GO:0015386,GO:0016020,GO:0051453,GO:0055085,GO:0071805,GO:0098719,GO:1902600
BXY_0813400	GO:0006857,GO:0016020,GO:0022857,GO:0055085
BXY_0813800	GO:0005789,GO:0015760,GO:0022857,GO:0035435,GO:0055085,GO:0061513
BXY_0813900	GO:0000049,GO:0002939,GO:0005634,GO:0005654,GO:0009019
BXY_0814400	GO:0005524,GO:0005743,GO:0015421,GO:0016020,GO:0016887,GO:0055085,GO:0090374,GO:0140359
BXY_0814900	GO:0005615
BXY_0815000	GO:0000978,GO:0003700,GO:0006355,GO:0008270,GO:0043565
BXY_0815200	GO:0005615
BXY_0815300	GO:0000139,GO:0006493,GO:0009101,GO:0016020,GO:0016757,GO:0016758
BXY_0816200	GO:0003700,GO:0006355,GO:0008270,GO:0043565
BXY_0816300	GO:0003700,GO:0006355,GO:0008270,GO:0043565
BXY_0816400	GO:0005243,GO:0005886,GO:0005921
BXY_0816800	GO:0004497,GO:0005506,GO:0005737,GO:0006082,GO:0006805,GO:0016705,GO:0016712,GO:0020037,GO:0043231
BXY_0816900	GO:0004869,GO:0005615,GO:0005737,GO:0031982,GO:2000117
BXY_0817000	GO:0003924,GO:0005525,GO:0007165,GO:0016020,GO:0032486
BXY_0817100	GO:0005739,GO:0097250
BXY_0817200	GO:0003676,GO:0003723,GO:0005634,GO:0006397
BXY_0817300	GO:0003824,GO:0004356,GO:0005737,GO:0006542
BXY_0817500	GO:0042302
BXY_0817700	GO:0004497,GO:0005506,GO:0005737,GO:0006082,GO:0006805,GO:0016705,GO:0016712,GO:0020037,GO:0043231
BXY_0817800	GO:0004497,GO:0005506,GO:0005737,GO:0006082,GO:0006805,GO:0016705,GO:0016712,GO:0020037,GO:0043231
BXY_0817900	GO:0004029,GO:0005737,GO:0006081,GO:0016491
BXY_0818100	GO:0004033,GO:0016491
BXY_0818200	GO:0003951,GO:0005739,GO:0006741,GO:0019674
BXY_0818300	GO:0000221,GO:0005765,GO:0015078,GO:0033180,GO:0046961,GO:1902600
BXY_0818500	GO:0000978,GO:0003700,GO:0006355,GO:0008270,GO:0043565
BXY_0818600	GO:0008289
BXY_0819000	GO:0016020
BXY_0819100	GO:0006152,GO:0047974
BXY_0819200	GO:0004888,GO:0007606,GO:0016020
BXY_0819400	GO:0003682,GO:0005515,GO:0005524,GO:0005634,GO:0006334,GO:0006337,GO:0016887,GO:0042393,GO:0045815
BXY_0819500	GO:0000014,GO:0000729,GO:0000793,GO:0003690,GO:0003697,GO:0005634,GO:0006303,GO:0015074,GO:0031297,GO:0035861,GO:0042800,GO:0044547,GO:0044774,GO:0046975
BXY_0819700	GO:0000785,GO:0003682,GO:0003712,GO:0004402,GO:0005634,GO:0006355,GO:0006357,GO:0010484,GO:0016573,GO:0070776
BXY_0819800	GO:0000413,GO:0003755,GO:0006457,GO:0071013
BXY_0819900	GO:0006548,GO:0016153
BXY_0820000	GO:0006548,GO:0016153
BXY_0820300	GO:0003676,GO:0003724,GO:0005524
BXY_0820600	GO:0004190,GO:0006508
BXY_0820700	GO:0003676,GO:0015074
BXY_0820800	GO:0004190,GO:0006508
BXY_0820900	GO:0003676,GO:0008270
BXY_0821000	GO:0004190,GO:0006508
BXY_0821100	GO:0004888,GO:0005216,GO:0005230,GO:0006811,GO:0016020,GO:0034220
BXY_0821200	GO:0004888,GO:0005216,GO:0005230,GO:0006811,GO:0016020,GO:0034220
BXY_0821300	GO:0005247,GO:0005886,GO:0006821,GO:0015108,GO:0016020,GO:0055085
BXY_0821400	GO:0004930,GO:0007186,GO:0016020
BXY_0821600	GO:0005789,GO:0005881,GO:0008017,GO:0016020,GO:0071782,GO:0071786
BXY_0821700	GO:0015095,GO:0015693,GO:0016020
BXY_0821800	GO:0005783,GO:0030497
BXY_0821900	GO:0005509
BXY_0822100	GO:0005509
BXY_0822200	GO:0005509
BXY_0822300	GO:0000978,GO:0000981,GO:0005634,GO:0006357
BXY_0822400	GO:0016491,GO:0071949
BXY_0822500	GO:0004386,GO:0043139
BXY_0822600	GO:0004190,GO:0006508
BXY_0822800	GO:0008381,GO:0016020
BXY_0822900	GO:0005261,GO:0005886,GO:0008381,GO:0016020,GO:0042391,GO:0050982,GO:0071260
BXY_0823200	GO:0005102,GO:0005109,GO:0005125,GO:0005576,GO:0005615,GO:0007275,GO:0016055,GO:0030182,GO:0045165,GO:0060070
BXY_0823300	GO:0016405
BXY_0823400	GO:0000408,GO:0002949,GO:0005634,GO:0005829
BXY_0823500	GO:0003941,GO:0004794,GO:0006565,GO:0006567,GO:0009097
BXY_0823700	GO:0004888,GO:0005216,GO:0005230,GO:0006811,GO:0016020,GO:0034220
BXY_0823800	GO:0000209,GO:0004842,GO:0005515,GO:0006511,GO:0016607,GO:0043161,GO:0048856,GO:0061630,GO:0070534
BXY_0824200	GO:0016020
BXY_0824300	GO:0006629
BXY_0824600	GO:0006629
BXY_0824700	GO:0006629
BXY_0825200	GO:0005515
BXY_0825500	GO:0016405
BXY_0825800	GO:0004930,GO:0007186,GO:0016020
BXY_0825900	GO:0004930,GO:0007186,GO:0016020
BXY_0826000	GO:0007606,GO:0016020
BXY_0826100	GO:0006629
BXY_0826200	GO:0006629
BXY_0826700	GO:0007218
BXY_0826800	GO:0006486
BXY_0827000	GO:0003676,GO:0004527,GO:0005634
BXY_0827200	GO:0000139,GO:0005975,GO:0015018,GO:0016020,GO:0050650
BXY_0827500	GO:0005576,GO:0030570,GO:0045490
BXY_0827600	GO:0005576,GO:0030570,GO:0045490
BXY_0827700	GO:0005576,GO:0030570,GO:0045490
BXY_0827800	GO:0005576,GO:0030570,GO:0045490
BXY_0828100	GO:0000785,GO:0003677,GO:0003682,GO:0005524,GO:0005634,GO:0006338,GO:0016887,GO:0042393,GO:0140658
BXY_0828200	GO:0003735,GO:0005840,GO:0006412
BXY_0828600	GO:0005615
BXY_0828700	GO:0004190,GO:0006508
BXY_0828800	GO:0005615,GO:0050178
BXY_0828900	GO:0005615,GO:0050178
BXY_0829000	GO:0005615,GO:0050178
BXY_0829100	GO:0005615,GO:0050178
BXY_0829200	GO:0004601,GO:0006979
BXY_0829400	GO:0008194
BXY_0829800	GO:0006508,GO:0008234
BXY_0829900	GO:0006508,GO:0008234
BXY_0830000	GO:0004252,GO:0006508,GO:0008234
BXY_0830100	GO:0004252,GO:0006508
BXY_0830200	GO:0004252,GO:0006508
BXY_0830600	GO:0060964
BXY_0830700	GO:0003723,GO:0005515,GO:0005634,GO:0016973,GO:0051028
BXY_0830800	GO:0003676,GO:0003723,GO:0006355
BXY_0830900	GO:0005634
BXY_0831000	GO:0004348,GO:0006665,GO:0006680
BXY_0831100	GO:0004348,GO:0006665,GO:0006680
BXY_0831200	GO:0004348,GO:0006665,GO:0006680
BXY_0831300	GO:0005615
BXY_0831500	GO:0005615
BXY_0831700	GO:0005615
BXY_0831800	GO:0005615
BXY_0831900	GO:0005615
BXY_0832100	GO:0005615
BXY_0832200	GO:0000978,GO:0000981,GO:0003677,GO:0005634,GO:0006355,GO:0006357,GO:0030154
BXY_0832300	GO:0042302
BXY_0832500	GO:0006508,GO:0008234
BXY_0832600	GO:0000287,GO:0005739,GO:0006099,GO:0006102,GO:0016616,GO:0051287
BXY_0832700	GO:0005739,GO:0006099,GO:0006102
BXY_0832800	GO:0003924,GO:0005525,GO:0005739,GO:0032543,GO:0032790
BXY_0832900	GO:0006508,GO:0008234
BXY_0833000	GO:0006508,GO:0008234
BXY_0833200	GO:0005267,GO:0005886,GO:0015271,GO:0016020,GO:0022841,GO:0030322,GO:0071805
BXY_0833400	GO:0004553,GO:0004557,GO:0005737,GO:0005975,GO:0009311,GO:0016139
BXY_0833500	GO:0004553,GO:0004557,GO:0005737,GO:0005975,GO:0009311,GO:0016139
BXY_0833700	GO:0004553,GO:0004557,GO:0005737,GO:0005975,GO:0009311,GO:0016139
BXY_0833800	GO:0005739,GO:0006810,GO:0022857
BXY_0833900	GO:0001193,GO:0003676,GO:0003899,GO:0005665,GO:0006283,GO:0006351,GO:0006367,GO:0008270
BXY_0834000	GO:0005789,GO:0009922,GO:0016020,GO:0019367,GO:0030148,GO:0034625,GO:0034626,GO:0042761
BXY_0834300	GO:0016491
BXY_0834400	GO:0003824,GO:0004458,GO:0005739,GO:0008720,GO:0050660,GO:0071949,GO:1903457
BXY_0834500	GO:0005802,GO:0006888,GO:0016020,GO:0048280
BXY_0834600	GO:0006829,GO:0016020,GO:0030001,GO:0046873,GO:0055085
BXY_0834800	GO:0000123,GO:0003713,GO:0004402,GO:0005667,GO:0006355,GO:0016573,GO:0031490,GO:0045944
BXY_0835000	GO:0001664,GO:0003924,GO:0005525,GO:0005737,GO:0005834,GO:0007165,GO:0007186,GO:0007188,GO:0019001,GO:0031683
BXY_0835100	GO:0003924
BXY_0835200	GO:0000439,GO:0005675,GO:0006281,GO:0006289,GO:0006351,GO:0006357,GO:0008270
BXY_0835400	GO:0004930,GO:0005886,GO:0007186,GO:0008528,GO:0016020
BXY_0835600	GO:0016020,GO:0016757
BXY_0835700	GO:0005615
BXY_0835800	GO:0004144,GO:0005789,GO:0008374,GO:0019432
BXY_0835900	GO:0005634,GO:0006355,GO:0031490,GO:0042393
BXY_0836100	GO:0005739,GO:0006635,GO:0016746,GO:0016747
BXY_0836200	GO:0005634,GO:0005667,GO:0006357
BXY_0836300	GO:0000793,GO:0003677,GO:0005634,GO:0051276
BXY_0836800	GO:0005525
BXY_0837000	GO:0005515,GO:0005654,GO:0006335,GO:0034080,GO:0042393
BXY_0837100	GO:0005515,GO:0051260
BXY_0837500	GO:0005615,GO:0009887,GO:0036122,GO:0038098,GO:0048018
BXY_0837800	GO:0005829,GO:0005886,GO:0008289,GO:0015248,GO:0016020,GO:0032934,GO:0097038
BXY_0838000	GO:0005615
BXY_0838200	GO:0000139,GO:0004559,GO:0005975,GO:0006013,GO:0006491,GO:0006517,GO:0008194,GO:0030246
BXY_0838300	GO:0016491,GO:0046592
BXY_0838500	GO:0017124
BXY_0838700	GO:0006606
BXY_0838900	GO:0000978,GO:0003700,GO:0006355,GO:0008270,GO:0043565
BXY_0839100	GO:0004888,GO:0007606,GO:0016020
BXY_0839300	GO:0030246,GO:0072546
BXY_0839400	GO:0005885,GO:0015629,GO:0030041,GO:0034314,GO:0051015
BXY_0839600	GO:0000786,GO:0003677,GO:0030527,GO:0046982
BXY_0839700	GO:0000786,GO:0003677,GO:0030527,GO:0046982
BXY_0839800	GO:0000786,GO:0003677,GO:0030527,GO:0046982
BXY_0839900	GO:0000786,GO:0003677,GO:0030527,GO:0046982
BXY_0840000	GO:0000413,GO:0003755,GO:0005737,GO:0006457,GO:0016018,GO:0043231
BXY_0840100	GO:0005634,GO:0005739,GO:0005829,GO:0016226,GO:0030170,GO:0031071,GO:0044571
BXY_0840200	GO:0004672,GO:0004674,GO:0005524,GO:0005634,GO:0005829,GO:0005956,GO:0006468,GO:0018105,GO:0018107,GO:0051726
BXY_0840700	GO:0005515,GO:0016491
BXY_0840800	GO:0005750,GO:0006122,GO:0045275
BXY_0841000	GO:0004888,GO:0005216,GO:0005230,GO:0006811,GO:0016020,GO:0034220
BXY_0841200	GO:0005515
BXY_0841300	GO:0005102,GO:0005109,GO:0005125,GO:0005576,GO:0005615,GO:0007275,GO:0016055,GO:0030182,GO:0045165,GO:0060070
BXY_0841500	GO:0000786,GO:0003677,GO:0030527,GO:0046982
BXY_0841600	GO:0004672,GO:0005524,GO:0006468
BXY_0841700	GO:0005436,GO:0016020,GO:0044341
BXY_0841800	GO:0006508,GO:0008234
BXY_0841900	GO:0006508,GO:0008234
BXY_0842000	GO:0006508,GO:0008234
BXY_0842100	GO:0006508,GO:0008234
BXY_0842200	GO:0006508,GO:0008234
BXY_0842300	GO:0003995,GO:0005739,GO:0006552,GO:0008470,GO:0016627,GO:0050660
BXY_0842400	GO:0004124,GO:0006535
BXY_0842500	GO:0004124,GO:0006535
BXY_0842600	GO:0003993,GO:0016787,GO:0046872
BXY_0842700	GO:0003993,GO:0005788,GO:0015035,GO:0016671,GO:0016787,GO:0036498,GO:0046872,GO:0051787
BXY_0842900	GO:0005634,GO:0006355,GO:0008270
BXY_0843000	GO:0004672,GO:0005524,GO:0006468
BXY_0843800	GO:0009986
BXY_0844100	GO:0003735,GO:0005840,GO:0006364,GO:0006412,GO:0022627,GO:0030686,GO:0032040,GO:0042274
BXY_0844400	GO:0005730,GO:0006364,GO:0019843,GO:0030515,GO:0032040,GO:0034457,GO:0042134
BXY_0844500	GO:0000463,GO:0003723,GO:0003735,GO:0022625
BXY_0844700	GO:0003924,GO:0005525
BXY_0844800	GO:0004181,GO:0005615,GO:0006508,GO:0008270
BXY_0844900	GO:0000380,GO:0003723,GO:0005515,GO:0005634
BXY_0845000	GO:0005515
BXY_0845100	GO:0005515
BXY_0845200	GO:0005515
BXY_0845300	GO:0005515
BXY_0845400	GO:0003952,GO:0004359,GO:0005524,GO:0005737,GO:0009435
BXY_0845500	GO:0005886,GO:0032217,GO:0032218
BXY_0845700	GO:0004146,GO:0005739,GO:0046452,GO:0046654,GO:0046655,GO:0050661
BXY_0845900	GO:0000139,GO:0006493,GO:0009101,GO:0016020,GO:0016757,GO:0016758
BXY_0846000	GO:0000139,GO:0006493,GO:0009101,GO:0016020,GO:0016757,GO:0016758
BXY_0846100	GO:0000139,GO:0006493,GO:0009101,GO:0016020,GO:0016757,GO:0016758
BXY_0846200	GO:0000139,GO:0006493,GO:0009101,GO:0016020,GO:0016757,GO:0016758
BXY_0846300	GO:0005737,GO:0071595
BXY_0846400	GO:0003743,GO:0005737,GO:0005852
BXY_0846700	GO:0003676,GO:0003723,GO:0008380,GO:0061574,GO:0071011
BXY_0846900	GO:0005794,GO:0006891,GO:0017119
BXY_0847000	GO:0008033,GO:0017150,GO:0050660
BXY_0847100	GO:0010181,GO:0016491
BXY_0847200	GO:0010181,GO:0016491
BXY_0847300	GO:0010181,GO:0016491
BXY_0847500	GO:0010181,GO:0016491
BXY_0847600	GO:0010181,GO:0016491
BXY_0848600	GO:0016787,GO:0044715,GO:0044716
BXY_0848700	GO:0003677,GO:0006355
BXY_0849000	GO:0009986
BXY_0849100	GO:0005615,GO:0062023
BXY_0849200	GO:0005737,GO:0019509,GO:0046570
BXY_0849300	GO:0000723,GO:0003678,GO:0006281
BXY_0849400	GO:0001664,GO:0003924,GO:0005525,GO:0005737,GO:0005834,GO:0007165,GO:0007186,GO:0007188,GO:0019001,GO:0031683
BXY_0849800	GO:0010181,GO:0016491
BXY_0850100	GO:0004176,GO:0004222,GO:0005524,GO:0005745,GO:0006508,GO:0008270,GO:0016020,GO:0016887,GO:0034982
BXY_0850200	GO:0004672,GO:0004713,GO:0005524,GO:0006468
BXY_0850300	GO:0009986
BXY_0850400	GO:0005947,GO:0007584,GO:0009083
BXY_0850500	GO:0003779,GO:0005856,GO:0030036,GO:0031209,GO:0034237,GO:0071933,GO:2000601
BXY_0850600	GO:0003677,GO:0003824,GO:0003906,GO:0004518,GO:0004519,GO:0005634,GO:0006281,GO:0006284,GO:0008081,GO:0008311
BXY_0850900	GO:0000165,GO:0004672,GO:0005515,GO:0005524,GO:0006468
BXY_0851000	GO:0003995,GO:0016627,GO:0050660
BXY_0851100	GO:0003995,GO:0016627,GO:0050660
BXY_0851200	GO:0000139,GO:0006493,GO:0009101,GO:0016020,GO:0016757,GO:0016758
BXY_0851600	GO:0016020,GO:0016485,GO:0043085
BXY_0851700	GO:0000166,GO:0000287,GO:0005215,GO:0005524,GO:0005768,GO:0005802,GO:0005886,GO:0006890,GO:0006897,GO:0015914,GO:0016020,GO:0016887,GO:0045332,GO:0140326
BXY_0851900	GO:0005634,GO:0016567,GO:0031461,GO:0031625,GO:0032436,GO:1990756
BXY_0852100	GO:0005739
BXY_0852200	GO:0032991
BXY_0852400	GO:0005085,GO:0007264,GO:0043547
BXY_0852500	GO:0000775,GO:0000785,GO:0007064,GO:0031390,GO:0034088
BXY_0852600	GO:0016020,GO:0020037,GO:0043231
BXY_0852700	GO:0016020,GO:0055085
BXY_0852800	GO:0004499,GO:0050660,GO:0050661
BXY_0852900	GO:0004842,GO:0008270,GO:0016567
BXY_0853100	GO:0005634,GO:0006400,GO:0016432
BXY_0853600	GO:0004672,GO:0005524,GO:0006468
BXY_0853700	GO:0000138,GO:0005797,GO:0016020
BXY_0853800	GO:0004672,GO:0005524,GO:0006468
BXY_0853900	GO:0004190,GO:0005764,GO:0006508,GO:0008219
BXY_0854000	GO:0004190,GO:0006508
BXY_0854100	GO:0003993,GO:0016787,GO:0046872
BXY_0854600	GO:0001508,GO:0005216,GO:0005249,GO:0005251,GO:0005515,GO:0006811,GO:0006813,GO:0008076,GO:0016020,GO:0032590,GO:0032809,GO:0042734,GO:0043679,GO:0045211,GO:0051260,GO:0055085,GO:0071805
BXY_0854700	GO:0042302
BXY_0854900	GO:0005283,GO:0005886,GO:0006865,GO:0016020,GO:0035725,GO:0071705,GO:0089718
BXY_0855100	GO:0004888,GO:0007606,GO:0016020
BXY_0855500	GO:0000978,GO:0000981,GO:0003677,GO:0006338,GO:0006357
BXY_0855700	GO:0005765,GO:0022857,GO:0055085
BXY_0855800	GO:0003857,GO:0004300,GO:0005777,GO:0006635,GO:0044594
BXY_0855900	GO:0000281,GO:0005085,GO:0005096,GO:0005634,GO:0005737,GO:0005938,GO:0007399,GO:0035556,GO:0043547,GO:0090630,GO:2000431
BXY_0856000	GO:0005765,GO:0022857,GO:0055085
BXY_0856100	GO:0004930,GO:0007186,GO:0016020
BXY_0856900	GO:0005765
BXY_0857200	GO:0005765,GO:0022857,GO:0055085
BXY_0857300	GO:0005385,GO:0006882,GO:0016020,GO:0030001,GO:0046873,GO:0055085,GO:0071577
BXY_0857400	GO:0000930,GO:0005525,GO:0005874,GO:0007017,GO:0007020,GO:0031122
BXY_0857500	GO:0004022,GO:0005739,GO:0016491,GO:0046872
BXY_0857600	GO:0016491,GO:0016620
BXY_0857700	GO:0016491,GO:0016620
BXY_0857800	GO:0003676,GO:0015074
BXY_0857900	GO:0005634,GO:0005737,GO:0005839,GO:0030163,GO:0051603
BXY_0858400	GO:0005743,GO:0006740,GO:0008746,GO:0050661,GO:1902600
BXY_0858500	GO:0000122,GO:0000978,GO:0001228,GO:0005634,GO:0007420,GO:0030154,GO:0030182,GO:0045944
BXY_0858700	GO:0003682,GO:0005515,GO:0007062,GO:0008278,GO:1990414
BXY_0859000	GO:0000266,GO:0005739
BXY_0859500	GO:0003824,GO:0005739,GO:0006635
BXY_0859600	GO:0015149,GO:0015749,GO:0016020,GO:0022857,GO:0055085
BXY_0860000	GO:0005634,GO:0016973
BXY_0860100	GO:0005811,GO:0016616
BXY_0860200	GO:0006820,GO:0016020,GO:0022857,GO:0055085
BXY_0860300	GO:0006820,GO:0016020,GO:0022857,GO:0055085
BXY_0860600	GO:0005228,GO:0005267,GO:0005886,GO:0006813,GO:0015271,GO:0016020,GO:0071805
BXY_0860700	GO:0005634,GO:0006397,GO:0006511,GO:0016567,GO:0061630
BXY_0860800	GO:0005765,GO:0005886,GO:0016020,GO:0031902,GO:0072594
BXY_0860900	GO:0005515,GO:0005759,GO:0016226
BXY_0861000	GO:0006511,GO:0031461,GO:0031625
BXY_0861100	GO:0005739,GO:0044877,GO:1901006
BXY_0861300	GO:0005201,GO:0005581
BXY_0861500	GO:0000978,GO:0003700,GO:0006355,GO:0008270,GO:0043565
BXY_0861600	GO:0005576,GO:0005886,GO:0009966,GO:0009986,GO:0016477,GO:0031012,GO:0090263,GO:1905475
BXY_0861700	GO:0004017,GO:0004550,GO:0005524,GO:0005737,GO:0006139,GO:0009142,GO:0019205,GO:0046034
BXY_0863500	GO:0036211
BXY_0863700	GO:0008289
BXY_0863800	GO:0005515,GO:0006511,GO:0008270,GO:0042981
BXY_0863900	GO:0000027,GO:0005730,GO:0006364,GO:0008097
BXY_0864000	GO:0004888,GO:0005216,GO:0005230,GO:0006811,GO:0016020,GO:0034220
BXY_0864100	GO:0000139,GO:0006493,GO:0009101,GO:0016020,GO:0016757,GO:0016758
BXY_0864800	GO:0004067,GO:0005515
BXY_0865300	GO:0003723,GO:0005634,GO:0006378,GO:0016779,GO:0031123,GO:1990817
BXY_0865600	GO:0004930,GO:0004983,GO:0005886,GO:0007186,GO:0008188,GO:0016020,GO:0042923,GO:0043005
BXY_0865800	GO:0000938,GO:0006896,GO:0019905,GO:0042147
BXY_0865900	GO:0005272,GO:0005886,GO:0006814,GO:0015280,GO:0016020,GO:0035725
BXY_0866100	GO:0000785,GO:0005634,GO:0007064,GO:0061733
BXY_0866700	GO:0006508,GO:0008234
BXY_0866800	GO:0006508,GO:0008234
BXY_0866900	GO:0006508,GO:0008234
BXY_0867100	GO:0005515,GO:0005543
BXY_0867300	GO:0003677,GO:0016593,GO:1990269
BXY_0867400	GO:0016020
BXY_0867600	GO:0005515
BXY_0868300	GO:0003779,GO:0005515,GO:0005737,GO:0005925,GO:0007155,GO:0015629,GO:0030031,GO:0030036,GO:0034446,GO:0071963
BXY_0868800	GO:0002039,GO:0005515,GO:0005634,GO:0042981
BXY_0869300	GO:0000812,GO:0006338,GO:0016887,GO:0042393,GO:0043486
BXY_0869600	GO:0004222,GO:0005886,GO:0006508,GO:0008237,GO:0016485
BXY_0869700	GO:0003824,GO:0005737,GO:0005739,GO:0006099,GO:0006108,GO:0016491,GO:0016615,GO:0016616,GO:0019752,GO:0030060
BXY_0869900	GO:0016020,GO:0045217
BXY_0870000	GO:0042302
BXY_0870100	GO:0016020,GO:0045217
BXY_0870400	GO:0000226,GO:0004672,GO:0004674,GO:0005524,GO:0005737,GO:0006468,GO:0035556,GO:0050321
BXY_0870700	GO:0001653,GO:0004016,GO:0004383,GO:0004672,GO:0005524,GO:0005886,GO:0006182,GO:0006468,GO:0007168,GO:0009190,GO:0016849,GO:0035556
BXY_0870900	GO:0042302
BXY_0871300	GO:0004190,GO:0006508
BXY_0871600	GO:0005739,GO:0007005,GO:0016020
BXY_0871700	GO:0003676,GO:0003723,GO:0003743,GO:0005850,GO:0006413,GO:0033290,GO:0043022
BXY_0871800	GO:0003723,GO:0003729,GO:0010494,GO:0034063
BXY_0872200	GO:0005515
BXY_0872300	GO:0000271,GO:0016020,GO:0016747
BXY_0872400	GO:0005743,GO:0006811,GO:0015075,GO:0016020,GO:0022857,GO:0022889,GO:0055085,GO:0140300,GO:1990542
BXY_0872600	GO:0005743,GO:0006811,GO:0015075,GO:0016020,GO:0022857,GO:0022889,GO:0055085,GO:0140300,GO:1990542
BXY_0872700	GO:0004722,GO:0005634,GO:0005737,GO:0016787
BXY_0872800	GO:0000027,GO:0002181,GO:0003723,GO:0003735,GO:0005840,GO:0006412,GO:0022625
BXY_0872900	GO:0000932,GO:0005515,GO:0031087
BXY_0873000	GO:0000932,GO:0031087
BXY_0873200	GO:0005515
BXY_0873400	GO:0003954,GO:0005747,GO:0006120,GO:0009060,GO:0016020,GO:0016651,GO:0032981,GO:0051539
BXY_0873500	GO:0000045,GO:0000407,GO:0005737,GO:0005768,GO:0005777,GO:0006897,GO:0016020,GO:0016301,GO:0016303,GO:0030242,GO:0034271,GO:0034272,GO:0036092,GO:0046854,GO:0048015,GO:0052742
BXY_0873700	GO:0051087
BXY_0873800	GO:0004722,GO:0005634,GO:0005737,GO:0016787
BXY_0874600	GO:0003676,GO:0005634,GO:0006397,GO:0006511,GO:0008270,GO:0016567,GO:0061630
BXY_0874900	GO:0006508,GO:0008234
BXY_0875100	GO:0006629,GO:0016491
BXY_0875700	GO:0003676,GO:0015074
BXY_0875900	GO:0000166,GO:0003676,GO:0003677,GO:0003887,GO:0006260
BXY_0876700	GO:0005739,GO:0006508,GO:0008233,GO:0019216
BXY_0877000	GO:0001726,GO:0003779,GO:0005178,GO:0005200,GO:0005737,GO:0005886,GO:0005925,GO:0007155,GO:0030036,GO:0051015,GO:0098609
BXY_0877200	GO:0000139,GO:0006493,GO:0009101,GO:0016020,GO:0016757,GO:0016758
BXY_0877300	GO:0000139,GO:0006493,GO:0009101,GO:0016020,GO:0016757,GO:0016758
BXY_0877500	GO:0005515,GO:0008270,GO:0043122,GO:0098802
BXY_0878000	GO:0005524,GO:0016887
BXY_0878200	GO:0005525
BXY_0878300	GO:0000981,GO:0003677,GO:0005634,GO:0006355,GO:0007417,GO:0021520,GO:0048812,GO:1990837
BXY_0878500	GO:0005615
BXY_0878600	GO:0003735,GO:0005840,GO:0006412
BXY_0878900	GO:0005634,GO:0006511,GO:0061630
BXY_0879000	GO:0005737,GO:0006457,GO:0007017,GO:0007021,GO:0015631,GO:0016272
BXY_0879100	GO:0000287,GO:0003924,GO:0005525,GO:0005739
BXY_0879300	GO:0051684
BXY_0879400	GO:0001578,GO:0001725,GO:0005737,GO:0005884,GO:0008017,GO:0008093,GO:0031110,GO:0035371,GO:0051015,GO:0051764,GO:1904825
BXY_0879700	GO:0005198,GO:0005515,GO:0005737,GO:0005856,GO:0005882,GO:0016020,GO:0030056,GO:0031122,GO:0042060,GO:0045104
BXY_0879900	GO:0005515
BXY_0880500	GO:0005216,GO:0005262,GO:0005886,GO:0006811,GO:0016020,GO:0055085,GO:0098703
BXY_0880700	GO:0003824,GO:0005783,GO:0006400,GO:0016740,GO:0035596,GO:0035598,GO:0035600,GO:0051536,GO:0051539
BXY_0880800	GO:0005739,GO:0034553
BXY_0880900	GO:0005740,GO:0006123,GO:0045277
BXY_0881000	GO:0003990,GO:0004104,GO:0005615,GO:0005886,GO:0006581,GO:0019695,GO:0052689
BXY_0881200	GO:0012505,GO:0036503,GO:0043161,GO:0061630
BXY_0881400	GO:0007064,GO:0016747,GO:0031415
BXY_0881500	GO:0000390,GO:0005681
BXY_0881600	GO:0003857,GO:0004300,GO:0005739,GO:0006631,GO:0006635,GO:0016491,GO:0016507,GO:0016509,GO:0016616,GO:0070403
BXY_0881700	GO:0003697,GO:0003824,GO:0005515,GO:0005737,GO:0006302,GO:0016605,GO:0070260
BXY_0881800	GO:0003676,GO:0003724,GO:0005524
BXY_0882000	GO:0003700,GO:0006355,GO:0043565
BXY_0882100	GO:0003723,GO:0003729,GO:0006397,GO:0035145
BXY_0882300	GO:0005737,GO:0006826,GO:0006879,GO:0006880,GO:0008198,GO:0008199
BXY_0882400	GO:1990112
BXY_0882500	GO:0003924,GO:0005525
BXY_0882600	GO:0005515,GO:0006888,GO:0042802,GO:0048208,GO:0070971
BXY_0882700	GO:0003779,GO:0005543,GO:0007009,GO:0009898,GO:0015629,GO:0030031,GO:0061024
BXY_0882800	GO:0005515,GO:0007019,GO:0008017,GO:0008352
BXY_0882900	GO:0000027,GO:0000463,GO:0000470,GO:0005730,GO:0006364,GO:0019843
BXY_0883000	GO:0005869,GO:0007052,GO:0070840
BXY_0883100	GO:0005634,GO:0005829,GO:0005838,GO:0006508,GO:0008541,GO:0043161
BXY_0883200	GO:0004674,GO:0005515,GO:0005634,GO:0005737,GO:0016242,GO:0031929,GO:0031931,GO:0031932
BXY_0883300	GO:0051087
BXY_0883400	GO:0000398,GO:0000974,GO:0000977,GO:0000981,GO:0005681,GO:0006357
BXY_0883500	GO:0000978,GO:0000981,GO:0003677,GO:0006355,GO:0006357
BXY_0883600	GO:0003676,GO:0005730,GO:0010521
BXY_0883700	GO:0016787
BXY_0883800	GO:0016787
BXY_0883900	GO:0000145,GO:0006887,GO:0006893
BXY_0884000	GO:0005509
BXY_0884100	GO:0004672,GO:0004713,GO:0005515,GO:0005524,GO:0006468
BXY_0884200	GO:0000447,GO:0000472,GO:0000480,GO:0003676,GO:0003723,GO:0005730,GO:0034462
BXY_0884300	GO:0006487,GO:0008250,GO:0016020
BXY_0884400	GO:0016538
BXY_0884600	GO:0000932,GO:0003723,GO:0003729,GO:0033962,GO:0034063
BXY_0884700	GO:0000956,GO:0005634,GO:0005829,GO:0034353,GO:0110155
BXY_0885000	GO:0000977,GO:0000981,GO:0006355,GO:0006357,GO:0046983,GO:0071456
BXY_0885100	GO:0001054,GO:0003676,GO:0003899,GO:0005736,GO:0006351,GO:0006363,GO:0008270
BXY_0885200	GO:0032039,GO:0034472
BXY_0885300	GO:0004307,GO:0005789,GO:0005794,GO:0006646,GO:0008654,GO:0016020,GO:0016780
BXY_0885500	GO:0006886,GO:0016192,GO:0030117,GO:0030123
BXY_0885600	GO:0005739,GO:0032981
BXY_0885700	GO:0002143,GO:0005739,GO:0008033,GO:0016740,GO:0016783
BXY_0885800	GO:0099503
BXY_0886000	GO:0004181,GO:0005615,GO:0006508,GO:0008270
BXY_0886100	GO:0004181,GO:0005615,GO:0006508,GO:0008270
BXY_0886200	GO:0005856,GO:0031032
BXY_0886400	GO:0005634,GO:0006334,GO:0033186
BXY_0886600	GO:0000977,GO:0000978,GO:0000981,GO:0003677,GO:0006357,GO:0007507,GO:0030154,GO:0042826,GO:0045944,GO:0046983
BXY_0886700	GO:0000785,GO:0003712,GO:0006357,GO:0008270,GO:0016925,GO:0061665
BXY_0886800	GO:0005747,GO:0008137,GO:0009060,GO:0015990,GO:0032981,GO:0045271,GO:0048038,GO:0051536,GO:0051539
BXY_0886900	GO:0003729,GO:0005730,GO:0031123,GO:0031499,GO:0043634,GO:1990817
BXY_0887000	GO:0005515
BXY_0887100	GO:0005739,GO:0015035
BXY_0887200	GO:0003723,GO:0006614,GO:0006620,GO:0008320,GO:0031207
BXY_0887300	GO:0003682,GO:0008023,GO:0045893,GO:0070577
BXY_0887400	GO:0005262,GO:0005886,GO:0015279,GO:0016020,GO:0034703,GO:0051480,GO:0070588,GO:0070679
BXY_0887500	GO:0005096,GO:0007165
BXY_0887700	GO:0005515,GO:0008017
BXY_0887900	GO:0005634,GO:0005737,GO:0005839,GO:0030163,GO:0051603
BXY_0888000	GO:0005788,GO:0030968,GO:0030970,GO:0036503
BXY_0888100	GO:0003723,GO:0003735,GO:0005840,GO:0006412
BXY_0888200	GO:0007034
BXY_0888300	GO:0000398,GO:0003723,GO:0005688,GO:0046540,GO:1990726
BXY_0888600	GO:0004888,GO:0005216,GO:0005230,GO:0006811,GO:0016020,GO:0034220
BXY_0888700	GO:0003676,GO:0005524
BXY_0888800	GO:0004114,GO:0007165,GO:0008081
BXY_0889000	GO:0006606,GO:0006886,GO:0031267
BXY_0889100	GO:0005524,GO:0005795,GO:0006891,GO:0016887,GO:0035494,GO:0043001
BXY_0889300	GO:0000083,GO:0004672,GO:0004674,GO:0004693,GO:0005524,GO:0005634,GO:0005737,GO:0005829,GO:0006468,GO:0030332
BXY_0889400	GO:0005085,GO:0007266
BXY_0889600	GO:0003723,GO:0005634,GO:0032021,GO:0034244,GO:0045892
BXY_0889700	GO:0005515
BXY_0889900	GO:0003735,GO:0005730,GO:0042273
BXY_0890000	GO:0003333,GO:0015179,GO:0016020,GO:0022857,GO:0055085
BXY_0890100	GO:0005868,GO:0007017,GO:0030286,GO:0035721,GO:0044458,GO:0045505
BXY_0890200	GO:0005515,GO:0046872
BXY_0890300	GO:0005886,GO:0006897,GO:0016020,GO:0018996,GO:0030659
BXY_0890400	GO:0003723,GO:0003735,GO:0005763,GO:0005840,GO:0006412,GO:0032543
BXY_0890500	GO:0003779,GO:0008092
BXY_0890600	GO:0005515
BXY_0890700	GO:0005783,GO:0005794,GO:0006612,GO:0016409,GO:0018230,GO:0019706
BXY_0891000	GO:0003676,GO:0003723
BXY_0891100	GO:0005747,GO:0022900
BXY_0891300	GO:0004722,GO:0004741,GO:0005739,GO:0006470,GO:0043169
BXY_0891500	GO:0005737,GO:0005886,GO:0005942,GO:0016020,GO:0016301,GO:0016303,GO:0016477,GO:0035005,GO:0036092,GO:0043491,GO:0046854,GO:0048015,GO:0052742
BXY_0891600	GO:0005096,GO:0005515,GO:0005737,GO:0005856,GO:0007165
BXY_0891700	GO:0005923,GO:0016459
BXY_0891900	GO:0000149,GO:0001786,GO:0005509,GO:0005544,GO:0005886,GO:0017156,GO:0030276,GO:0070382
BXY_0892100	GO:0004674,GO:0005515,GO:0005634,GO:0005737,GO:0016242,GO:0016301,GO:0031929,GO:0031931,GO:0031932,GO:0038202,GO:0044877
BXY_0892200	GO:0003924,GO:0005737
BXY_0892300	GO:0004842,GO:0008270,GO:0016567
BXY_0892400	GO:0003824,GO:0004766,GO:0005829,GO:0008295
BXY_0892500	GO:0000244,GO:0000398,GO:0005687,GO:0046540,GO:0071011,GO:0097526
BXY_0892900	GO:0003676,GO:0003723
BXY_0893000	GO:0005515,GO:0005737,GO:0006511,GO:0031624,GO:0043130
BXY_0893100	GO:0003824,GO:0004497,GO:0005507,GO:0005515,GO:0005576,GO:0006518,GO:0016020,GO:0016715
BXY_0893200	GO:0000785,GO:0003677,GO:0003682,GO:0005515,GO:0005524,GO:0005634,GO:0006338,GO:0010468,GO:0016887,GO:0042393,GO:0140658
BXY_0893300	GO:0003700,GO:0006355,GO:0043565
BXY_0893400	GO:0005515,GO:0005886,GO:0005923,GO:0045216,GO:0050839,GO:0098609,GO:0150105
BXY_0893500	GO:0006508,GO:0008234
BXY_0893600	GO:0002084,GO:0005737,GO:0008474,GO:0016787,GO:0052689
BXY_0893700	GO:0005802,GO:0043001
BXY_0893800	GO:0005515
BXY_0893900	GO:0005802,GO:0043001
BXY_0894000	GO:0001678,GO:0004340,GO:0004396,GO:0005524,GO:0005536,GO:0005739,GO:0005829,GO:0005975,GO:0006006,GO:0006096,GO:0008865,GO:0046835,GO:0051156
BXY_0894100	GO:0004672,GO:0004674,GO:0005515,GO:0005524,GO:0005634,GO:0006468,GO:0007165,GO:0035556,GO:0043065
BXY_0894200	GO:0004181,GO:0005615,GO:0006508,GO:0008270
BXY_0894300	GO:0005634,GO:0005667,GO:0006357
BXY_0894400	GO:0006913
BXY_0894500	GO:0006624,GO:0043231
BXY_0894600	GO:0005789,GO:0005886,GO:0030314
BXY_0894700	GO:0000049,GO:0001731,GO:0003743,GO:0003924,GO:0005525,GO:0005829,GO:0005850
BXY_0894900	GO:0005085,GO:0005737,GO:0005886,GO:0007264,GO:0007520,GO:0016477,GO:0031267
BXY_0895000	GO:0000049,GO:0001510,GO:0005634,GO:0005737,GO:0008168,GO:0008173,GO:0016428,GO:0030488
BXY_0895100	GO:0000184,GO:0003723,GO:0003724,GO:0004386,GO:0005524,GO:0005737,GO:0008270
BXY_0895200	GO:0000139,GO:0004402,GO:0004596,GO:0016747,GO:0017196
BXY_0895400	GO:0001055,GO:0003899,GO:0005665,GO:0006351,GO:0006366,GO:0046983
BXY_0895500	GO:0004521,GO:0030490,GO:0030688,GO:0042274
BXY_0895600	GO:0008017,GO:0031122
BXY_0895700	GO:0005515,GO:0043161,GO:0080008
BXY_0895800	GO:0005634,GO:0006511,GO:0061630
BXY_0895900	GO:0000049,GO:0008080,GO:0016747,GO:1904812,GO:1990883
BXY_0896000	GO:0000166,GO:0005215,GO:0005391,GO:0005524,GO:0005886,GO:0006883,GO:0016020,GO:0016887,GO:0019829,GO:0030007,GO:0036376,GO:1902600,GO:1990573
BXY_0896100	GO:0005267,GO:0005886,GO:0015271,GO:0016020,GO:0022841,GO:0030322,GO:0071805
BXY_0896200	GO:0009306
BXY_0896300	GO:0000149,GO:0001786,GO:0005509,GO:0005544,GO:0005886,GO:0006906,GO:0017156,GO:0030276,GO:0030424,GO:0045202,GO:0048791,GO:0070382
BXY_0896400	GO:0004725,GO:0004726,GO:0005634,GO:0005737,GO:0006470,GO:0016311,GO:0019901,GO:0035335,GO:0046426,GO:0070373
BXY_0896600	GO:0005789,GO:0006506,GO:0016772,GO:0051377
BXY_0896700	GO:0004672,GO:0005524,GO:0006468
BXY_0896800	GO:0005216,GO:0005261,GO:0005886,GO:0006811,GO:0016020,GO:0030001,GO:0051262,GO:0055085,GO:0098655
BXY_0896900	GO:0000245,GO:0003729
BXY_0897000	GO:0004439,GO:0016791,GO:0046856,GO:0048488
BXY_0897100	GO:0003714,GO:0005515,GO:0005634,GO:0005667,GO:0006355,GO:0090090
BXY_0897200	GO:0005515
BXY_0897300	GO:0000077,GO:0005634,GO:0006281,GO:0031151,GO:0051726,GO:2000677
BXY_0897400	GO:0005524,GO:0015421,GO:0015833,GO:0016020,GO:0016887,GO:0055085,GO:0140359,GO:1904680
BXY_0897500	GO:0005515,GO:0005634,GO:0006357,GO:0070577
BXY_0897600	GO:0000027,GO:0000055,GO:0005524,GO:0005634,GO:0016887,GO:0030687
BXY_0897900	GO:0004672,GO:0005524,GO:0006468
BXY_0898000	GO:0004725,GO:0006470,GO:0016311,GO:0030141,GO:0045202,GO:0051046
BXY_0898100	GO:0000079,GO:0019901
BXY_0898200	GO:0004252,GO:0006508
BXY_0898300	GO:0016020
BXY_0898400	GO:0000776,GO:0031262
BXY_0898500	GO:0005737
BXY_0898600	GO:0005737
BXY_0899000	GO:0005737,GO:0016316
BXY_0899100	GO:0003730,GO:0005515,GO:0008270,GO:0046872
BXY_0899200	GO:0046872
BXY_0899500	GO:0004888,GO:0005216,GO:0005230,GO:0006811,GO:0016020,GO:0034220
BXY_0899700	GO:0003676
BXY_0899900	GO:0000978,GO:0000981,GO:0006357
BXY_0900100	GO:0005747,GO:0006120,GO:0016651,GO:0048038,GO:0051287
BXY_0900300	GO:0005509
BXY_0900600	GO:0009653
BXY_0900800	GO:0004930,GO:0007186,GO:0008528,GO:0016020
BXY_0900900	GO:0003824,GO:0004838,GO:0006520,GO:0006559,GO:0006572,GO:0008483,GO:0009058,GO:0009072,GO:0030170
BXY_0901000	GO:0005515,GO:0007528,GO:0048786,GO:0050808
BXY_0901500	GO:0003924,GO:0005525,GO:0007264
BXY_0901700	GO:0005243,GO:0005886,GO:0005921
BXY_0901800	GO:0000977,GO:0000981,GO:0003677,GO:0003700,GO:0005634,GO:0006355,GO:0006357,GO:0009790,GO:0009887,GO:0009948,GO:0030154
BXY_0902000	GO:0000166,GO:0005215,GO:0005391,GO:0005524,GO:0005886,GO:0006813,GO:0006883,GO:0008556,GO:0016020,GO:0016887,GO:0019829,GO:0030007,GO:0036376,GO:1902600,GO:1990573
BXY_0902100	GO:0000166,GO:0005215,GO:0005391,GO:0005524,GO:0005886,GO:0006813,GO:0006883,GO:0008556,GO:0016020,GO:0016887,GO:0019829,GO:0030007,GO:0036376,GO:1902600,GO:1990573
BXY_0902200	GO:0004126,GO:0005829,GO:0008270,GO:0009972,GO:0016787
BXY_0902400	GO:0003677
BXY_0903000	GO:0004623,GO:0006644,GO:0050482
BXY_0903100	GO:0004623,GO:0006644,GO:0050482
BXY_0903200	GO:0000978,GO:0003677,GO:0003700,GO:0004879,GO:0006355,GO:0008270,GO:0043565
BXY_0903900	GO:0000398,GO:0005681
BXY_0904000	GO:0005509,GO:0016460
BXY_0904200	GO:0008140,GO:0051289
BXY_0904400	GO:0005515,GO:0006368,GO:0030891,GO:0070449
BXY_0904700	GO:0005515,GO:0005634,GO:0006357,GO:0007010,GO:0008360
BXY_0905000	GO:0000287,GO:0004449,GO:0005739,GO:0006099,GO:0006102,GO:0016616,GO:0051287
BXY_0905100	GO:0003676,GO:0003729,GO:0005634,GO:0005737,GO:0008270,GO:0031054
BXY_0905300	GO:0000139,GO:0005096,GO:0030100,GO:0032012
BXY_0905400	GO:0001510,GO:0005634,GO:0008168,GO:0036261,GO:0071164
BXY_0905700	GO:0003677,GO:0008824,GO:0009440
BXY_0906000	GO:0004725,GO:0006470,GO:0016311
BXY_0906200	GO:0016042,GO:0016298,GO:0016787
BXY_0906300	GO:0000122,GO:0000978,GO:0003676,GO:0003700,GO:0004879,GO:0006355,GO:0008270,GO:0030154,GO:0043565,GO:0045944
BXY_0906400	GO:0016020,GO:0022857,GO:0055085
BXY_0906500	GO:0004252,GO:0006508
BXY_0906800	GO:0000009,GO:0000030,GO:0004376,GO:0005789,GO:0006506,GO:0031501
BXY_0906900	GO:0004347,GO:0005829,GO:0006094,GO:0006096,GO:0048029,GO:0051156,GO:0097367,GO:1901135
BXY_0907000	GO:0004016,GO:0005886,GO:0007189,GO:0009190,GO:0035556
BXY_0908300	GO:0000978,GO:0000981,GO:0003677,GO:0003700,GO:0005524,GO:0005634,GO:0006355
BXY_0908400	GO:0016042,GO:0016298,GO:0016787
BXY_0908600	GO:0005332,GO:0005886,GO:0006865,GO:0016020,GO:0035725,GO:0043005,GO:0071705
BXY_0908900	GO:0005332,GO:0005886,GO:0006865,GO:0016020,GO:0035725,GO:0043005,GO:0071705
BXY_0909000	GO:0005332,GO:0005886,GO:0006865,GO:0016020,GO:0035725,GO:0043005,GO:0071705
BXY_0909200	GO:0005515
BXY_0909500	GO:0004888,GO:0005216,GO:0005230,GO:0006811,GO:0016020,GO:0034220
BXY_0909600	GO:0005452,GO:0005886,GO:0006820,GO:0008509,GO:0008510,GO:0015701,GO:0016020,GO:0022857,GO:0050801,GO:0051453,GO:0055085
BXY_0909700	GO:0000139,GO:0004571,GO:0005509,GO:0005783,GO:0005975,GO:0016020,GO:1904382
BXY_0909800	GO:0005886,GO:0031718,GO:2000272
BXY_0909900	GO:0019825,GO:0020037
BXY_0910600	GO:0010945,GO:0015938
BXY_0910700	GO:0001561,GO:0003973,GO:0005782,GO:0010181,GO:0016491
BXY_0911300	GO:0016020,GO:0022857,GO:0055085
BXY_0911500	GO:0005737,GO:0005739,GO:0005960,GO:0009249,GO:0019464
BXY_0911700	GO:0003735,GO:0005840,GO:0006412
BXY_0911800	GO:0006511
BXY_0912000	GO:0004888,GO:0005515,GO:0005886,GO:0007166,GO:0016020,GO:0017147,GO:0035567,GO:0042813,GO:0060070
BXY_0912100	GO:0000122,GO:0000812,GO:0003714,GO:0005634,GO:0006281,GO:0006338,GO:0035267,GO:0043486,GO:0045892
BXY_0912200	GO:0000977,GO:0000981,GO:0003677,GO:0005634,GO:0006355,GO:0006357,GO:0030182
BXY_0912300	GO:0005319,GO:0006869
BXY_0912600	GO:0005737,GO:0016757,GO:0070085
BXY_0912800	GO:0000978,GO:0000981,GO:0006355
BXY_0913100	GO:0001227
BXY_0913200	GO:0003729,GO:0046872
BXY_0913500	GO:0005739,GO:0005747
BXY_0913700	GO:0005739,GO:0009396,GO:0030272,GO:0035999
BXY_0913800	GO:0042302
BXY_0914300	GO:0005634,GO:0005737,GO:0009408,GO:0042026,GO:0051082
BXY_0914400	GO:0005768,GO:0010008,GO:0034498,GO:0035091
BXY_0914500	GO:0003729,GO:0003735,GO:0005762,GO:0005840,GO:0006412,GO:0017148
BXY_0914600	GO:0004322,GO:0005739,GO:0006879,GO:0008198,GO:0008199,GO:0016226,GO:0018283,GO:0034986,GO:0051537
BXY_0914700	GO:0005739,GO:0016491
BXY_0914900	GO:0003735,GO:0005515,GO:0005840,GO:0006412,GO:0022627
BXY_0915100	GO:0043087
BXY_0915300	GO:0004672,GO:0004674,GO:0004693,GO:0005524,GO:0005634,GO:0006468,GO:0008353
BXY_0915500	GO:0004672,GO:0004674,GO:0005524,GO:0005634,GO:0005737,GO:0006468,GO:0044773
BXY_0915700	GO:0003735,GO:0005762,GO:0006412,GO:0015934
BXY_0915900	GO:0004605,GO:0005739,GO:0016024,GO:0032049
BXY_0916000	GO:0016491,GO:0042302
BXY_0916300	GO:0000978,GO:0000981,GO:0003700,GO:0005634,GO:0006355,GO:0006357,GO:0009887,GO:0043565
BXY_0916400	GO:0004791,GO:0005634,GO:0030178,GO:0031397
BXY_0916500	GO:0005615,GO:0007165
BXY_0916600	GO:0003824,GO:0005615,GO:0016301,GO:0016772,GO:0016775,GO:0046314
BXY_0916900	GO:0003995,GO:0005737,GO:0005739,GO:0016627,GO:0033539,GO:0050660
BXY_0917200	GO:0004722,GO:0005634,GO:0005737,GO:0016787
BXY_0917300	GO:0005737
BXY_0917500	GO:0005634,GO:0005737
BXY_0917800	GO:0005385,GO:0005886,GO:0016020,GO:0030001,GO:0046873,GO:0055085,GO:0071577
BXY_0917900	GO:0005615,GO:0007166,GO:0016020,GO:0017147,GO:0035567,GO:0060070
BXY_0918500	GO:0003729,GO:0046872
BXY_0918600	GO:0003729,GO:0046872
BXY_0918700	GO:0003729,GO:0046872
BXY_0919300	GO:0003729,GO:0046872
BXY_0919400	GO:0003729,GO:0046872
BXY_0919700	GO:0000981,GO:0003700,GO:0005634,GO:0007423,GO:0045944,GO:0046983,GO:0061564,GO:0070888
BXY_0919800	GO:0005739,GO:0052856
BXY_0919900	GO:0004672,GO:0004674,GO:0005524,GO:0005634,GO:0005737,GO:0005829,GO:0006468,GO:0007165,GO:0018107,GO:0030154,GO:0030424,GO:0032436,GO:0070507,GO:0090090
BXY_0920000	GO:0005789,GO:0030968,GO:0055074
BXY_0920100	GO:0005515
BXY_0920300	GO:0005515
BXY_0920400	GO:0005515
BXY_0920500	GO:0000724,GO:0003887,GO:0005634,GO:0006281,GO:0016035,GO:0019985,GO:0042276
BXY_0921500	GO:0004555,GO:0005975,GO:0005991,GO:0005993
BXY_0921600	GO:0005743,GO:0006811,GO:0015075,GO:0016020,GO:0022857,GO:0022889,GO:0055085,GO:0140300,GO:1990542
BXY_0921800	GO:0000786,GO:0003677,GO:0006334,GO:0030527
BXY_0921900	GO:0005768,GO:0005802,GO:0042147,GO:0045332
BXY_0922000	GO:0004930,GO:0004937,GO:0005886,GO:0007186,GO:0007200,GO:0007204,GO:0007267,GO:0016020,GO:0043410,GO:0071880
BXY_0922100	GO:0005768,GO:0005802,GO:0042147,GO:0045332
BXY_0922300	GO:0005524,GO:0005743,GO:0015421,GO:0016020,GO:0016887,GO:0055085,GO:0090374,GO:0140359
BXY_0922400	GO:0003677,GO:0008270
BXY_0923100	GO:0005615,GO:0005737,GO:0006508,GO:0008237,GO:0008270,GO:0016020,GO:0042277,GO:0043171,GO:0070006
BXY_0923200	GO:0005615,GO:0005737,GO:0006508,GO:0008237,GO:0008270,GO:0016020,GO:0042277,GO:0043171,GO:0070006
BXY_0923300	GO:0005615,GO:0005737,GO:0006508,GO:0008237,GO:0008270,GO:0016020,GO:0042277,GO:0043171,GO:0070006
BXY_0923400	GO:0004725,GO:0006470,GO:0016311
BXY_0923600	GO:0005523,GO:0005856,GO:0007015,GO:0030016,GO:0030239,GO:0051694
BXY_0923700	GO:0030431,GO:0032222,GO:1903818
BXY_0923900	GO:0005654,GO:0005730
BXY_0924000	GO:0005515
BXY_0924100	GO:0004672,GO:0005524,GO:0006468
BXY_0924300	GO:0008483,GO:0009058,GO:0030170
BXY_0924400	GO:0005272,GO:0006814,GO:0016020
BXY_0924500	GO:0005272,GO:0006814,GO:0016020
BXY_0924700	GO:0004930,GO:0007186,GO:0016020
BXY_0924800	GO:0030424,GO:0042048,GO:0043025,GO:1990834
BXY_0925000	GO:0004177,GO:0004301,GO:0005829,GO:0006508,GO:0008237,GO:0008270,GO:0043171
BXY_0926000	GO:0000122,GO:0000978,GO:0003700,GO:0004879,GO:0006355,GO:0008270,GO:0009755,GO:0030154,GO:0043565,GO:0045944
BXY_0926300	GO:0004252,GO:0005789,GO:0016020,GO:0042058,GO:0050708
BXY_0926500	GO:0005789,GO:0006506,GO:0016788
BXY_0926600	GO:0006986,GO:0016020,GO:0031625,GO:0036503
BXY_0926700	GO:0004553,GO:0005975,GO:0019915
BXY_0926800	GO:0004672,GO:0004713,GO:0005524,GO:0006468
BXY_0926900	GO:0005759,GO:0042256
BXY_0927500	GO:0004175,GO:0006509,GO:0007219,GO:0016020,GO:0016485,GO:0034205,GO:0042500,GO:0055074,GO:0070765
BXY_0927600	GO:0008237
BXY_0927900	GO:0000028,GO:0000462,GO:0005515,GO:0032040,GO:0034388
BXY_0928000	GO:0000028,GO:0000462,GO:0005515,GO:0032040,GO:0034388
BXY_0928600	GO:0004190,GO:0005764,GO:0006508,GO:0008219
BXY_0928900	GO:0003713,GO:0005634,GO:0008195,GO:0009062,GO:0019432,GO:0032869,GO:0044255,GO:0045944
BXY_0929300	GO:0000785,GO:0003682,GO:0005634,GO:0007062,GO:0008278
BXY_0929500	GO:0000172,GO:0001682,GO:0003676,GO:0005655,GO:0006396
BXY_0929600	GO:0000993,GO:0005634,GO:0006355,GO:0006368,GO:0008270,GO:0032044,GO:0140673
BXY_0930100	GO:0005509
BXY_0930400	GO:0005515,GO:0005829,GO:0006915,GO:0008285,GO:0035329,GO:0042127,GO:0043065,GO:0060090
BXY_0930600	GO:0004867,GO:0005509,GO:0005615
BXY_0930800	GO:0005509
BXY_0930900	GO:0000139,GO:0000149,GO:0005484,GO:0006886,GO:0006888,GO:0006906,GO:0012505,GO:0016020,GO:0016192,GO:0031201,GO:0048278
BXY_0931000	GO:0012505,GO:0036503,GO:0043161,GO:0061630
BXY_0931100	GO:0016020,GO:0050909
BXY_0931500	GO:0004930,GO:0005886,GO:0007186,GO:0016020
BXY_0931800	GO:0000339,GO:0000398,GO:0003676,GO:0003723,GO:0005846,GO:0045292
BXY_0932100	GO:0000118,GO:0003714,GO:0005667,GO:0006357,GO:0045892
BXY_0932300	GO:0001055,GO:0003677,GO:0003899,GO:0005665,GO:0006351,GO:0006366
BXY_0932500	GO:0005515,GO:0006364,GO:0032040,GO:0034388
BXY_0932800	GO:0005753,GO:0015078,GO:0015986,GO:0045259
BXY_0933200	GO:0005634,GO:0006378,GO:0006388,GO:0006396,GO:0031124,GO:0051731
BXY_0933300	GO:0006629
BXY_0934100	GO:0008612,GO:0016491,GO:0019135
BXY_0934200	GO:0003735,GO:0005761,GO:0005763,GO:0006915,GO:0015935
BXY_0934400	GO:0003723,GO:0005634,GO:0005737,GO:0006397
BXY_0934500	GO:0004407,GO:0016575,GO:0016581,GO:0031507,GO:0040029
BXY_0934600	GO:0005634,GO:0008380,GO:0035145
BXY_0934800	GO:0005515,GO:0005737,GO:0016191,GO:0098793,GO:0098978
BXY_0935000	GO:0005332,GO:0005886,GO:0006865,GO:0016020,GO:0035725,GO:0043005,GO:0071705
BXY_0935200	GO:0000462,GO:0005730,GO:0032040
BXY_0935400	GO:0004842,GO:0008270,GO:0016567
BXY_0935600	GO:0005739,GO:0006605,GO:0017022,GO:0031410,GO:0047496,GO:0048311
BXY_0935800	GO:0005515,GO:0016020
BXY_0935900	GO:0005741,GO:0016020
BXY_0936000	GO:0016020,GO:0055085
BXY_0936100	GO:0016020,GO:0055085
BXY_0936500	GO:0005886,GO:0006812,GO:0006814,GO:0006885,GO:0015297,GO:0015385,GO:0015386,GO:0016020,GO:0051453,GO:0055085,GO:0071805,GO:0098719,GO:1902600
BXY_0937300	GO:0003993,GO:0016787
BXY_0937700	GO:0005515,GO:0035869,GO:1904491,GO:1905515
BXY_0937800	GO:0005975,GO:0008810
BXY_0937900	GO:0005975,GO:0008810
BXY_0938100	GO:0005782,GO:0006637,GO:0009062,GO:0047617
BXY_0938200	GO:0004623,GO:0006644,GO:0050482
BXY_0938500	GO:0003677,GO:0005524,GO:0016887,GO:0017025
BXY_0938700	GO:0016020,GO:0022857,GO:0055085
BXY_0939600	GO:0016607
BXY_0939900	GO:0005272,GO:0005886,GO:0006814,GO:0015280,GO:0016020,GO:0035725
BXY_0940200	GO:0003677,GO:0008270
BXY_0940500	GO:0005886,GO:0016020
BXY_0941200	GO:0005515,GO:0016226,GO:0097361
BXY_0941300	GO:0003677,GO:0003899,GO:0005634,GO:0006351,GO:0032549
BXY_0941400	GO:0000287,GO:0004422,GO:0005829,GO:0006166,GO:0006178,GO:0032263,GO:0032264,GO:0046100
BXY_0941500	GO:0003824,GO:0004672,GO:0004674,GO:0005524,GO:0005634,GO:0005829,GO:0006468,GO:0030490,GO:0030688
BXY_0941700	GO:0000049,GO:0003725,GO:0005737,GO:0006450,GO:0016779
BXY_0941800	GO:0000727,GO:0003677,GO:0003688,GO:0003697,GO:0005524,GO:0005634,GO:0006260,GO:0006270,GO:0017116,GO:0042555,GO:0043138
BXY_0941900	GO:0000281,GO:0005096,GO:0005634,GO:0007165,GO:0007266,GO:0030496,GO:0032154,GO:0051233,GO:0051256,GO:0097149
BXY_0942100	GO:0005737,GO:0005956,GO:0019887
BXY_0942200	GO:0030904,GO:0031901,GO:0032266,GO:0032456,GO:0034499,GO:0035091
BXY_0942300	GO:0005515
BXY_0942400	GO:0002084,GO:0005737,GO:0008474,GO:0016787,GO:0052689
BXY_0942600	GO:0004335,GO:0005524,GO:0005737,GO:0005829,GO:0006012,GO:0016301,GO:0016773,GO:0046835
BXY_0942700	GO:0015031,GO:0016020,GO:0032588,GO:0055038
BXY_0942800	GO:0006857,GO:0016020,GO:0022857,GO:0055085
BXY_0942900	GO:0006935,GO:0008017,GO:0023041,GO:0030867,GO:0031965
BXY_0943000	GO:0034464,GO:0060271,GO:0097500
BXY_0943200	GO:0004842,GO:0005737,GO:0006511,GO:0016567,GO:0061630
BXY_0943300	GO:0005524,GO:0005741,GO:0016887,GO:0140570
BXY_0943400	GO:0000306,GO:0006661,GO:0010008,GO:0070772
BXY_0943500	GO:0003676,GO:0008168,GO:0008988,GO:0016740,GO:0031167,GO:0032259
BXY_0943600	GO:0000978,GO:0000981,GO:0003700,GO:0005634,GO:0006355,GO:0006357
BXY_0943700	GO:0004252,GO:0006508
BXY_0943800	GO:0005515
BXY_0944000	GO:0000151,GO:0000209,GO:0005634,GO:0005829,GO:0006513,GO:0030332,GO:0031624,GO:0043161,GO:0051865,GO:0061630
BXY_0944100	GO:0004485,GO:0005739,GO:0006552,GO:0016874,GO:1905202
BXY_0944200	GO:0005655,GO:0006396,GO:0008033
BXY_0944300	GO:0005643,GO:0006607,GO:0006999,GO:0017056,GO:0036228,GO:0044613
BXY_0944400	GO:0000126,GO:0001156,GO:0070898
BXY_0944500	GO:0000956,GO:0003676,GO:0003723,GO:0004527,GO:0004534,GO:0005634,GO:0006139
BXY_0944600	GO:0043005
BXY_0944700	GO:0004648,GO:0005737,GO:0006564,GO:0030170
BXY_0944800	GO:0003682,GO:0005515,GO:0006302,GO:0007062,GO:0008278,GO:0030893,GO:0051177
BXY_0945000	GO:0007015,GO:0015629,GO:0051015
BXY_0945200	GO:0007015,GO:0015629,GO:0051015
BXY_0945800	GO:0003924,GO:0005525
BXY_0946000	GO:0005854
BXY_0946100	GO:0004842,GO:0005515,GO:0005737,GO:0006511,GO:0016567,GO:0043161,GO:0061630
BXY_0946200	GO:0005769,GO:0016791,GO:0043812,GO:0045334,GO:0046856,GO:2001135
BXY_0946300	GO:0005942,GO:0035556,GO:0046854,GO:0046935
BXY_0947100	GO:0005839,GO:0006511,GO:0019773,GO:0030163
BXY_0947200	GO:0003723,GO:0003735,GO:0005840,GO:0006412,GO:0015935
BXY_0947300	GO:0000977,GO:0000981,GO:0003677,GO:0006355,GO:0006357
BXY_0947400	GO:0006378,GO:0016779,GO:0031123,GO:1990817
BXY_0947700	GO:0003824,GO:0005515,GO:0006596
BXY_0947800	GO:0005515,GO:0005886
BXY_0947900	GO:0046983
BXY_0948000	GO:0036038,GO:0060271
BXY_0948100	GO:0004298,GO:0005737,GO:0005839,GO:0030163,GO:0051603
BXY_0948400	GO:0008270
BXY_0948500	GO:0000027,GO:0006364,GO:0019843,GO:0030687
BXY_0948600	GO:0003676,GO:0003725,GO:0003727,GO:0008270,GO:0071011
BXY_0948700	GO:0003723,GO:0003729,GO:0005730,GO:0006417
BXY_0948800	GO:0002181,GO:0003735,GO:0005840,GO:0006412,GO:0008270,GO:0022627
BXY_0948900	GO:0005515,GO:0005737,GO:0005739,GO:0005876,GO:0008017,GO:0097431
BXY_0949000	GO:0005515
BXY_0949100	GO:0000049,GO:0002943,GO:0005737,GO:0008033,GO:0017150,GO:0050660
BXY_0949200	GO:0000502,GO:0006511,GO:0008541,GO:0030234,GO:0042176
BXY_0949300	GO:0005515
BXY_0949400	GO:0005546,GO:0010314,GO:0032266,GO:0043325,GO:0070273,GO:0080025
BXY_0949500	GO:0002182,GO:0003735,GO:0005840,GO:0006414,GO:0022625
BXY_0949800	GO:0004672,GO:0005524,GO:0006468
BXY_0949900	GO:0004867
BXY_0950000	GO:0007009,GO:0016020,GO:0061025
BXY_0950300	GO:0005096,GO:0005634,GO:0005737,GO:0043547,GO:0051056
BXY_0950400	GO:0005515,GO:0031929,GO:0031931,GO:0031932,GO:0032956
BXY_0950500	GO:0005681
BXY_0950600	GO:0005245,GO:0005515,GO:0005891,GO:0070588
BXY_0950700	GO:0003676,GO:0004523,GO:0043137,GO:0090502
BXY_0950800	GO:0004888,GO:0005216,GO:0005230,GO:0006811,GO:0016020,GO:0022848,GO:0034220,GO:0045211
BXY_0951200	GO:0005200,GO:0005525,GO:0005874,GO:0007017
BXY_0951300	GO:0000287,GO:0004743,GO:0006096,GO:0030955
BXY_0951400	GO:0005737,GO:0042981
BXY_0951900	GO:0036038,GO:1904491,GO:1905515
BXY_0952100	GO:0003824,GO:0004674,GO:0005524,GO:0006468
BXY_0952200	GO:0031410
BXY_0952300	GO:0003676,GO:0003723,GO:0005634,GO:0006357,GO:0043565,GO:0050684
BXY_0952500	GO:0005739,GO:0044255,GO:0052689
BXY_0952600	GO:0003676,GO:0003723,GO:0005634,GO:0008143
BXY_0952700	GO:0003676,GO:0003723
BXY_0952800	GO:0000287,GO:0004672,GO:0004674,GO:0005524,GO:0006468,GO:0035556
BXY_0952900	GO:0047429
BXY_0953100	GO:0005750,GO:0006122,GO:0009055,GO:0020037
BXY_0953200	GO:0000978,GO:0000981,GO:0003677,GO:0005634,GO:0006355,GO:0006357
BXY_0953600	GO:0003735,GO:0005840,GO:0006412
BXY_0953800	GO:0002181,GO:0003735,GO:0005840,GO:0006412,GO:0015934,GO:0022625
BXY_0954000	GO:0017178,GO:0017183
BXY_0954100	GO:0000785,GO:0003712,GO:0005634,GO:0045089,GO:0045944
BXY_0954300	GO:0004064
BXY_0954400	GO:0000149,GO:0006836,GO:0016079,GO:0019905,GO:0031201,GO:0043195,GO:0046928
BXY_0954500	GO:0019825,GO:0020037
BXY_0954600	GO:0004672,GO:0005515,GO:0005524,GO:0006468
BXY_0954700	GO:0004672,GO:0004674,GO:0005524,GO:0005634,GO:0006468,GO:0035556,GO:0043065
BXY_0954800	GO:0004672,GO:0005515
BXY_0955100	GO:0005515,GO:0005743,GO:0034551
BXY_0955200	GO:0005506,GO:0005739,GO:0016226,GO:0051536,GO:0051537,GO:0051539,GO:0106035
BXY_0955400	GO:0005515
BXY_0955500	GO:0003735,GO:0005840,GO:0006412
BXY_0955600	GO:0005783
BXY_0955800	GO:0007606,GO:0016020
BXY_0955900	GO:0005524,GO:0016887
BXY_0956000	GO:0006401,GO:0032299
BXY_0956100	GO:0000479,GO:0003824,GO:0004521,GO:0005730,GO:0006396,GO:0042254
BXY_0956400	GO:0005634,GO:0010468
BXY_0956600	GO:0004843,GO:0005634,GO:0005829,GO:0016579
BXY_0956800	GO:0005615,GO:0006508,GO:0043171,GO:0070573
BXY_0957100	GO:0005739,GO:0022900
BXY_0957200	GO:0005789,GO:0006486,GO:0016765,GO:0019408,GO:0043048,GO:0045547,GO:1904423
BXY_0957300	GO:0003824,GO:0004357,GO:0006750,GO:0017109
BXY_0957500	GO:0005515
BXY_0957600	GO:0003924,GO:0005525,GO:0007264
BXY_0957700	GO:0005680,GO:0007091,GO:0031145,GO:0060090,GO:0070979
BXY_0957800	GO:0004177,GO:0006508,GO:0008270
BXY_0958100	GO:0016020,GO:0022857,GO:0055085
BXY_0958200	GO:0003676,GO:0003723,GO:0003729,GO:0005737,GO:0006417
BXY_0958300	GO:0003676,GO:0003723,GO:1990904
BXY_0958400	GO:0000287,GO:0004672,GO:0004674,GO:0005515,GO:0005524,GO:0006468,GO:0018105,GO:0035556
BXY_0959000	GO:0006508,GO:0008239,GO:0070008
BXY_0959100	GO:0006508,GO:0008239,GO:0070008
BXY_0959200	GO:0006508,GO:0008239,GO:0070008
BXY_0959300	GO:0004022,GO:0005737,GO:0008270,GO:0016491
BXY_0959400	GO:0006893
BXY_0959500	GO:0004095,GO:0005739,GO:0006631,GO:0009437,GO:0016746
BXY_0959600	GO:0004095,GO:0005739,GO:0006631,GO:0009437,GO:0016746
BXY_0959700	GO:0005096,GO:0005515,GO:0007165,GO:0016477,GO:0030030,GO:0046578,GO:0097060
BXY_0959800	GO:0000166,GO:0000287,GO:0005215,GO:0005524,GO:0005886,GO:0015914,GO:0016020,GO:0016887,GO:0045332,GO:0140326
BXY_0959900	GO:0005515
BXY_0960200	GO:0005615
BXY_0960600	GO:0003777,GO:0005515,GO:0005524,GO:0007018,GO:0008017
BXY_0961100	GO:0003700,GO:0006355
BXY_0961200	GO:0005319,GO:0006869
BXY_0961300	GO:0016491,GO:0020037
BXY_0961700	GO:0000184,GO:0000290,GO:0000932,GO:0003723,GO:0005737,GO:0016787,GO:0030145,GO:0050072,GO:0140933
BXY_0962000	GO:0005634,GO:0008270,GO:0045893,GO:0072344,GO:0180022
BXY_0962400	GO:0003924,GO:0005525
BXY_0962500	GO:0003676,GO:0003723,GO:0003743,GO:0005737,GO:0005852
BXY_0962600	GO:0005743,GO:0016020
BXY_0962700	GO:0016491,GO:0016671
BXY_0962800	GO:0016491,GO:0016671
BXY_0963100	GO:0004190,GO:0006508
BXY_0963200	GO:0004190,GO:0006508
BXY_0963300	GO:0004190,GO:0005764,GO:0006508,GO:0008219
BXY_0963400	GO:0004185,GO:0006508
BXY_0963500	GO:0004185,GO:0006508
BXY_0963600	GO:0004185,GO:0006508
BXY_0963700	GO:0004185,GO:0006508
BXY_0963800	GO:0005515,GO:0006620,GO:0016020,GO:0060090,GO:0072380
BXY_0964000	GO:0030424,GO:0042048,GO:0043025,GO:1990834
BXY_0964200	GO:0005471,GO:0005743,GO:0055085,GO:0140021,GO:1901029,GO:1990544
BXY_0964300	GO:0005385,GO:0006812,GO:0006882,GO:0008324,GO:0010312,GO:0016020,GO:0055085,GO:0071577
BXY_0964400	GO:0003824,GO:0004630,GO:0006654,GO:0009395,GO:0035091,GO:0035556,GO:0043231,GO:0060627
BXY_0964500	GO:0012505
BXY_0964600	GO:0012505
BXY_0964900	GO:0016042,GO:0016298,GO:0016787
BXY_0965100	GO:0005515
BXY_0965200	GO:0003824,GO:0007508,GO:0031012,GO:0061343
BXY_0965300	GO:0004176,GO:0004252,GO:0005524,GO:0006508,GO:0016887,GO:0030163
BXY_0965400	GO:0007623
BXY_0965800	GO:0016020,GO:0022857,GO:0055085
BXY_0965900	GO:0004622,GO:0005783,GO:0006629,GO:0046470
BXY_0966300	GO:0004672,GO:0004674,GO:0004697,GO:0005524,GO:0006468,GO:0008270
BXY_0966400	GO:0004674,GO:0005524,GO:0006468
BXY_0966500	GO:0005200,GO:0005635,GO:0005652,GO:0006998,GO:0007097,GO:0031507,GO:0051664,GO:0090435
BXY_0966600	GO:0005515,GO:0006493,GO:0016757,GO:0097363
BXY_0966700	GO:0005634,GO:0005813,GO:0005819,GO:0051225,GO:0051298
BXY_0967000	GO:0004930,GO:0007186,GO:0016020
BXY_0967100	GO:0008271,GO:0016020,GO:0055085,GO:1902358
BXY_0967200	GO:0005739,GO:0006631,GO:0016491
BXY_0967300	GO:0003676,GO:0003723,GO:0005654
BXY_0967400	GO:0005319,GO:0005524,GO:0006869,GO:0016020,GO:0016887,GO:0042626,GO:0043231,GO:0055085,GO:0140359
BXY_0967500	GO:0005319,GO:0005524,GO:0006869,GO:0016020,GO:0016887,GO:0042626,GO:0043231,GO:0055085,GO:0140359
BXY_0967600	GO:0016020,GO:0055085,GO:0140359
BXY_0967700	GO:0005319,GO:0005524,GO:0006869,GO:0016020,GO:0016887,GO:0042626,GO:0043231,GO:0055085,GO:0140359
BXY_0968000	GO:0004722,GO:0005634,GO:0005737,GO:0016787
BXY_0968100	GO:0004888,GO:0004930,GO:0005886,GO:0007166,GO:0007186,GO:0007188,GO:0008528,GO:0016020
BXY_0968200	GO:0004930,GO:0004989,GO:0005886,GO:0007186,GO:0016020,GO:0043410,GO:0071880
BXY_0968500	GO:0003924,GO:0005525
BXY_0968600	GO:0005886,GO:0007156,GO:0008046,GO:0030424,GO:0043025,GO:0050808
BXY_0968700	GO:0003824,GO:0004497,GO:0004500,GO:0005507,GO:0005615,GO:0006589,GO:0016715,GO:0030667,GO:0042420,GO:0042421
BXY_0968900	GO:0004190,GO:0005764,GO:0006508,GO:0008219
BXY_0969600	GO:0006812,GO:0015297,GO:0016020,GO:0055085,GO:0098662,GO:1902600
BXY_0969700	GO:0006812,GO:0015297,GO:0016020,GO:0055085,GO:0098662,GO:1902600
BXY_0969900	GO:0005515,GO:0007155,GO:0045296
BXY_0970000	GO:0005615,GO:0007165
BXY_0970900	GO:0005886,GO:0016020
BXY_0971000	GO:0004672,GO:0005524,GO:0006468
BXY_0971200	GO:0005782,GO:0006637,GO:0009062,GO:0047617
BXY_0971300	GO:0005737,GO:0006569,GO:0009435,GO:0019441,GO:0030170,GO:0030429,GO:0043420
BXY_0971400	GO:0005524,GO:0015421,GO:0016020,GO:0016887,GO:0055085,GO:0140359
BXY_0971500	GO:0005782,GO:0006637,GO:0009062,GO:0047617
BXY_0971600	GO:0005782,GO:0006637,GO:0009062,GO:0047617
BXY_0972700	GO:0000276,GO:0015078,GO:0015986,GO:0046933
BXY_0972800	GO:0003676,GO:0003723,GO:0005634,GO:0006397
BXY_0972900	GO:0051604,GO:0097361,GO:0097428
BXY_0973100	GO:0003700,GO:0005634,GO:0006355,GO:0008270,GO:0043565
BXY_0973300	GO:0005272,GO:0005886,GO:0006814,GO:0015280,GO:0016020,GO:0035725
BXY_0973400	GO:0005272,GO:0006814,GO:0016020
BXY_0973500	GO:0005739,GO:0005829,GO:0016209,GO:0016491,GO:0045454,GO:0051920,GO:0098869
BXY_0973700	GO:0004930,GO:0007186,GO:0016020
BXY_0973800	GO:0005515,GO:0005680,GO:0016567,GO:0031145,GO:0045842,GO:0051301
BXY_0974000	GO:0004672,GO:0004713,GO:0005524,GO:0006468
BXY_0974100	GO:0005272,GO:0005886,GO:0006814,GO:0015280,GO:0016020,GO:0035725
BXY_0974200	GO:0005272,GO:0005886,GO:0006814,GO:0015280,GO:0016020,GO:0035725
BXY_0974300	GO:0034198,GO:0042149,GO:0061462,GO:0140007,GO:1904262
BXY_0974500	GO:0005515,GO:0005912,GO:0009790,GO:0014069,GO:0016323,GO:0019901,GO:0030054,GO:0043113,GO:0045197,GO:0045211,GO:0097120,GO:0098609,GO:0098887,GO:0098968
BXY_0974700	GO:0042302
BXY_0975000	GO:0042302
BXY_0975100	GO:0000139,GO:0015165,GO:0016020,GO:0090481
BXY_0975200	GO:0043087
BXY_0975600	GO:0003676,GO:0004334,GO:0006559,GO:0006572,GO:0008270,GO:0009072,GO:1902000
BXY_0975800	GO:0003676,GO:0003723,GO:0003729,GO:0003730,GO:0005634,GO:0005844,GO:0006417,GO:0010494,GO:0043005,GO:0043488,GO:0045182,GO:0045727,GO:0048170,GO:0048513,GO:0051028,GO:0099577
BXY_0975900	GO:0003723,GO:0003735,GO:0022625
BXY_0976000	GO:0005739,GO:0016971,GO:0016972,GO:0050660
BXY_0976200	GO:0004672,GO:0005524,GO:0005634,GO:0006468,GO:0031434,GO:0032436,GO:0043405
BXY_0976300	GO:0000139,GO:0005783,GO:0005789,GO:0006888,GO:0006890,GO:0016020,GO:0030134
BXY_0976400	GO:0005737,GO:0008270
BXY_0976600	GO:0004930,GO:0004983,GO:0005886,GO:0007186,GO:0016020
BXY_0976700	GO:0003983,GO:0006011,GO:0070569
BXY_0976900	GO:0000712,GO:0000819,GO:0003677,GO:0003918,GO:0005524,GO:0005634,GO:0006259,GO:0006265
BXY_0977000	GO:0005524,GO:0005634,GO:0006281,GO:0008094
BXY_0977400	GO:0003995,GO:0005737,GO:0005739,GO:0016627,GO:0051793,GO:0070991
BXY_0977500	GO:0005267,GO:0005886,GO:0015271,GO:0016020,GO:0022841,GO:0030322,GO:0071805
BXY_0977600	GO:0003995,GO:0016627,GO:0050660
BXY_0977700	GO:0003995,GO:0016627,GO:0050660
BXY_0977800	GO:0003924,GO:0005525
BXY_0977900	GO:0005886,GO:0016020
BXY_0978000	GO:0005515,GO:0030036,GO:0051015
BXY_0978300	GO:0000122,GO:0017053,GO:0031523
BXY_0978400	GO:0003824,GO:0004105,GO:0006657,GO:0009058,GO:0031210
BXY_0978500	GO:0000184,GO:0003676,GO:0003729,GO:0005730,GO:0005737,GO:0045727
BXY_0978600	GO:0005789,GO:0018812,GO:0030148,GO:0030497,GO:0042761
BXY_0978800	GO:0036038,GO:0060271
BXY_0978900	GO:0000049,GO:0000166,GO:0004812,GO:0004818,GO:0005524,GO:0005739,GO:0006418,GO:0006424,GO:0008270,GO:0043039
BXY_0979000	GO:0006659,GO:0106245
BXY_0979300	GO:0005515,GO:0043161,GO:0061630
BXY_0979500	GO:0005669,GO:0006367,GO:0016251,GO:0051123
BXY_0979600	GO:0000785,GO:0008157,GO:0046872,GO:0072357
BXY_0980300	GO:0007165
BXY_0980500	GO:0005515,GO:0005765,GO:0022857,GO:0055085
BXY_0980600	GO:0005765,GO:0022857,GO:0055085
BXY_0980900	GO:0008146,GO:0016020,GO:0047756,GO:0050650,GO:1902884
BXY_0981100	GO:0001664,GO:0003924,GO:0005737,GO:0005834,GO:0007165,GO:0007186,GO:0007188,GO:0019001,GO:0031683
BXY_0981800	GO:0005654,GO:0006470,GO:0006974,GO:0019888,GO:0030289,GO:0072542
BXY_0981900	GO:0005771,GO:0006900,GO:0007034,GO:0032511
BXY_0982000	GO:0005515,GO:0005737
BXY_0982200	GO:0005509,GO:0016460
BXY_0982600	GO:0005515,GO:0005737,GO:0005739,GO:0005876,GO:0008017,GO:0097431
BXY_0982700	GO:0005515,GO:0005737,GO:0005739,GO:0005876,GO:0008017,GO:0097431
BXY_0982800	GO:0005634,GO:0005737
BXY_0982900	GO:0003676,GO:0003677,GO:0006139,GO:0006368,GO:0008023,GO:0031491,GO:0034728,GO:0042393,GO:0140673
BXY_0983200	GO:0003723,GO:0006396
BXY_0983300	GO:0000395,GO:0003723,GO:0006396
BXY_0983400	GO:0000350
BXY_0983500	GO:0005432,GO:0006816,GO:0007154,GO:0015491,GO:0016020,GO:0030001,GO:0030424,GO:0035725,GO:0042383,GO:0055085,GO:0098703,GO:0098794
BXY_0983700	GO:0046983
BXY_0984000	GO:0004930,GO:0007186,GO:0008528,GO:0016020
BXY_0984100	GO:0003924,GO:0005525,GO:0007165,GO:0016020
BXY_0984300	GO:0006629
BXY_0984700	GO:0005886,GO:0007186,GO:0008528,GO:0016020
BXY_0985200	GO:0004866,GO:0004869,GO:0005615,GO:0005737,GO:0031982,GO:2000117
BXY_0985400	GO:0004725,GO:0006470,GO:0016311
BXY_0985500	GO:0000288,GO:0000932,GO:0017148,GO:0030015,GO:0060090
BXY_0985600	GO:0000288,GO:0000932,GO:0017148,GO:0030015,GO:0060090
BXY_0985700	GO:0004672,GO:0005524,GO:0005634,GO:0006468,GO:0007094,GO:0051754
BXY_0986000	GO:0003779,GO:0005737,GO:0005765,GO:0005768,GO:0006886,GO:0007033,GO:0016197,GO:0030897,GO:0042144
BXY_0986200	GO:0005975,GO:0008107,GO:0016020,GO:0043413
BXY_0986900	GO:0004888,GO:0005216,GO:0005230,GO:0006811,GO:0016020,GO:0034220
BXY_0987100	GO:0016405
BXY_0987300	GO:0004672,GO:0004674,GO:0005524,GO:0005737,GO:0006468,GO:0035612,GO:0045747,GO:2000369
BXY_0987400	GO:0004930,GO:0007186,GO:0007218,GO:0008188,GO:0016020
BXY_0987500	GO:0000049,GO:0000166,GO:0004812,GO:0004826,GO:0005524,GO:0005737,GO:0005829,GO:0006432,GO:0009328,GO:0043039
BXY_0987600	GO:0005886,GO:0006810,GO:0010960,GO:0022857
BXY_0987700	GO:0004843,GO:0005634,GO:0005829,GO:0016579
BXY_0988200	GO:0000398,GO:0003676,GO:0003723,GO:0005654,GO:0005737,GO:0061574
BXY_0988300	GO:0005085,GO:0008092
BXY_0988500	GO:0004930,GO:0005886,GO:0007186,GO:0016020,GO:0032870,GO:0042277
BXY_0988600	GO:0005737,GO:0005739,GO:0015267,GO:0016020,GO:1901858
BXY_0988700	GO:0002926,GO:0003824,GO:0005634,GO:0005737,GO:0016747,GO:0033588,GO:0051536
BXY_0988800	GO:0000978,GO:0003700,GO:0006355,GO:0008270,GO:0043565
BXY_0988900	GO:0016747
BXY_0989000	GO:0000244,GO:0000398,GO:0005515,GO:0006396,GO:0046540,GO:0071013
BXY_0989100	GO:0003735,GO:0005739,GO:0032543
BXY_0989200	GO:0009986,GO:0016020,GO:0016477
BXY_0989300	GO:0000166,GO:0002161,GO:0004812,GO:0004832,GO:0005524,GO:0005829,GO:0006418,GO:0006438
BXY_0989400	GO:0004483,GO:0005634,GO:0005737,GO:0006370,GO:0008168,GO:0032259,GO:0097309,GO:0097310
BXY_0989500	GO:0005737,GO:0005739,GO:0015267,GO:0016020,GO:1901858
BXY_0989600	GO:0005515
BXY_0989700	GO:0042302
BXY_0990000	GO:0003857,GO:0005739,GO:0006631,GO:0006635,GO:0016491,GO:0016616,GO:0070403
BXY_0990100	GO:0004930,GO:0005886,GO:0007186,GO:0016020,GO:0042277,GO:0043005
BXY_0990300	GO:0000045,GO:0000423,GO:0004197,GO:0005737,GO:0006501,GO:0008234,GO:0016485,GO:0019786,GO:0034727,GO:0035973,GO:0051697
BXY_0990400	GO:0005737
BXY_0991200	GO:0005739,GO:0009055,GO:0022900,GO:0051536,GO:0051537,GO:0140647
BXY_0991400	GO:0005515
BXY_0991500	GO:0003954,GO:0005747,GO:0006120,GO:0016491
BXY_0991600	GO:0003676
BXY_0991700	GO:0004672,GO:0004674,GO:0005524,GO:0005737,GO:0006468
BXY_0992100	GO:0006886,GO:0016192,GO:0030131
BXY_0992200	GO:0003676,GO:0043231
BXY_0992400	GO:0000977,GO:0000981,GO:0005634,GO:0006357,GO:0009790
BXY_0992500	GO:0005283,GO:0005886,GO:0006865,GO:0015179,GO:0016020,GO:0035725,GO:0071705,GO:0089718
BXY_0992600	GO:0005267,GO:0005886,GO:0015271,GO:0016020,GO:0022841,GO:0030322,GO:0071805
BXY_0992700	GO:0004222,GO:0006508,GO:0008233,GO:0071586
BXY_0992800	GO:0005743,GO:0033617
BXY_0992900	GO:0003676,GO:0003723,GO:0003729,GO:0005634,GO:0005829,GO:0006396,GO:0008033,GO:0010494,GO:0045727,GO:1990904
BXY_0993000	GO:0004930,GO:0005886,GO:0007186,GO:0016020,GO:0032870,GO:0042277
BXY_0993100	GO:0000978,GO:0001227,GO:0003700,GO:0005515,GO:0005634,GO:0005737,GO:0006357,GO:0010468,GO:0045165,GO:0048869
BXY_0993200	GO:0005515,GO:0030968
BXY_0993300	GO:0006368,GO:0031491,GO:0035101
BXY_0993500	GO:0005200,GO:0005525,GO:0005874,GO:0007017
BXY_0993800	GO:0000287,GO:0004610,GO:0005975,GO:0006048,GO:0016868
BXY_0993900	GO:0004435,GO:0005085,GO:0005515,GO:0006629,GO:0007165,GO:0007186,GO:0007264,GO:0007265,GO:0008081,GO:0035556,GO:0046488,GO:0048015,GO:0051209
BXY_0994100	GO:0003677,GO:0005669,GO:0006351,GO:0006352,GO:0006367,GO:0016251
BXY_0994200	GO:0005737,GO:0005829,GO:0016020,GO:0035627,GO:0120009,GO:0120013,GO:1902387,GO:1902388
BXY_0994300	GO:0003723,GO:0005515,GO:0005730,GO:0032040,GO:0042254,GO:0045943,GO:2000234
BXY_0994400	GO:0005515,GO:0007015,GO:0015629,GO:0051015
BXY_0994500	GO:0000994,GO:0005634,GO:0016480
BXY_0994700	GO:0001755,GO:0005515,GO:0005886,GO:0007411,GO:0030215,GO:0030335,GO:0045499,GO:0050919,GO:0071526
BXY_0994800	GO:0000166,GO:0002161,GO:0004812,GO:0004822,GO:0005524,GO:0005739,GO:0006418,GO:0006428,GO:0032543
BXY_0995000	GO:0005216,GO:0005221,GO:0005222,GO:0005223,GO:0005886,GO:0006811,GO:0016020,GO:0017071,GO:0030553,GO:0044877,GO:0055085,GO:0098655
BXY_0995200	GO:0000978,GO:0003700,GO:0004879,GO:0005634,GO:0006355,GO:0006357,GO:0008270,GO:0043565
BXY_0995300	GO:0000333,GO:0000723,GO:0003677,GO:0003720,GO:0003721,GO:0007004,GO:0042162,GO:0070034
BXY_0995400	GO:0003743,GO:0005737,GO:0005852
BXY_0995500	GO:0000118,GO:0000122,GO:0000785,GO:0003714,GO:0006355,GO:0070822
BXY_0995700	GO:0001727,GO:0001729,GO:0006665,GO:0006672,GO:0016301,GO:0016310
BXY_0995800	GO:0005794,GO:0005975,GO:0006486,GO:0006688,GO:0008378,GO:0016757,GO:0033207,GO:0033842,GO:0070085
BXY_0995900	GO:0005794,GO:0030008
BXY_0996000	GO:0000245,GO:0004843,GO:0006397,GO:0008270,GO:0016579
BXY_0996100	GO:0004672,GO:0004713,GO:0005515,GO:0005524,GO:0006468
BXY_0996300	GO:0006777,GO:1990133
BXY_0996400	GO:0004672,GO:0004713,GO:0005515,GO:0005524,GO:0006468
BXY_0996600	GO:0005515
BXY_0996700	GO:0005524,GO:0005754,GO:0015986,GO:0032559,GO:0043531,GO:0045259,GO:0045261,GO:0046034,GO:0046933,GO:1902600
BXY_0996800	GO:0005886,GO:0006812,GO:0006814,GO:0006885,GO:0015297,GO:0015385,GO:0015386,GO:0016020,GO:0051453,GO:0055085,GO:0071805,GO:0098719,GO:1902600
BXY_0997000	GO:0005524,GO:0015421,GO:0015833,GO:0016020,GO:0016887,GO:0055085,GO:0140359,GO:1904680
BXY_0997200	GO:0003676,GO:0003723,GO:0003729,GO:0005634,GO:0048024
BXY_0997300	GO:0000146,GO:0003774,GO:0005524,GO:0005737,GO:0005886,GO:0007015,GO:0015629,GO:0016020,GO:0016459,GO:0030048,GO:0030139,GO:0051015
BXY_0997400	GO:0005243,GO:0005886,GO:0005921
BXY_0997500	GO:0005515,GO:0005886,GO:0008270,GO:0099536
BXY_0997600	GO:0008893
BXY_0997800	GO:0004672,GO:0005524,GO:0006468
BXY_0998000	GO:0004222,GO:0006508,GO:0008237,GO:0008270
BXY_0998100	GO:0005243,GO:0005886,GO:0005921
BXY_0998300	GO:0006508,GO:0008234
BXY_0998400	GO:0005869
BXY_0998600	GO:0004438,GO:0005737,GO:0016020,GO:0016311,GO:0046856,GO:0052629
BXY_0998700	GO:0000266,GO:0005741,GO:0090149
BXY_0998800	GO:0004402,GO:0005634,GO:0006325,GO:0016747,GO:0031509,GO:0042393
BXY_0998900	GO:0005765,GO:0005789,GO:0008289,GO:0031902,GO:0099044,GO:0140284
BXY_0999000	GO:0000184,GO:0000339,GO:0003723,GO:0003729,GO:0005515,GO:0005634,GO:0005845,GO:0005846,GO:0006406,GO:0016070
BXY_0999100	GO:0003735,GO:0005739
BXY_0999300	GO:0000149,GO:0006886,GO:0006888,GO:0008270,GO:0030127,GO:0070971,GO:0090110
BXY_0999400	GO:0005085,GO:0005515,GO:0005737,GO:0007411,GO:0019898
BXY_0999500	GO:0005085,GO:0005737,GO:0007411,GO:0019898,GO:0035556
BXY_0999600	GO:0005272,GO:0005886,GO:0006814,GO:0015280,GO:0016020,GO:0035725
BXY_0999700	GO:0005515,GO:0007015,GO:0015629,GO:0051015
BXY_0999800	GO:0004181,GO:0005615,GO:0006508,GO:0008270
BXY_1000100	GO:0003676,GO:0003723
BXY_1000200	GO:0005509,GO:0007156,GO:0007275,GO:0008013,GO:0016020,GO:0016342,GO:0016477,GO:0045296,GO:0098609,GO:0098742
BXY_1000300	GO:0005509,GO:0005886,GO:0005911,GO:0007155,GO:0007156,GO:0016020,GO:0098609
BXY_1000400	GO:0004672,GO:0004713,GO:0005524,GO:0006468
BXY_1000500	GO:0033179,GO:0046961,GO:1902600
BXY_1000600	GO:0000028,GO:0003723,GO:0003735,GO:0005840,GO:0006412,GO:0015935,GO:0022627
BXY_1000800	GO:0008202,GO:0016491
BXY_1000900	GO:0008202,GO:0016491
BXY_1001100	GO:0003924,GO:0005525
BXY_1001200	GO:0000309,GO:0003824,GO:0004515,GO:0009058,GO:0009435,GO:0016779
BXY_1001300	GO:0003779,GO:0030036
BXY_1001400	GO:0001653,GO:0004016,GO:0004383,GO:0004672,GO:0005524,GO:0005886,GO:0006182,GO:0006468,GO:0007168,GO:0009190,GO:0016020,GO:0016849,GO:0035556
BXY_1001500	GO:0005515
BXY_1001700	GO:0005524,GO:0005634,GO:0007131,GO:0015616,GO:0045003
BXY_1001800	GO:0005789,GO:0006506,GO:0016020,GO:0016740,GO:0051377
BXY_1001900	GO:0005885,GO:0015629,GO:0030833,GO:0034314
BXY_1002000	GO:0006378,GO:0016779,GO:0031123,GO:1990817
BXY_1002100	GO:0000287,GO:0004672,GO:0004674,GO:0005524,GO:0006468,GO:0035556
BXY_1002200	GO:0003676,GO:0015074
BXY_1002300	GO:0005515,GO:0005737,GO:0007015,GO:0014069,GO:0015629,GO:0019722,GO:0030425,GO:0031175,GO:0051015
BXY_1002400	GO:0004114,GO:0007165,GO:0008081
BXY_1002500	GO:0004114,GO:0005515,GO:0007165,GO:0008081
BXY_1002600	GO:0004252,GO:0005829,GO:0006508,GO:0008236,GO:0008240
BXY_1003700	GO:0005615,GO:0008289
BXY_1003800	GO:0005929
BXY_1004200	GO:0005811,GO:0016616
BXY_1004300	GO:0004672,GO:0005524,GO:0006468
BXY_1004500	GO:0005811,GO:0016616
BXY_1004800	GO:0000166,GO:0004812,GO:0004831,GO:0005524,GO:0005737,GO:0006418,GO:0006437
BXY_1005200	GO:0005778,GO:0016559
BXY_1005400	GO:0005515
BXY_1005500	GO:0004364,GO:0006749
BXY_1005600	GO:0000049,GO:0002939,GO:0005634,GO:0009019
BXY_1005700	GO:0000139,GO:0006493,GO:0009101,GO:0016020,GO:0016757,GO:0016758
BXY_1005900	GO:0000139,GO:0006493,GO:0009101,GO:0016020,GO:0016757,GO:0016758
BXY_1006000	GO:0004499,GO:0050660,GO:0050661
BXY_1006100	GO:0004499,GO:0050660,GO:0050661
BXY_1006200	GO:0016409
BXY_1006300	GO:0005576,GO:0008061
BXY_1006700	GO:0008080
BXY_1006800	GO:0008080
BXY_1007100	GO:0003700,GO:0006355,GO:0043565
BXY_1007200	GO:0000463,GO:0005515,GO:0006364,GO:0030687,GO:0042254,GO:0043021,GO:0070545
BXY_1007300	GO:0005515,GO:0005886,GO:0007165
BXY_1007500	GO:0004672,GO:0004713,GO:0004714,GO:0005524,GO:0005886,GO:0006468,GO:0007169,GO:0007275,GO:0008284,GO:0009925,GO:0022008,GO:0033674,GO:0043066,GO:0043235
BXY_1007900	GO:0000422,GO:0005741
BXY_1008000	GO:0005765
BXY_1008100	GO:0005432,GO:0006816,GO:0007154,GO:0015491,GO:0016020,GO:0030001,GO:0030424,GO:0035725,GO:0042383,GO:0055085,GO:0098703,GO:0098794
BXY_1008300	GO:0000146,GO:0003774,GO:0005524,GO:0005737,GO:0007015,GO:0015629,GO:0016020,GO:0016459,GO:0051015
BXY_1008500	GO:0004497,GO:0005506,GO:0005737,GO:0006082,GO:0006805,GO:0016705,GO:0016712,GO:0020037,GO:0043231
BXY_1008600	GO:0005886,GO:0008519,GO:0016020,GO:0072488,GO:0097272
BXY_1008700	GO:0004867
BXY_1008800	GO:0004656,GO:0005506,GO:0005783,GO:0016705,GO:0018401,GO:0031418
BXY_1008900	GO:0004867
BXY_1009000	GO:0016311,GO:0016791
BXY_1009100	GO:0006629,GO:0016788
BXY_1009400	GO:0004672,GO:0004674,GO:0005524,GO:0005737,GO:0005856,GO:0006468,GO:0018107,GO:0031032
BXY_1009500	GO:0016020
BXY_1010000	GO:0000139,GO:0006493,GO:0009101,GO:0016020,GO:0016757,GO:0016758
BXY_1010200	GO:0000139,GO:0006493,GO:0009101,GO:0016020,GO:0016757,GO:0016758
BXY_1010300	GO:0016020,GO:0016757
BXY_1010400	GO:0004553,GO:0004566,GO:0005615,GO:0005975,GO:0019391,GO:0030246
BXY_1010500	GO:0006355,GO:0043565
BXY_1010600	GO:0004553,GO:0004568,GO:0005576,GO:0005975,GO:0006032,GO:0008061
BXY_1011000	GO:0016020
BXY_1011300	GO:0003676,GO:0003724,GO:0005524
BXY_1011700	GO:0016020,GO:0022857,GO:0055085
BXY_1011800	GO:0004090
BXY_1012000	GO:0000146,GO:0003774,GO:0005515,GO:0005524,GO:0005737,GO:0007015,GO:0015629,GO:0016020,GO:0016459,GO:0051015
BXY_1012300	GO:0005509,GO:0060170,GO:0098797,GO:1903569
BXY_1012400	GO:0005576,GO:0030570,GO:0045490
BXY_1012700	GO:0005179,GO:0005576,GO:0005615,GO:0005737,GO:0007186
BXY_1012800	GO:0003723,GO:0005047,GO:0005786,GO:0006614,GO:0008312,GO:0030942
BXY_1013200	GO:0004930,GO:0007186,GO:0016020
BXY_1013300	GO:0004930,GO:0007186,GO:0016020
BXY_1013400	GO:0004930,GO:0007186,GO:0016020
BXY_1013500	GO:0004930,GO:0007186,GO:0016020
BXY_1013700	GO:0000900,GO:0003676,GO:0003723,GO:0003730,GO:0005634,GO:0005737,GO:0006417,GO:0008135,GO:0043005,GO:0043022,GO:0045182,GO:0045202,GO:1990124,GO:2000766
BXY_1013900	GO:0009986
BXY_1014000	GO:0003677,GO:0006355
BXY_1014200	GO:0004222,GO:0005886,GO:0006508,GO:0008237,GO:0016485
BXY_1014300	GO:0004222,GO:0005886,GO:0006508,GO:0008237,GO:0016485
BXY_1014400	GO:0004222,GO:0005886,GO:0006508,GO:0008237,GO:0016485
BXY_1014500	GO:0003824,GO:0004451,GO:0019752
BXY_1014600	GO:0004222,GO:0005886,GO:0006508,GO:0008237,GO:0016485
BXY_1014700	GO:0004222,GO:0005886,GO:0006508,GO:0008237,GO:0016485
BXY_1014800	GO:0004222,GO:0005886,GO:0006508,GO:0008237,GO:0016485
BXY_1015300	GO:0004222,GO:0005886,GO:0006508,GO:0008237,GO:0016485
BXY_1015400	GO:0000271,GO:0016020
BXY_1015500	GO:0005576,GO:0030570,GO:0045490
BXY_1015700	GO:0000723,GO:0003678,GO:0006281
BXY_1015800	GO:0005515,GO:0042800,GO:0048188
BXY_1015900	GO:0003743,GO:0003924,GO:0005525,GO:0005737,GO:0005739,GO:0006413
BXY_1016000	GO:0000281,GO:0000915,GO:0005826,GO:0031106
BXY_1016200	GO:0005515,GO:0031398
BXY_1016500	GO:0006511
BXY_1016600	GO:0004382,GO:0005794,GO:0006256,GO:0009134,GO:0016020,GO:0016787,GO:0017110,GO:0017111,GO:0045134,GO:0046036
BXY_1016700	GO:0005769,GO:0007032,GO:0008333,GO:0035091,GO:0046872
BXY_1017000	GO:0004222,GO:0006508,GO:0006509,GO:0008237
BXY_1017300	GO:0004672,GO:0004707,GO:0005524,GO:0006468
BXY_1017500	GO:0005515,GO:0101031
BXY_1017600	GO:0005509,GO:0016787
BXY_1017700	GO:0000139
BXY_1017800	GO:0005515
BXY_1018400	GO:0000978,GO:0000981,GO:0005634,GO:0006357,GO:0046983
BXY_1018500	GO:0005737,GO:0015031
BXY_1018600	GO:0005313,GO:0005886,GO:0015175,GO:0015293,GO:0015501,GO:0015813,GO:0016020
BXY_1018700	GO:0005313,GO:0005886,GO:0015175,GO:0015293,GO:0015501,GO:0015813,GO:0016020
BXY_1018900	GO:0004842,GO:0005634,GO:0033503,GO:0046872,GO:0061630
BXY_1019200	GO:0004438,GO:0005737,GO:0016311,GO:0046856,GO:0106018
BXY_1019600	GO:0004930,GO:0007186,GO:0016020
BXY_1019800	GO:0004888,GO:0005216,GO:0005230,GO:0006811,GO:0016020,GO:0034220
BXY_1020900	GO:0005509,GO:0005544,GO:0005789,GO:0006869,GO:0008289,GO:0008429,GO:0031210,GO:0035091,GO:0061817
BXY_1021000	GO:0007165,GO:0045087
BXY_1021100	GO:0007165,GO:0045087
BXY_1021500	GO:0007165,GO:0045087
BXY_1021600	GO:0005634,GO:0005737,GO:0008307,GO:0030018,GO:0030036,GO:0042805,GO:0045214,GO:0060537
BXY_1021900	GO:0000398,GO:0005515,GO:0017070,GO:0030621,GO:0046540
BXY_1022100	GO:0005730
BXY_1022300	GO:0001664,GO:0002031,GO:0005737,GO:0007165
BXY_1022400	GO:0000978,GO:0000981,GO:0005634,GO:0006357
BXY_1022500	GO:0005886,GO:0008270
BXY_1023100	GO:0004092,GO:0005777,GO:0016746,GO:0019254
BXY_1023300	GO:0016747
BXY_1023600	GO:0005509
BXY_1023900	GO:0004672,GO:0004674,GO:0005524,GO:0005737,GO:0006468
BXY_1024000	GO:0004553,GO:0004563,GO:0005764,GO:0005975,GO:0006689,GO:0016020,GO:0030203
BXY_1024100	GO:0004553,GO:0004563,GO:0005764,GO:0005975,GO:0006689,GO:0016020,GO:0030203
BXY_1024400	GO:0003676,GO:0003724,GO:0005524,GO:0005829
BXY_1024500	GO:0003676,GO:0005524
BXY_1025300	GO:0006465,GO:0016020,GO:0033619,GO:0042500,GO:0098553,GO:0098554
BXY_1025400	GO:0016791
BXY_1025500	GO:0004185,GO:0006508
BXY_1025700	GO:0004364,GO:0006749
BXY_1025900	GO:0003824,GO:0005739,GO:0008111,GO:0008206
BXY_1026000	GO:0000166,GO:0005391,GO:0005886,GO:0006883,GO:0019829,GO:0030007,GO:0036376,GO:1902600,GO:1990573
BXY_1026100	GO:0000166,GO:0005391,GO:0005886,GO:0006883,GO:0019829,GO:0030007,GO:0036376,GO:1902600,GO:1990573
BXY_1026500	GO:0005576
BXY_1026700	GO:0005515
BXY_1026800	GO:0002119,GO:0003723,GO:0004821,GO:0005524,GO:0005737,GO:0005739,GO:0005829,GO:0006427,GO:0032543
BXY_1026900	GO:0004888,GO:0005216,GO:0005230,GO:0006811,GO:0016020,GO:0034220
BXY_1027200	GO:0005254
BXY_1027700	GO:0016020
BXY_1027800	GO:0003676,GO:0003723
BXY_1027900	GO:0004888,GO:0007606,GO:0016020
BXY_1028000	GO:0009653
BXY_1028100	GO:0006812,GO:0008324,GO:0016020,GO:0055085
BXY_1028300	GO:0030014
BXY_1028400	GO:0000439,GO:0001671,GO:0003690,GO:0005675,GO:0006289,GO:0070816
BXY_1028500	GO:0004984,GO:0050907
BXY_1028700	GO:0004984,GO:0050907
BXY_1029300	GO:0005515
BXY_1029400	GO:0005886,GO:0008381,GO:0016020
BXY_1029800	GO:0004672,GO:0005524,GO:0006468
BXY_1030000	GO:0006355,GO:0031213,GO:0042393,GO:0045892
BXY_1030100	GO:0000291,GO:0000932,GO:0003676,GO:0003697,GO:0003727,GO:0005665,GO:0006351,GO:0006352,GO:0006367,GO:0031369,GO:0045948,GO:0060213
BXY_1030200	GO:0004190,GO:0005764,GO:0006508,GO:0008219
BXY_1030500	GO:0007606,GO:0016020
BXY_1031100	GO:0003676,GO:0003723,GO:0005515
BXY_1031300	GO:0000413,GO:0003755,GO:0005737,GO:0005739,GO:0006457,GO:0016018,GO:0043231
BXY_1031400	GO:0003924,GO:0005525,GO:0007264
BXY_1031500	GO:0009986
BXY_1032600	GO:0005506,GO:0008610
BXY_1032800	GO:0005739,GO:0005743,GO:0033617,GO:0051082
BXY_1033300	GO:0008194
BXY_1033400	GO:0016020,GO:0072657
BXY_1033500	GO:0000104,GO:0005749,GO:0006099,GO:0006121,GO:0008177,GO:0009055,GO:0016491,GO:0016627,GO:0022900,GO:0050660,GO:0160308
BXY_1034000	GO:0030424,GO:0042048,GO:0043025,GO:1990834
BXY_1034100	GO:0004867,GO:0005576,GO:0030414
BXY_1034200	GO:0003676,GO:0003723,GO:0003729,GO:0005847,GO:0098789
BXY_1034500	GO:0000381,GO:0003676,GO:0003723,GO:0003729,GO:0005681
BXY_1034600	GO:0005634
BXY_1034900	GO:0005634,GO:0006355
BXY_1035000	GO:0005634,GO:0006355
BXY_1035100	GO:0006270,GO:0007095,GO:0033314
BXY_1035300	GO:0001731,GO:0002188,GO:0003729,GO:0003743,GO:0006413
BXY_1035400	GO:0000166,GO:0003723,GO:0004812,GO:0004815,GO:0005524,GO:0005737,GO:0005829,GO:0006418,GO:0006422,GO:0017101
BXY_1035600	GO:0005886,GO:0006833,GO:0015250,GO:0015254,GO:0015267,GO:0015793,GO:0016020,GO:0016323,GO:0055085
BXY_1035700	GO:0003723,GO:0008380,GO:0030532
BXY_1035800	GO:0005634,GO:0005737,GO:0009408,GO:0042026,GO:0051082
BXY_1035900	GO:0003865,GO:0006629,GO:0006694,GO:0016491,GO:0016627
BXY_1036000	GO:0004725,GO:0006470,GO:0016311
BXY_1036200	GO:0005515,GO:0005789,GO:0036503
BXY_1036300	GO:0003723,GO:0003735,GO:0005840,GO:0006412
BXY_1036400	GO:0007165,GO:0045087
BXY_1036500	GO:0000712,GO:0033557
BXY_1036600	GO:0004029,GO:0005737,GO:0006081,GO:0016491
BXY_1036700	GO:0004029,GO:0005737,GO:0006081,GO:0016491
BXY_1036900	GO:0004029,GO:0005737,GO:0006081,GO:0016491
BXY_1037000	GO:0005634,GO:0032021,GO:0034244,GO:0045892
BXY_1037100	GO:0006750,GO:0017109,GO:0030234,GO:0035226,GO:0035229
BXY_1037200	GO:0004672,GO:0005524,GO:0006468
BXY_1037300	GO:0005684,GO:0034247,GO:0046872
BXY_1037500	GO:0001508,GO:0005216,GO:0005249,GO:0005251,GO:0006811,GO:0006813,GO:0008076,GO:0016020,GO:0051260,GO:0055085,GO:0071805
BXY_1038000	GO:0004152,GO:0005737,GO:0005743,GO:0006207,GO:0009220,GO:0016020,GO:0016627
BXY_1038100	GO:0003676,GO:0003723,GO:0005515
BXY_1038200	GO:0000381
BXY_1038300	GO:0004364,GO:0004602,GO:0005739,GO:0005777,GO:0006749,GO:0016491
BXY_1038400	GO:0003993,GO:0016787,GO:0046872
BXY_1038500	GO:0004588,GO:0004590,GO:0006207,GO:0006221,GO:0006222,GO:0019856,GO:0044205
BXY_1038700	GO:0005739,GO:0008654,GO:0016020,GO:0016780,GO:0032049,GO:0043337,GO:0046474
BXY_1038800	GO:0000398,GO:0005681
BXY_1039200	GO:0000226,GO:0004672,GO:0004674,GO:0005524,GO:0005737,GO:0006468,GO:0035556,GO:0050321
BXY_1039400	GO:0043531
BXY_1039500	GO:0006511,GO:0031625
BXY_1039700	GO:0003714,GO:0005515,GO:0005634,GO:0005667,GO:0006355,GO:0090090
BXY_1040000	GO:0003676,GO:0003724,GO:0005524,GO:0005829
BXY_1040100	GO:0005739,GO:0006412
BXY_1040200	GO:0003924,GO:0005525
BXY_1040500	GO:0005509,GO:0005515,GO:0005518,GO:0005615,GO:0048856,GO:0050840
BXY_1040600	GO:0012505,GO:0016787
BXY_1040700	GO:0005739,GO:0016410,GO:0047961
BXY_1040800	GO:0005739,GO:0016410,GO:0047961
BXY_1040900	GO:0005764,GO:0005773,GO:0007040,GO:0016020,GO:0051453
BXY_1041000	GO:0004190,GO:0006508
BXY_1041300	GO:0004802,GO:0030976
BXY_1041400	GO:0003682,GO:0005515,GO:0048188
BXY_1041600	GO:0004753,GO:0005737,GO:0019878
BXY_1042000	GO:0001653,GO:0004016,GO:0004383,GO:0004672,GO:0005524,GO:0005886,GO:0006182,GO:0006468,GO:0007168
BXY_1042400	GO:0000287,GO:0003984,GO:0005948,GO:0009097,GO:0009099,GO:0030976,GO:0050660
BXY_1042500	GO:0004222,GO:0006508,GO:0008237,GO:0008270
BXY_1042800	GO:0004497,GO:0005506,GO:0016705,GO:0020037
BXY_1042900	GO:0004888,GO:0007606,GO:0016020
BXY_1043000	GO:0004888,GO:0007606,GO:0016020
BXY_1043100	GO:0004222,GO:0006508,GO:0008237,GO:0008270
BXY_1043200	GO:0005524,GO:0006457,GO:0016887,GO:0051082,GO:0140662
BXY_1043300	GO:0000350,GO:0005681,GO:0005682,GO:0008380,GO:0046540,GO:0071021
BXY_1043800	GO:0004672,GO:0005524,GO:0006468
BXY_1043900	GO:0004415,GO:0005975,GO:0030214
BXY_1044200	GO:0005524,GO:0016020,GO:0016887,GO:0042626,GO:0055085,GO:0140359
BXY_1044300	GO:0005524,GO:0016020,GO:0016887,GO:0042626,GO:0055085,GO:0140359
BXY_1044400	GO:0008270
BXY_1044500	GO:0005515
BXY_1044700	GO:0005515
BXY_1044800	GO:0006596
BXY_1045100	GO:0003677,GO:0008270,GO:0035064,GO:0045893,GO:0048188
BXY_1045200	GO:0004843,GO:0005515,GO:0005634,GO:0005829,GO:0016579,GO:0031647
BXY_1045300	GO:0000976,GO:0003677,GO:0005634,GO:0006357
BXY_1045400	GO:0000123,GO:0003713,GO:0004402,GO:0005667,GO:0006355,GO:0016573,GO:0031490,GO:0045944,GO:0046872
BXY_1045900	GO:0004222,GO:0006508,GO:0008237
BXY_1046100	GO:0003723,GO:0005515
BXY_1046400	GO:0005515,GO:0031430,GO:0045214
BXY_1046600	GO:0005886,GO:0007156,GO:0007411,GO:0030424,GO:0070593,GO:0098632
BXY_1046800	GO:0008270
BXY_1047000	GO:0000278,GO:0003677,GO:0003887,GO:0005634,GO:0006260,GO:0006272,GO:0006281,GO:0006287,GO:0006297,GO:0008270,GO:0008310,GO:0008622,GO:0045004
BXY_1047200	GO:0000278,GO:0003677,GO:0003887,GO:0005524,GO:0006260,GO:0006272,GO:0006281,GO:0006287,GO:0006297,GO:0008310,GO:0008622,GO:0016020,GO:0045004
BXY_1047300	GO:0000398,GO:0000956,GO:0003723,GO:0005688,GO:0005689,GO:0071004,GO:0071013,GO:0097526,GO:1990726,GO:1990904
BXY_1047400	GO:0003677,GO:0008270
BXY_1047500	GO:0005765,GO:0022857,GO:0055085
BXY_1047600	GO:0004656,GO:0005506,GO:0005515,GO:0005783,GO:0016705,GO:0018401,GO:0031418
BXY_1047700	GO:0003796
BXY_1047800	GO:0003937,GO:0004643,GO:0005829,GO:0006164,GO:0006189
BXY_1047900	GO:0004252,GO:0006508,GO:0008236
BXY_1048000	GO:0004252,GO:0006508,GO:0008236
BXY_1048200	GO:0005634
BXY_1048300	GO:0004722,GO:0016787
BXY_1048400	GO:0004930,GO:0007186,GO:0016020
BXY_1048800	GO:0005634,GO:0006338,GO:0016274,GO:0018216,GO:0019919,GO:0034969,GO:0042054
BXY_1048900	GO:0005615,GO:0005737,GO:0006508,GO:0008237,GO:0008270,GO:0016020,GO:0042277,GO:0043171,GO:0070006
BXY_1049200	GO:0003676,GO:0004527,GO:0005634,GO:0006364,GO:0008408
BXY_1049300	GO:0003676
BXY_1049800	GO:0009101
BXY_1049900	GO:0003735,GO:0005840,GO:0006412,GO:0015935
BXY_1050000	GO:0001671,GO:0008198,GO:0032781
BXY_1050200	GO:0003676,GO:0003723,GO:0008270,GO:0046872,GO:0098789
BXY_1050300	GO:0003824,GO:0005739,GO:0006412,GO:0030956,GO:0032543,GO:0050567,GO:0070681
BXY_1050400	GO:0003824
BXY_1050500	GO:0005737,GO:0016491
BXY_1050600	GO:0005515
BXY_1050700	GO:0003677,GO:0003899,GO:0006351,GO:0032549
BXY_1050800	GO:0000812,GO:0005524,GO:0006338,GO:0016887,GO:0042393,GO:0043486
BXY_1051000	GO:0005515,GO:0043005
BXY_1051400	GO:0005783,GO:0016791,GO:0043812,GO:0046856
BXY_1051700	GO:0000932,GO:0003729,GO:0031087,GO:0033962
BXY_1051800	GO:0008380,GO:0071011
BXY_1051900	GO:0009058,GO:0016740
BXY_1052100	GO:0005332,GO:0005886,GO:0006865,GO:0016020,GO:0035725,GO:0043005,GO:0071705
BXY_1052500	GO:0006508,GO:0008234
BXY_1052700	GO:0003677
BXY_1052800	GO:0000978,GO:0000981,GO:0001228,GO:0005634,GO:0006357,GO:0016602,GO:0046982
BXY_1052900	GO:0005784,GO:0006886
BXY_1053000	GO:0003723,GO:0003735,GO:0022627
BXY_1053100	GO:0000077,GO:0006281,GO:0030896
BXY_1053300	GO:0003712,GO:0003713,GO:0006357,GO:0008134,GO:0016592,GO:0045944
BXY_1053400	GO:0000978,GO:0001228,GO:0003700,GO:0005634,GO:0006357
BXY_1053900	GO:0004053,GO:0005634,GO:0005737,GO:0005829,GO:0006525,GO:0016813,GO:0019547,GO:0030145,GO:0046872
BXY_1054200	GO:0006508,GO:0008234
BXY_1054300	GO:0005975,GO:0008810
BXY_1054400	GO:0005515
BXY_1054500	GO:0003723,GO:0031533,GO:0106005
BXY_1054600	GO:0003743,GO:0005515,GO:0005737,GO:0005852,GO:0008233,GO:0008237
BXY_1055700	GO:0006508,GO:0008239,GO:0070008
BXY_1055900	GO:0000785,GO:0000978,GO:0000981,GO:0006357,GO:0016055,GO:0060070,GO:1990907
BXY_1056000	GO:0003676,GO:0003723,GO:0003730,GO:0005829,GO:0010494,GO:0045727
BXY_1056300	GO:0004672,GO:0005524,GO:0006468
BXY_1056400	GO:0008376,GO:0030206,GO:0032580,GO:0047238
BXY_1056500	GO:0005783,GO:0006487,GO:0006488,GO:0106073
BXY_1056600	GO:0005243,GO:0005886,GO:0005921
BXY_1056700	GO:0005243,GO:0005886,GO:0005921
BXY_1056800	GO:0003723,GO:0043484,GO:0046872
BXY_1056900	GO:0005515
BXY_1057000	GO:0043005
BXY_1057100	GO:0005783
BXY_1057500	GO:0003924,GO:0005525,GO:0005829,GO:0042256,GO:0043022,GO:1990904
BXY_1057600	GO:0000978,GO:0003700,GO:0006355,GO:0008270,GO:0043565
BXY_1057700	GO:0000978,GO:0003700,GO:0006355,GO:0008270,GO:0043565
BXY_1057800	GO:0000139,GO:0004252,GO:0005802,GO:0006508,GO:0008236,GO:0016020,GO:0016485
BXY_1058100	GO:0003723,GO:0003743,GO:0005852,GO:0006413,GO:0031369
BXY_1058200	GO:0004411,GO:0005737,GO:0006559,GO:0006570
BXY_1058400	GO:0005516,GO:0005886,GO:0007268,GO:0016081,GO:0016082,GO:0017075,GO:0019992,GO:0030672,GO:0031594,GO:0035249,GO:0042734,GO:0043195,GO:0061789,GO:0098831,GO:0099525
BXY_1058500	GO:0005509,GO:0005516,GO:0005543,GO:0005886,GO:0007268,GO:0016081,GO:0016082,GO:0017075,GO:0019992,GO:0030672,GO:0031594,GO:0035249,GO:0042734,GO:0043195,GO:0061789,GO:0098831,GO:0099525
BXY_1058600	GO:0003676,GO:0003723,GO:0005634
BXY_1058800	GO:0003677,GO:0005634,GO:0006357
BXY_1059200	GO:0006631,GO:0031956
BXY_1059600	GO:0003723,GO:0006400
BXY_1059700	GO:0005515,GO:0005868,GO:0007018,GO:0010970,GO:0045503,GO:0045504
BXY_1059800	GO:0000055,GO:0005730,GO:0042273
BXY_1060100	GO:0005739,GO:0016491,GO:0045329
BXY_1060200	GO:0005109,GO:0005515,GO:0005829,GO:0016055,GO:0035556,GO:0060070
BXY_1060300	GO:0005198,GO:0005515,GO:0031080,GO:0034198,GO:0035859,GO:1904263
BXY_1060400	GO:0000166,GO:0006352,GO:0030880
BXY_1060700	GO:0009986
BXY_1060900	GO:0005886,GO:0006833,GO:0015250,GO:0015254,GO:0015267,GO:0015793,GO:0016020,GO:0016323,GO:0055085
BXY_1061000	GO:0005737,GO:0005739,GO:0016407,GO:0016746,GO:0031405
BXY_1061200	GO:0016405
BXY_1061300	GO:0016405
BXY_1061400	GO:0016405
BXY_1061700	GO:0046982
BXY_1062000	GO:0007015,GO:0015629,GO:0051015
BXY_1062300	GO:0005515,GO:0007015,GO:0015629,GO:0051015
BXY_1063500	GO:0000978,GO:0003677,GO:0003700,GO:0004879,GO:0006355,GO:0008270,GO:0043565
BXY_1063600	GO:0042302
BXY_1063700	GO:0004984,GO:0050907
BXY_1064000	GO:0006508,GO:0008239,GO:0070008
BXY_1064200	GO:0016491
BXY_1064400	GO:0005515,GO:0098609
BXY_1064500	GO:0004725,GO:0005515,GO:0006470,GO:0016311
BXY_1064600	GO:0008194
BXY_1064700	GO:0005886,GO:0006644,GO:0007165,GO:0008195,GO:0016020,GO:0046839
BXY_1064900	GO:0005432,GO:0006812,GO:0006874,GO:0008324,GO:0016020,GO:0055085
BXY_1065000	GO:0004190,GO:0006508
BXY_1065100	GO:0004190,GO:0006508
BXY_1065200	GO:0016746,GO:0016747
BXY_1065300	GO:0016746,GO:0016747
BXY_1065400	GO:0016746,GO:0016747
BXY_1065800	GO:0015149,GO:0015749,GO:0016020,GO:0022857,GO:0055085
BXY_1066100	GO:0005741,GO:0010506,GO:0043231,GO:0051537
BXY_1066200	GO:0008194
BXY_1067200	GO:0004672,GO:0004713,GO:0005524,GO:0006468
BXY_1067400	GO:0003677,GO:0008270
BXY_1067500	GO:0004364,GO:0006749
BXY_1067600	GO:0004672,GO:0004713,GO:0005515,GO:0005524,GO:0006468
BXY_1067700	GO:0005783,GO:0030497
BXY_1067800	GO:0005332,GO:0005886,GO:0006865,GO:0016020,GO:0035725,GO:0043005,GO:0071705
BXY_1068000	GO:0005861,GO:0006936
BXY_1068100	GO:0004867,GO:0007155,GO:0031012
BXY_1068300	GO:0003730,GO:0005515
BXY_1068600	GO:0005515,GO:0005774,GO:0034198,GO:0035591,GO:0035859,GO:1904263
BXY_1068700	GO:0005634,GO:0005829,GO:0008757,GO:0030735,GO:0035498
BXY_1068900	GO:0004435,GO:0005515,GO:0006629,GO:0007165,GO:0008081,GO:0010634,GO:0032587,GO:0035556,GO:0046488,GO:0048015,GO:0051209
BXY_1069100	GO:0004888,GO:0004930,GO:0007186,GO:0007606,GO:0016020
BXY_1069200	GO:0000978,GO:0000981,GO:0003677,GO:0006355,GO:0006357,GO:0048856
BXY_1070000	GO:0004930,GO:0007186,GO:0016020
BXY_1070100	GO:0016020,GO:0050909
BXY_1070400	GO:0005267,GO:0005886,GO:0015271,GO:0016020,GO:0022841,GO:0030322,GO:0071805
BXY_1070700	GO:0005515
BXY_1070800	GO:0046982
BXY_1070900	GO:0000956,GO:0003723,GO:0005524,GO:0006139,GO:0006207,GO:0006221,GO:0016776,GO:0019205
BXY_1071000	GO:0007606,GO:0016020
BXY_1071100	GO:0051726
BXY_1071600	GO:0007606,GO:0016020
BXY_1071700	GO:0003950,GO:0005730,GO:0006302,GO:0070212,GO:1990404
BXY_1072400	GO:0006629
BXY_1072700	GO:0008237
BXY_1072900	GO:0016405
BXY_1073200	GO:0031929,GO:0031932,GO:0038203,GO:0043539,GO:0051897
BXY_1073300	GO:0003712,GO:0005634,GO:0030018
BXY_1073400	GO:0003824,GO:0004775,GO:0005524,GO:0005739,GO:0006099,GO:0006104,GO:0042709,GO:0046872
BXY_1073600	GO:0008194
BXY_1073700	GO:0008194
BXY_1073800	GO:0016020,GO:0050909
BXY_1074000	GO:0004190,GO:0006508
BXY_1074200	GO:0003824,GO:0004301,GO:0016803,GO:0097176
BXY_1074400	GO:0004672,GO:0004713,GO:0005524,GO:0006468
BXY_1074500	GO:0001508,GO:0005216,GO:0005249,GO:0005251,GO:0005515,GO:0006811,GO:0006813,GO:0008076,GO:0016020,GO:0051260,GO:0055085,GO:0071805
BXY_1074700	GO:0005509,GO:0006851,GO:0036444,GO:0051560,GO:1990246
BXY_1074900	GO:0005509,GO:0006851,GO:0036444,GO:0051560,GO:1990246
BXY_1075000	GO:0016020
BXY_1075300	GO:0019202
BXY_1075500	GO:0000977,GO:0000981,GO:0003677,GO:0006355,GO:0006357
BXY_1075600	GO:0005085,GO:0032008,GO:0060090
BXY_1075900	GO:0005730,GO:0005737,GO:0008168,GO:0008988,GO:0031167
BXY_1076000	GO:0005524,GO:0016887
BXY_1076200	GO:0005737,GO:0006508,GO:0008235,GO:0008239
BXY_1077000	GO:0005739,GO:0046872
BXY_1077100	GO:0005739,GO:0008535,GO:0042775
BXY_1077200	GO:0005524,GO:0006457,GO:0009408,GO:0030544,GO:0031072,GO:0051082
BXY_1077700	GO:0005515
BXY_1077800	GO:0015144,GO:0016020,GO:0034219
BXY_1077900	GO:0004672,GO:0005524,GO:0006468
BXY_1078300	GO:0000166,GO:0003676,GO:0003677,GO:0003887,GO:0006260
BXY_1078600	GO:0000175,GO:0003824,GO:0005515
BXY_1078700	GO:0004725,GO:0006470,GO:0016311
BXY_1079100	GO:0016311,GO:0016791
BXY_1079300	GO:0003676,GO:0015074
BXY_1079600	GO:0004161,GO:0004337,GO:0004659,GO:0005737,GO:0008299,GO:0016765,GO:0045337
BXY_1079700	GO:0004792,GO:0005739,GO:0016783
BXY_1079800	GO:0000978,GO:0000981,GO:0003677,GO:0005634,GO:0006355,GO:0006357,GO:0030154
BXY_1080100	GO:0000978,GO:0003677,GO:0003700,GO:0004879,GO:0006355,GO:0008270,GO:0043565
BXY_1080500	GO:0005634
BXY_1080800	GO:0005886,GO:0006810,GO:0010960,GO:0022857
BXY_1080900	GO:0003924,GO:0005525
BXY_1081000	GO:0004190,GO:0006508
BXY_1081400	GO:0005730,GO:0016435,GO:0070476
BXY_1081500	GO:0005515,GO:0005680,GO:0010997,GO:0031145,GO:0097027,GO:1904668,GO:1905786,GO:1990757
BXY_1081800	GO:0006357
BXY_1081900	GO:0006357
BXY_1082000	GO:0009986
BXY_1082100	GO:0004623,GO:0006644,GO:0050482
BXY_1082600	GO:0000978,GO:0003700,GO:0006355,GO:0008270,GO:0043565
BXY_1083000	GO:0004869
BXY_1083200	GO:0005272,GO:0005886,GO:0006814,GO:0015280,GO:0016020,GO:0035725
BXY_1083400	GO:0005096,GO:0007165
BXY_1083700	GO:0005737,GO:0006006,GO:0080048
BXY_1083800	GO:0005515
BXY_1083900	GO:0004719,GO:0005737,GO:0036211
BXY_1084000	GO:0005515,GO:0030515,GO:0032040,GO:0034511
BXY_1084800	GO:0015144,GO:0016020,GO:0034219
BXY_1085200	GO:0006508
BXY_1085400	GO:0003677
BXY_1085700	GO:0004672,GO:0005524,GO:0006468
BXY_1085800	GO:0003723,GO:0005737,GO:0035145,GO:1903259
BXY_1085900	GO:0016197,GO:0031083
BXY_1086000	GO:0000712,GO:0003676,GO:0003678,GO:0005524,GO:0005634
BXY_1087300	GO:0005452,GO:0005886,GO:0006820,GO:0016020,GO:0016323,GO:0022857,GO:0050801,GO:0055085
BXY_1087500	GO:0042302
BXY_1088100	GO:0008194
BXY_1088200	GO:0008194
BXY_1088300	GO:0008194
BXY_1088400	GO:0008194
BXY_1088500	GO:0008194
BXY_1088600	GO:0008194
BXY_1089000	GO:0005515
BXY_1089500	GO:0003676
BXY_1089900	GO:0004888,GO:0004930,GO:0005886,GO:0007166,GO:0007186,GO:0016020
BXY_1090300	GO:0005886,GO:0006644,GO:0007165,GO:0008195,GO:0016020,GO:0046839
BXY_1090500	GO:0005911,GO:0016020,GO:0098609
BXY_1090600	GO:0005576,GO:0030570,GO:0045490
BXY_1090700	GO:0000978,GO:0000981,GO:0003700,GO:0005634,GO:0006355,GO:0006357
BXY_1090900	GO:0004930,GO:0007186,GO:0008194,GO:0016020
BXY_1091100	GO:0000978,GO:0003700,GO:0006355,GO:0008270,GO:0043565
BXY_1091200	GO:0000978,GO:0003700,GO:0006355,GO:0008270,GO:0043565
BXY_1091300	GO:0000978,GO:0003700,GO:0005634,GO:0006355,GO:0006357,GO:0008270,GO:0043565
BXY_1091400	GO:0008194
BXY_1091600	GO:0005730,GO:0030692,GO:0032040,GO:0042254
BXY_1091700	GO:0033617
BXY_1091900	GO:0001096,GO:0003677,GO:0005634,GO:0005674,GO:0006367,GO:0016251,GO:0032968
BXY_1092200	GO:0001096,GO:0003677,GO:0005634,GO:0005674,GO:0006367,GO:0016251,GO:0032968
BXY_1092500	GO:0010181,GO:0016491
BXY_1092700	GO:0005739,GO:0006400,GO:0008033,GO:0052381
BXY_1092900	GO:0005634,GO:0005666,GO:0006351,GO:0042797
BXY_1093200	GO:0005078,GO:0005515,GO:0005737,GO:0007254,GO:0008432,GO:0046328
BXY_1093300	GO:0004190,GO:0005764,GO:0006508,GO:0008219
BXY_1093400	GO:0004190,GO:0006508
BXY_1093600	GO:0004383,GO:0006182,GO:0008074,GO:0009190,GO:0019934,GO:0020037,GO:0035556,GO:0070482
BXY_1093700	GO:0005272,GO:0005886,GO:0006814,GO:0015280,GO:0016020,GO:0035725
BXY_1094200	GO:0000166,GO:0003676,GO:0003677,GO:0003887,GO:0006260
BXY_1095000	GO:0005471,GO:0005743,GO:0055085,GO:0140021,GO:1901029,GO:1990544
BXY_1095200	GO:0004090
BXY_1095400	GO:0003676,GO:0003723
BXY_1095700	GO:0003676,GO:0003723
BXY_1095800	GO:0042302
BXY_1096000	GO:0016020,GO:0016746,GO:0030258
BXY_1096100	GO:0005524,GO:0016887
BXY_1096200	GO:0000209,GO:0004842,GO:0005634,GO:0005737,GO:0008270,GO:0034450,GO:0043130,GO:0090263
BXY_1096300	GO:0003676,GO:0003723,GO:0005634
BXY_1096400	GO:0005267,GO:0005886,GO:0015271,GO:0016020,GO:0022841,GO:0030322,GO:0071805
BXY_1096500	GO:0005769,GO:0006886,GO:0032456,GO:0035091
BXY_1096600	GO:0016020
BXY_1096900	GO:0000786,GO:0003677,GO:0030527,GO:0046982
BXY_1097000	GO:0005765,GO:0006821,GO:0015108,GO:0016020,GO:0043231,GO:0055085
BXY_1097100	GO:0072546
BXY_1097200	GO:0003725,GO:0004860,GO:0005730,GO:0006469,GO:0019901
BXY_1097300	GO:0005739
BXY_1097400	GO:0003713,GO:0005634,GO:0008195,GO:0009062,GO:0019432,GO:0032869,GO:0044255,GO:0045944
BXY_1097700	GO:0005886,GO:0016020
BXY_1097900	GO:0005525
BXY_1098000	GO:0000977,GO:0000981,GO:0006355,GO:0046983
BXY_1098200	GO:0000973,GO:0003690,GO:0003723,GO:0006368,GO:0016973,GO:0070390
BXY_1098300	GO:0003677,GO:0003723,GO:0005730,GO:0042273,GO:0042274
BXY_1098400	GO:0008053
BXY_1098500	GO:0005789,GO:0005886,GO:0033149,GO:0061817,GO:0090158
BXY_1098600	GO:0006508,GO:0008234
BXY_1098800	GO:0000139,GO:0005789,GO:0022857,GO:0046963,GO:0046964,GO:0055085
BXY_1098900	GO:0005737,GO:0042732,GO:0048040,GO:0070403
BXY_1099000	GO:0003723,GO:0005634,GO:0006364
BXY_1099100	GO:0000049,GO:0000166,GO:0004812,GO:0004825,GO:0005524,GO:0005829,GO:0006418,GO:0006431,GO:0017101
BXY_1099300	GO:0003990,GO:0004104,GO:0005615,GO:0005886,GO:0006581,GO:0019695,GO:0052689
BXY_1099400	GO:0005198,GO:0005515,GO:0006888,GO:0006890,GO:0006891,GO:0030126
BXY_1099500	GO:0005680,GO:0031145,GO:0045842,GO:0070979
BXY_1099600	GO:0003723,GO:0003729,GO:0003730,GO:0005634,GO:0005737,GO:0010608
BXY_1099700	GO:0005739,GO:0050220
BXY_1099800	GO:0005874,GO:0019799,GO:0071929
BXY_1099900	GO:0005515,GO:0005930,GO:0030992,GO:0036064,GO:0042073
BXY_1100000	GO:0003735,GO:0005730,GO:0005840,GO:0006412,GO:0022627,GO:0070181
BXY_1100100	GO:0003676,GO:0008270,GO:0030687,GO:0042273
BXY_1100400	GO:0003729,GO:0003735,GO:0005762,GO:0005840,GO:0006412
BXY_1100600	GO:0005096,GO:0006886,GO:0090630
BXY_1100700	GO:0000978,GO:0000981,GO:0003700,GO:0005634,GO:0006355,GO:0006357,GO:0030968
BXY_1100800	GO:0006888
BXY_1100900	GO:0004571,GO:0005509,GO:0005783,GO:0005975,GO:0016020,GO:1904382
BXY_1101000	GO:0006487,GO:0008250,GO:0016020
BXY_1101100	GO:0000151,GO:0005515,GO:0031624,GO:0032182,GO:0045116,GO:0097602
BXY_1101200	GO:0046982
BXY_1101500	GO:0004672,GO:0005524,GO:0006468
BXY_1101600	GO:0004521
BXY_1101800	GO:0016020
BXY_1101900	GO:0009986
BXY_1102000	GO:0005654,GO:0061630
BXY_1102100	GO:0005515,GO:0005770,GO:0006623,GO:0006886,GO:0009267,GO:0016192,GO:0016236,GO:0030897,GO:0034058
BXY_1102200	GO:0000149,GO:0000323,GO:0005768,GO:0035493
BXY_1102300	GO:0050211
BXY_1102400	GO:0004559,GO:0005764,GO:0005975,GO:0006013,GO:0030246
BXY_1102700	GO:0004843,GO:0016579
BXY_1102800	GO:0001676,GO:0004467,GO:0005324,GO:0005789,GO:0005886,GO:0015245,GO:0044539
BXY_1102900	GO:0005509,GO:0005886,GO:0007219,GO:0007411,GO:0009986,GO:0043235
BXY_1103200	GO:0005829,GO:0005886,GO:0008289,GO:0015248,GO:0016020,GO:0032934,GO:0097038
BXY_1103300	GO:0005524,GO:0008094
BXY_1103400	GO:0005741,GO:0006886
BXY_1103500	GO:0003676,GO:0005739,GO:0006390,GO:0043231,GO:0061668
BXY_1103600	GO:0003997,GO:0005504,GO:0005777,GO:0006631,GO:0006635,GO:0016627,GO:0033540,GO:0050660,GO:0055088,GO:0071949
BXY_1103800	GO:0000049,GO:0000166,GO:0003676,GO:0004812,GO:0004824,GO:0005524,GO:0005737,GO:0005739,GO:0005829,GO:0006418,GO:0006430,GO:0017101
BXY_1103900	GO:0000460,GO:0000470,GO:0004519,GO:0006364,GO:0030687,GO:0090730
BXY_1104000	GO:0005515,GO:0008270,GO:0061630
BXY_1104200	GO:0007015,GO:0015629,GO:0051015
BXY_1104300	GO:0000463,GO:0003729,GO:0003735,GO:0005840,GO:0006412,GO:0022625
BXY_1104600	GO:0004222,GO:0006508,GO:0008237,GO:0030198,GO:0031012
BXY_1104700	GO:0005515,GO:0007268,GO:0009790,GO:0016323,GO:0019901,GO:0030054,GO:0031594,GO:0043005,GO:0043113,GO:0045197,GO:0097120,GO:0098609,GO:0098839,GO:0099072
BXY_1104800	GO:0005515,GO:0007268,GO:0009790,GO:0016323,GO:0019901,GO:0030054,GO:0031594,GO:0043005,GO:0043113,GO:0045197,GO:0097120,GO:0098609,GO:0098839,GO:0099072
BXY_1105200	GO:0004843,GO:0005737,GO:0006511,GO:0016579
BXY_1105300	GO:0004725,GO:0006470,GO:0016311
BXY_1105500	GO:0009986
BXY_1105600	GO:0000049,GO:0003729,GO:0003743,GO:0005515,GO:0006413,GO:0022627,GO:0043022
BXY_1105800	GO:0005515,GO:0030991,GO:0035721,GO:0060271,GO:0061512,GO:0097730,GO:1905515
BXY_1106000	GO:0000977,GO:0000978,GO:0000981,GO:0005634,GO:0006357,GO:0007224
BXY_1106300	GO:0003735,GO:0005515,GO:0005840,GO:0006412
BXY_1106500	GO:0003676,GO:0004190,GO:0006508,GO:0008270
BXY_1106600	GO:0004222,GO:0006508,GO:0008237
BXY_1106700	GO:0005782,GO:0006637,GO:0009062,GO:0047617
BXY_1107100	GO:0007606,GO:0016020
BXY_1107200	GO:0004653,GO:0005794,GO:0006493
BXY_1107800	GO:0004672,GO:0005524,GO:0006468
BXY_1107900	GO:0016020
BXY_1108000	GO:0003723,GO:0005730,GO:0006396
BXY_1108200	GO:0003824,GO:0004105,GO:0006657,GO:0009058,GO:0031210
BXY_1108300	GO:0008194
BXY_1108600	GO:0004725,GO:0006470,GO:0016311
BXY_1109100	GO:0000977,GO:0000981,GO:0005634,GO:0006357
BXY_1109200	GO:0000159,GO:0003755,GO:0005634,GO:0005737,GO:0007052,GO:0008160,GO:0019211
BXY_1109300	GO:0005783,GO:0008117,GO:0016830,GO:0019752,GO:0030149,GO:0030170
BXY_1109600	GO:0042302,GO:0042329,GO:0060102
BXY_1110100	GO:0004672,GO:0004674,GO:0005524,GO:0006468,GO:0006611,GO:0032147,GO:0043539,GO:1902554
BXY_1110200	GO:0035091,GO:0090389
BXY_1110800	GO:0003747,GO:0006415
BXY_1111000	GO:0004190,GO:0006508
BXY_1111100	GO:0005615,GO:0005737,GO:0006508,GO:0008237,GO:0008270,GO:0016020,GO:0042277,GO:0043171,GO:0070006
BXY_1111200	GO:0000166
BXY_1111900	GO:0005243,GO:0005886,GO:0005921
BXY_1112900	GO:0005615,GO:0030020,GO:0030198,GO:0031012,GO:0062023
BXY_1113000	GO:0006629
BXY_1113800	GO:0008233,GO:0016579,GO:0070646,GO:0101005
BXY_1113900	GO:0005178,GO:0007160,GO:0007229,GO:0030055
BXY_1114100	GO:0005789,GO:0009922,GO:0016020,GO:0019367,GO:0030148,GO:0034625,GO:0034626,GO:0042761
BXY_1114500	GO:0000221,GO:0016471,GO:0016887,GO:0046961,GO:1902600
BXY_1114600	GO:0000124,GO:0005634,GO:0005669,GO:0006352,GO:0006367,GO:0016251,GO:1990841
BXY_1114900	GO:0043066,GO:0050821
BXY_1115000	GO:0003333,GO:0015179,GO:0016020,GO:0022857,GO:0055085
BXY_1115300	GO:0005525,GO:0005730
BXY_1115500	GO:0004842,GO:0005515,GO:0005634,GO:0005737,GO:0034657,GO:0043161,GO:0061630
BXY_1115600	GO:0005789,GO:0005886,GO:0032366,GO:0032934,GO:0120015,GO:0140268
BXY_1115700	GO:0005730,GO:0006364,GO:0032040
BXY_1115800	GO:0005886,GO:0006751,GO:0036374
BXY_1115900	GO:0000146,GO:0003774,GO:0005096,GO:0005515,GO:0005524,GO:0005884,GO:0007165,GO:0016459,GO:0035556,GO:0051015
BXY_1116200	GO:0005515
BXY_1116300	GO:0003723,GO:0003735,GO:0005840,GO:0006412,GO:0022625
BXY_1116400	GO:0001578,GO:0005874,GO:0015631,GO:0032273,GO:0046785
BXY_1116500	GO:0005794,GO:0019904,GO:0051049
BXY_1116700	GO:0005515
BXY_1116800	GO:0005634,GO:0005886,GO:0008013,GO:0019901,GO:0030877,GO:0031625,GO:0032436,GO:0045860,GO:0048468,GO:0060090,GO:0090090
BXY_1116900	GO:0006891,GO:0017119
BXY_1117000	GO:0003746,GO:0005525,GO:0005739,GO:0006414,GO:0070125
BXY_1117200	GO:0005272,GO:0005886,GO:0006814,GO:0015280,GO:0016020,GO:0035725
BXY_1117300	GO:0005886,GO:0006897,GO:0016020,GO:0018996,GO:0030659
BXY_1117500	GO:0005515,GO:0005737
BXY_1117600	GO:0005509,GO:0005783
BXY_1117700	GO:0005789,GO:0008270,GO:0036503
BXY_1118100	GO:0015629,GO:0051015
BXY_1118300	GO:0005634,GO:0005737,GO:0005794,GO:0038203,GO:0048172
BXY_1118400	GO:0004439,GO:0007165,GO:0016020,GO:0016791,GO:0046856
BXY_1118500	GO:0005615,GO:0050178
BXY_1118600	GO:0031177
BXY_1118700	GO:0004402,GO:0005515,GO:0005669,GO:0006366,GO:0016251,GO:0017025,GO:0051123
BXY_1118800	GO:0005515,GO:0005634,GO:0005737,GO:0016567,GO:0019005
BXY_1118900	GO:0004674,GO:0005515,GO:0006974,GO:0016301
BXY_1119000	GO:0004674,GO:0005737,GO:0005856,GO:0018107,GO:0031032
BXY_1119100	GO:0004842,GO:0005515,GO:0005634,GO:0005737,GO:0034657,GO:0043161,GO:0061630
BXY_1119200	GO:0004181,GO:0005615,GO:0006508,GO:0008270
BXY_1119300	GO:0004181,GO:0005615,GO:0006508,GO:0008270
BXY_1119400	GO:0004725,GO:0006470,GO:0016311
BXY_1119700	GO:0005739,GO:0007005,GO:0016020
BXY_1119800	GO:0000287,GO:0005509,GO:0055074
BXY_1119900	GO:0004177,GO:0005739,GO:0006508,GO:0008233,GO:0030145,GO:0070006
BXY_1120100	GO:0004560,GO:0005764,GO:0005975,GO:0006004,GO:0016139
BXY_1120200	GO:0003676,GO:0003723
BXY_1120300	GO:0030424,GO:0042048,GO:0043025,GO:1990834
BXY_1120400	GO:0005743,GO:0045039
BXY_1120500	GO:0003676,GO:0003724,GO:0005524
BXY_1120600	GO:0005515,GO:0005730,GO:0006364,GO:0045943
BXY_1120700	GO:0003676,GO:0003724,GO:0005524,GO:0005829
BXY_1120800	GO:0005635,GO:0006810,GO:0022857,GO:0055085
BXY_1120900	GO:0003676,GO:0003724,GO:0005524,GO:0005829
BXY_1121200	GO:0000978,GO:0000981,GO:0003700,GO:0005634,GO:0006355,GO:0006357
BXY_1121300	GO:0005515
BXY_1121400	GO:0000785,GO:0000978,GO:0000981,GO:0005667,GO:0006357,GO:0046983
BXY_1121500	GO:0000082,GO:0004672,GO:0004674,GO:0005524,GO:0006468,GO:0018105,GO:0035329,GO:0035556,GO:0043065,GO:0046620
BXY_1121700	GO:0004185,GO:0006508
BXY_1121800	GO:0004185,GO:0006508
BXY_1121900	GO:0004185,GO:0006508
BXY_1122000	GO:0004185,GO:0006508
BXY_1122100	GO:0004185,GO:0006508
BXY_1122200	GO:0004185,GO:0006508
BXY_1122400	GO:0000978,GO:0000981,GO:0006357
BXY_1122700	GO:0004672,GO:0005524,GO:0006468
BXY_1122800	GO:0005789,GO:0006487,GO:0006490,GO:0016758,GO:0042281
BXY_1123000	GO:0005737,GO:0006457,GO:0019901,GO:0031072,GO:0050821,GO:0051082,GO:0051087
BXY_1123100	GO:0005743,GO:0005747,GO:0006120,GO:0042773
BXY_1123200	GO:0005750,GO:0006122,GO:0045275
BXY_1123300	GO:0005319,GO:0006689,GO:0006869,GO:0008047,GO:0009898
BXY_1123500	GO:0000978,GO:0000981,GO:0003700,GO:0005667,GO:0006355,GO:0006357,GO:0035329,GO:0048568
BXY_1123700	GO:0016020,GO:0022857,GO:0055085
BXY_1123800	GO:0005096,GO:0090630
BXY_1123900	GO:0004672,GO:0005524,GO:0006468
BXY_1124000	GO:0000978,GO:0000981,GO:0003700,GO:0006355,GO:0006357,GO:0009653,GO:0030154,GO:0043565
BXY_1124200	GO:0006357,GO:0016538
BXY_1124400	GO:0004672,GO:0005524,GO:0006468
BXY_1124500	GO:0005515
BXY_1124600	GO:0004930,GO:0005886,GO:0007186,GO:0016020
BXY_1124700	GO:0000779,GO:0000796,GO:0007076,GO:0010032,GO:0042393
BXY_1124800	GO:0000779,GO:0000796,GO:0007076,GO:0010032,GO:0042393
BXY_1124900	GO:0016747
BXY_1125000	GO:0005524,GO:0016887,GO:0043529,GO:0071816
BXY_1125300	GO:0003676,GO:0015074
BXY_1125700	GO:0016042,GO:0016298,GO:0016787
BXY_1125800	GO:0016042,GO:0016298,GO:0016787
BXY_1125900	GO:0016042,GO:0016298,GO:0016787
BXY_1126000	GO:0006814,GO:0015293,GO:0016020,GO:0022857,GO:0055085
BXY_1126100	GO:0005515
BXY_1126200	GO:0005515,GO:0043022,GO:0045182
BXY_1126300	GO:0004148,GO:0005739,GO:0006090,GO:0006103,GO:0016491,GO:0016668,GO:0045252,GO:0050660
BXY_1126400	GO:0005666,GO:0006352,GO:0006384
BXY_1126500	GO:0016491,GO:0016671
BXY_1126600	GO:0015149,GO:0015749,GO:0016020,GO:0022857,GO:0055085
BXY_1126700	GO:0003712,GO:0005634,GO:0006355
BXY_1126900	GO:0003676,GO:0003723,GO:0003729,GO:0005634,GO:0005737
BXY_1127000	GO:0016020,GO:0072657
BXY_1127200	GO:0003723,GO:0005654,GO:0005739,GO:0005761,GO:0032543
BXY_1127300	GO:0000993,GO:0005694,GO:0006283,GO:0009411
BXY_1127900	GO:0005243,GO:0005886,GO:0005921
BXY_1128000	GO:0004605,GO:0005789,GO:0016020,GO:0016772
BXY_1128100	GO:0055085
BXY_1128300	GO:0005737
BXY_1128400	GO:0004571,GO:0005509,GO:0005975,GO:0016020,GO:1904380,GO:1904382
BXY_1128600	GO:0004672,GO:0004674,GO:0005524,GO:0005634,GO:0005737,GO:0005829,GO:0006468,GO:0007165,GO:0018107,GO:0030154,GO:0030424,GO:0032436,GO:0070507,GO:0090090
BXY_1129700	GO:0004190,GO:0005764,GO:0006508,GO:0008219
BXY_1129800	GO:0004190,GO:0005764,GO:0006508,GO:0008219
BXY_1130100	GO:0005247,GO:0005886,GO:0006821,GO:0015108,GO:0016020,GO:0055085
BXY_1130500	GO:0000139,GO:0004559,GO:0005975,GO:0006013,GO:0006491,GO:0006517,GO:0030246
BXY_1130700	GO:0004373,GO:0005737,GO:0005978
BXY_1131000	GO:0004672,GO:0004674,GO:0005524,GO:0005737,GO:0006468
BXY_1131100	GO:0005509,GO:0005886,GO:0007155,GO:0007156,GO:0016020
BXY_1131400	GO:0005634,GO:0010468
BXY_1131500	GO:0004930,GO:0007186,GO:0016020
BXY_1131700	GO:0003333,GO:0005774,GO:0015179,GO:0016020
BXY_1131900	GO:0004867,GO:0005615
BXY_1132100	GO:0004521
BXY_1132800	GO:0000176,GO:0000177,GO:0000178,GO:0000467,GO:0003723,GO:0034427,GO:0034475,GO:0043928,GO:0071034,GO:0071035,GO:0071038,GO:0071051
BXY_1133000	GO:0000176,GO:0000177,GO:0000178,GO:0000467,GO:0003723,GO:0034427,GO:0034475,GO:0043928,GO:0071034,GO:0071035,GO:0071038,GO:0071051
BXY_1133200	GO:0005783,GO:0005794,GO:0006612,GO:0016409,GO:0018230,GO:0019706
BXY_1133300	GO:0005783,GO:0005789
BXY_1133600	GO:0008289,GO:0035621
BXY_1133700	GO:0005765,GO:0016020,GO:0030660,GO:0033619,GO:0042500,GO:0098553,GO:0098554
BXY_1133800	GO:0005737,GO:0005839,GO:0030163,GO:0051603
BXY_1133900	GO:0005509,GO:0005515,GO:0005886,GO:0006898,GO:0016324,GO:0042562,GO:0043235
BXY_1134000	GO:0005509,GO:0005515,GO:0005886,GO:0006898,GO:0016324,GO:0042562,GO:0043235
BXY_1134100	GO:0002181,GO:0003729,GO:0005829,GO:0046872
BXY_1134300	GO:0016020,GO:0016192
BXY_1134500	GO:0005739,GO:0009055,GO:0033539,GO:0050660
BXY_1134900	GO:0004364,GO:0006749
BXY_1135000	GO:0003676,GO:0003723,GO:0016779,GO:0031123
BXY_1135100	GO:0005615,GO:0005737,GO:0006508,GO:0008237,GO:0008270,GO:0016020,GO:0042277,GO:0043171,GO:0070006
BXY_1135200	GO:0005634,GO:0005886,GO:0008013,GO:0019901,GO:0030877,GO:0031625,GO:0032436,GO:0045860,GO:0048468,GO:0060090,GO:0090090
BXY_1135400	GO:0000977,GO:0000981,GO:0003700,GO:0005634,GO:0006355,GO:0006357,GO:0042127,GO:0048856
BXY_1135600	GO:0005085,GO:0032012
BXY_1135700	GO:0003677
BXY_1135800	GO:0005524,GO:0005737,GO:0005739,GO:0016887
BXY_1136100	GO:0005524,GO:0007018,GO:0008569,GO:0030286,GO:0045505,GO:0051959
BXY_1136200	GO:0015986,GO:0046933
BXY_1136300	GO:0016042,GO:0016298,GO:0016787
BXY_1136400	GO:0004672,GO:0004713,GO:0005524,GO:0006468
BXY_1136600	GO:0004672,GO:0005524,GO:0006468
BXY_1136800	GO:0000981,GO:0005634,GO:0006357,GO:0043565
BXY_1136900	GO:0004482,GO:0005634,GO:0005845,GO:0006370
BXY_1137000	GO:0005634
BXY_1137100	GO:0003978,GO:0005829,GO:0005996,GO:0006012,GO:0033499
BXY_1137200	GO:0003723,GO:0005739,GO:1903108
BXY_1137300	GO:0004368,GO:0005509,GO:0005739,GO:0006072
BXY_1137400	GO:0004888,GO:0005216,GO:0005230,GO:0006811,GO:0016020,GO:0034220
BXY_1137700	GO:0016020,GO:0022857,GO:0055085
BXY_1137900	GO:0055085
BXY_1138100	GO:0003729,GO:0005849,GO:0031124
BXY_1138200	GO:0000413,GO:0003676,GO:0003723,GO:0003755,GO:0005634
BXY_1138600	GO:0000785,GO:0000793,GO:0000796,GO:0003682,GO:0007076
BXY_1139100	GO:0001784
BXY_1139300	GO:0004842,GO:0016567
BXY_1139400	GO:0007018,GO:0008569,GO:0030286,GO:0045505,GO:0051959
BXY_1139600	GO:0005615
BXY_1139800	GO:0003676,GO:0003723,GO:0005515
BXY_1140000	GO:0000139,GO:0007030,GO:0043001
BXY_1140100	GO:0005635,GO:0034993,GO:0043495
BXY_1140400	GO:0005802
BXY_1140500	GO:0000139
BXY_1140600	GO:0004653,GO:0005794,GO:0006493
BXY_1140700	GO:0005739,GO:0009235,GO:0051186
BXY_1141100	GO:0004435,GO:0006629,GO:0007165,GO:0007214,GO:0008081,GO:0032228,GO:0035556,GO:0046488,GO:0048015,GO:0051209
BXY_1141200	GO:0005509,GO:0005886,GO:0007160,GO:0017147,GO:0042813,GO:0060070
BXY_1141700	GO:0012505,GO:0016020
BXY_1141800	GO:0000987,GO:0005634
BXY_1142000	GO:0000978,GO:0000981,GO:0005634,GO:0006357,GO:0046983
BXY_1142100	GO:0005524,GO:0006457,GO:0042026,GO:0140662
BXY_1142200	GO:0005524,GO:0005739,GO:0005759,GO:0006457,GO:0044183,GO:0046872,GO:0051082,GO:0051085,GO:0051087
BXY_1142300	GO:0000786,GO:0003677,GO:0030527,GO:0046982
BXY_1142700	GO:0004382,GO:0005509,GO:0017110,GO:0030166,GO:0045134
BXY_1142800	GO:0005198,GO:0005515,GO:0031080,GO:0034198,GO:0035859,GO:1904263
BXY_1142900	GO:0005634,GO:0006166,GO:0008973,GO:0016868
BXY_1143200	GO:0004672,GO:0004674,GO:0005524,GO:0006468,GO:0018105,GO:0035556
BXY_1143300	GO:0032589,GO:0050808
BXY_1143400	GO:0005515,GO:0005518,GO:0005783,GO:0030199
BXY_1143600	GO:0016020,GO:0140359
BXY_1144000	GO:0000408,GO:0004672,GO:0004674,GO:0005524,GO:0005634,GO:0005829,GO:0006468,GO:0070525
BXY_1144100	GO:0006364,GO:0016740,GO:0030490,GO:0106388
BXY_1144200	GO:0005272,GO:0005886,GO:0006814,GO:0015280,GO:0016020,GO:0035725
BXY_1144300	GO:0005272,GO:0006814,GO:0016020
BXY_1144400	GO:0000049,GO:0002098,GO:0002143,GO:0002144,GO:0005739,GO:0008033,GO:0034227
BXY_1145700	GO:0000271,GO:0016020,GO:0016747
BXY_1145800	GO:0000271,GO:0016020,GO:0016747
BXY_1145900	GO:0000271,GO:0016020,GO:0016747
BXY_1146500	GO:0005901,GO:0060090,GO:0070836
BXY_1146600	GO:0042302
BXY_1146700	GO:0000220,GO:0005886,GO:0007035,GO:0016471,GO:0033179,GO:0046961,GO:0051117,GO:1902600
BXY_1146800	GO:0005929,GO:0060271
BXY_1150200	GO:0005119,GO:0005886,GO:0008158,GO:0045879,GO:0097108
BXY_1150300	GO:0004462,GO:0046872
BXY_1150600	GO:0005783,GO:0006888,GO:0016020,GO:0016192,GO:0042147
BXY_1150900	GO:0005272,GO:0005886,GO:0006814,GO:0015280,GO:0016020,GO:0035725
BXY_1151000	GO:0005272,GO:0005886,GO:0006814,GO:0015280,GO:0016020,GO:0035725
BXY_1151400	GO:0005085,GO:0007264,GO:0043547
BXY_1152200	GO:0005739,GO:0006637,GO:0047617
BXY_1152300	GO:0042302
BXY_1152400	GO:0005739
BXY_1152600	GO:0000149,GO:0006886,GO:0007040,GO:0008021,GO:0008333,GO:0016079,GO:0031083,GO:0032418,GO:0099078,GO:2000300
BXY_1152700	GO:0009653
BXY_1152800	GO:0000981,GO:0003677,GO:0006355
BXY_1153000	GO:0006508,GO:0008234
BXY_1153300	GO:0016787
BXY_1153500	GO:0005634,GO:0016567,GO:0080008
BXY_1153600	GO:0004930,GO:0007186,GO:0016020
BXY_1153700	GO:0005515,GO:0005634,GO:0016567,GO:0080008
BXY_1153800	GO:0005247,GO:0005886,GO:0006821,GO:0015108,GO:0016020,GO:0055085
BXY_1153900	GO:0005247,GO:0005886,GO:0006821,GO:0015108,GO:0016020,GO:0055085
BXY_1154000	GO:0016020,GO:0022857,GO:0055085
BXY_1154100	GO:0008194
BXY_1154300	GO:0008194
BXY_1154400	GO:0016020,GO:0022857,GO:0055085
BXY_1154500	GO:0004364,GO:0006749
BXY_1154600	GO:0016020
BXY_1154700	GO:0016020,GO:0022857,GO:0055085
BXY_1154800	GO:0016020,GO:0022857,GO:0055085
BXY_1155300	GO:0006631,GO:0031956
BXY_1155500	GO:0002142,GO:0005515,GO:0005886,GO:0005929,GO:0032426
BXY_1155700	GO:0005216,GO:0005262,GO:0005515,GO:0005886,GO:0006811,GO:0016020,GO:0055085,GO:0098703
BXY_1155800	GO:0005874,GO:0019799,GO:0071929
BXY_1157000	GO:0006629
BXY_1157400	GO:0005576
BXY_1157800	GO:0005216,GO:0005221,GO:0005222,GO:0005223,GO:0005249,GO:0005886,GO:0006811,GO:0006813,GO:0016020,GO:0017071,GO:0030553,GO:0044877,GO:0055085,GO:0098655
BXY_1157900	GO:0001664,GO:0003924,GO:0005525,GO:0005737,GO:0005834,GO:0007165,GO:0007186,GO:0007188,GO:0019001,GO:0031683
BXY_1158000	GO:0004674,GO:0005524,GO:0006468
BXY_1158400	GO:0042302
BXY_1158600	GO:0042302
BXY_1158800	GO:0004190,GO:0006508
BXY_1159200	GO:0003676,GO:0004523
BXY_1159500	GO:0005216,GO:0005221,GO:0005222,GO:0005223,GO:0005249,GO:0005886,GO:0006811,GO:0006813,GO:0016020,GO:0017071,GO:0030553,GO:0044877,GO:0055085,GO:0098655
BXY_1159700	GO:0046872
BXY_1159900	GO:0004930,GO:0005886,GO:0007186,GO:0016020
BXY_1160000	GO:0004190,GO:0006508
BXY_1160200	GO:0004725,GO:0005634,GO:0005829,GO:0005886,GO:0006470,GO:0008285,GO:0016311,GO:0016314,GO:0016791,GO:0042995,GO:0043491,GO:0046856,GO:0048870,GO:0051896
BXY_1160300	GO:0004601,GO:0006979,GO:0020037
BXY_1161100	GO:0004163,GO:0005524,GO:0005634,GO:0005829,GO:0006457,GO:0016887,GO:0019287
BXY_1161200	GO:0005794,GO:0008375,GO:0009101,GO:0015020,GO:0016020,GO:0016757
BXY_1161300	GO:0002181,GO:0003735,GO:0005840,GO:0006412,GO:0022625
BXY_1161700	GO:0005471,GO:0005740,GO:0005743,GO:0006810,GO:0006839,GO:0015227,GO:0022857,GO:0140021,GO:1902603,GO:1990544
BXY_1161900	GO:0004089,GO:0005737,GO:0008270
BXY_1162500	GO:0005737,GO:0016226,GO:0051536
BXY_1162700	GO:0016791
BXY_1163600	GO:0003700,GO:0006355,GO:0008270,GO:0043565
BXY_1164100	GO:0010181,GO:0016491
BXY_1164400	GO:0005811,GO:0016616
BXY_1164500	GO:0004672,GO:0005524,GO:0006468
BXY_1164700	GO:0005524,GO:0016887
BXY_1165300	GO:0000978,GO:0000981,GO:0003677,GO:0005634,GO:0006357
BXY_1166300	GO:0005765
BXY_1166500	GO:0016020
BXY_1167100	GO:0016020,GO:0022857,GO:0055085
BXY_1167200	GO:0004499,GO:0050660,GO:0050661
BXY_1167300	GO:0046872
BXY_1167400	GO:0003948,GO:0005737,GO:0005764,GO:0006517,GO:0016787
BXY_1167800	GO:0005515,GO:0006355
BXY_1167900	GO:0005484,GO:0006888,GO:0006890
BXY_1168000	GO:0004362,GO:0005739,GO:0005829,GO:0006749,GO:0016491,GO:0016668,GO:0034599,GO:0045454,GO:0050660,GO:0050661
BXY_1168300	GO:0016020,GO:0022857,GO:0055085
BXY_1168500	GO:0005886,GO:0016020
BXY_1168600	GO:0004382,GO:0005509,GO:0017110,GO:0030166,GO:0045134
BXY_1168700	GO:0005375,GO:0016020,GO:0035434
BXY_1168800	GO:0005634
BXY_1168900	GO:0005515
BXY_1169000	GO:0016020
BXY_1169100	GO:0004672,GO:0005524,GO:0006468
BXY_1169300	GO:0005886
BXY_1169500	GO:0004767,GO:0005615,GO:0005764,GO:0006685,GO:0008081,GO:0016787,GO:0046513,GO:0061750
BXY_1169600	GO:0005267,GO:0005886,GO:0015271,GO:0016020,GO:0022841,GO:0030322,GO:0071805
BXY_1170000	GO:0000786,GO:0003677,GO:0006334,GO:0030527
BXY_1170200	GO:0005524,GO:0016887
BXY_1170400	GO:0005507,GO:0010038
BXY_1170500	GO:0005515,GO:0033565,GO:0035091,GO:0043130,GO:0043328
BXY_1170600	GO:0008146
BXY_1170700	GO:0003735,GO:0005840,GO:0006412
BXY_1170800	GO:0000221,GO:0005765,GO:0046961,GO:1902600
BXY_1170900	GO:0000209,GO:0006513,GO:0046872,GO:0061630
BXY_1171000	GO:0003735,GO:0005840,GO:0006412
BXY_1171200	GO:0004672,GO:0005524,GO:0006468
BXY_1171300	GO:0010960
BXY_1171400	GO:0004672,GO:0005524,GO:0006468
BXY_1171500	GO:0012505,GO:0016020
BXY_1171600	GO:0012505,GO:0016020
BXY_1171700	GO:0005515
BXY_1171800	GO:0003735,GO:0005763,GO:0005840,GO:0006412,GO:0015935
BXY_1171900	GO:0009897,GO:0016020,GO:0030177,GO:0038023
BXY_1172300	GO:0003688,GO:0003690,GO:0003697,GO:0006270,GO:0043596
BXY_1172400	GO:0003688,GO:0003690,GO:0003697,GO:0005634,GO:0006260,GO:0006270,GO:0043596
BXY_1172500	GO:0003676,GO:0005524
BXY_1172600	GO:0016491
BXY_1172800	GO:0005272,GO:0005886,GO:0006814,GO:0015280,GO:0016020,GO:0035725
BXY_1173000	GO:0004142,GO:0004307,GO:0005789,GO:0005794,GO:0006646,GO:0008654,GO:0016020,GO:0016780
BXY_1173100	GO:0003677,GO:0003689,GO:0005524,GO:0005634,GO:0005663,GO:0006260,GO:0006261,GO:0006281,GO:0016887
BXY_1173200	GO:0005886,GO:0006580,GO:0006629,GO:0006644,GO:0008081,GO:0008889,GO:0070291
BXY_1173500	GO:0005524,GO:0006298,GO:0016887,GO:0030983,GO:0032300,GO:0032389,GO:0140664
BXY_1173700	GO:0000110,GO:0000715,GO:0003684,GO:0006284,GO:0006289,GO:0070914,GO:1901255
BXY_1173800	GO:0000815,GO:0005771,GO:0006900,GO:0007034,GO:0032511
BXY_1173900	GO:0003735,GO:0005840,GO:0006412,GO:0019843
BXY_1174000	GO:0003730,GO:0003960,GO:0005829,GO:0008270,GO:0016491,GO:0070402
BXY_1174700	GO:0016020,GO:0022857,GO:0055085
BXY_1175200	GO:0005254,GO:0005886,GO:0046983,GO:1902476
BXY_1175600	GO:0004222,GO:0005886,GO:0006508,GO:0008237,GO:0016485
BXY_1176000	GO:0004888,GO:0005216,GO:0005230,GO:0006811,GO:0016020,GO:0034220
BXY_1176100	GO:0017171
BXY_1176200	GO:0035869,GO:1905515
BXY_1176400	GO:0003676,GO:0004527,GO:0005634
BXY_1176500	GO:0003676,GO:0004527,GO:0005634
BXY_1176600	GO:0005737,GO:0008168,GO:0016279
BXY_1176700	GO:0004672,GO:0004713,GO:0005524,GO:0006468
BXY_1176900	GO:0005515,GO:0005681,GO:0005737,GO:0045292
BXY_1177000	GO:0000030,GO:0005783,GO:0006486,GO:0052925
BXY_1177100	GO:0004144,GO:0005789,GO:0006629,GO:0008374,GO:0019432
BXY_1178300	GO:0000271,GO:0016020,GO:0016747
BXY_1178600	GO:0003676,GO:0006139,GO:0008408
BXY_1179000	GO:0004672,GO:0005524,GO:0006468
BXY_1179100	GO:0000139,GO:0006493,GO:0009101,GO:0016020,GO:0016757,GO:0016758
BXY_1179200	GO:0005739,GO:0008453,GO:0009436,GO:0019481,GO:0030170
BXY_1179300	GO:0000786,GO:0003677,GO:0030527,GO:0046982
BXY_1179600	GO:0005739,GO:0008260,GO:0008410,GO:0046950,GO:0046952
BXY_1179700	GO:0004222,GO:0005886,GO:0006508,GO:0006509,GO:0007219,GO:0008237
BXY_1179800	GO:0003824,GO:0004364,GO:0005737,GO:0005739,GO:0006559,GO:0006749,GO:0009072,GO:0016034
BXY_1179900	GO:0003824,GO:0004364,GO:0005737,GO:0005739,GO:0006559,GO:0006749,GO:0009072,GO:0016034
BXY_1180100	GO:0004672,GO:0005524,GO:0006468
BXY_1180300	GO:0004672,GO:0005524,GO:0006468
BXY_1180500	GO:0005385,GO:0005886,GO:0016020,GO:0030001,GO:0046873,GO:0055085,GO:0071577
BXY_1180700	GO:0016020,GO:0022857,GO:0055085
BXY_1180900	GO:0005515
BXY_1181000	GO:0005814,GO:0036064,GO:0060271,GO:0090162,GO:0097539
BXY_1181400	GO:0004222,GO:0006508,GO:0008237,GO:0008270
BXY_1181800	GO:0012505,GO:0140284
BXY_1181900	GO:0006357,GO:0016538
BXY_1182100	GO:0003333,GO:0015179,GO:0016020,GO:0022857,GO:0055085
BXY_1182200	GO:0003924,GO:0005525
BXY_1182600	GO:0000166,GO:0005215,GO:0005388,GO:0005524,GO:0006816,GO:0016020,GO:0016887
BXY_1182800	GO:0015144,GO:0016020,GO:0034219
BXY_1182900	GO:0000978,GO:0000981,GO:0003700,GO:0005634,GO:0006355,GO:0006357,GO:0043565
BXY_1183000	GO:0007606,GO:0016020
BXY_1183200	GO:0007606,GO:0016020
BXY_1183600	GO:0004888,GO:0005216,GO:0005230,GO:0006811,GO:0016020,GO:0022848,GO:0034220,GO:0045211
BXY_1183700	GO:0005515,GO:0030036,GO:0051015
BXY_1184000	GO:0000166,GO:0003676,GO:0003677,GO:0003887,GO:0006260
BXY_1185200	GO:0004930,GO:0007186,GO:0016020
BXY_1185400	GO:0004553,GO:0005737,GO:0006517,GO:0033925
BXY_1185700	GO:0005750,GO:0006122,GO:0045275
BXY_1185800	GO:0005737,GO:0032981
BXY_1186000	GO:0000977,GO:0000981,GO:0003677,GO:0005634,GO:0006355,GO:0006357,GO:0030182
BXY_1186300	GO:0003824,GO:0005739,GO:0016836
BXY_1186400	GO:0005524,GO:0005743,GO:0015421,GO:0016020,GO:0016887,GO:0055085,GO:0090374,GO:0140359
BXY_1186700	GO:0004867,GO:0005515,GO:0005886
BXY_1186800	GO:0005886,GO:0006833,GO:0015250,GO:0015254,GO:0015267,GO:0015793,GO:0016020,GO:0055085
BXY_1187100	GO:0001508,GO:0005216,GO:0005249,GO:0005251,GO:0006811,GO:0006813,GO:0008076,GO:0016020,GO:0051260,GO:0055085,GO:0071805
BXY_1187200	GO:0005515
BXY_1187600	GO:0006281,GO:0008967,GO:0016311
BXY_1187700	GO:0016491,GO:0016614,GO:0050660
BXY_1187900	GO:0006486
BXY_1188000	GO:0004190,GO:0005764,GO:0006508,GO:0008219
BXY_1188200	GO:0004190,GO:0006508
BXY_1188300	GO:0004190,GO:0005764,GO:0006508,GO:0008219
BXY_1188400	GO:0000978,GO:0003700,GO:0005634,GO:0006355,GO:0006357,GO:0008270,GO:0043565
BXY_1188500	GO:0000978,GO:0003700,GO:0005634,GO:0006355,GO:0006357,GO:0008270,GO:0043565
BXY_1188600	GO:0000978,GO:0003700,GO:0005634,GO:0006355,GO:0006357,GO:0008270,GO:0043565
BXY_1188700	GO:0004497,GO:0005506,GO:0005737,GO:0006082,GO:0006805,GO:0016705,GO:0016712,GO:0020037,GO:0043231
BXY_1188800	GO:0000978,GO:0003700,GO:0005634,GO:0006355,GO:0006357,GO:0008270,GO:0043565
BXY_1188900	GO:0000978,GO:0003700,GO:0005634,GO:0006355,GO:0006357,GO:0008270,GO:0043565
BXY_1189000	GO:0000978,GO:0003700,GO:0005634,GO:0006355,GO:0006357,GO:0008270,GO:0043565
BXY_1189100	GO:0000166,GO:0000278,GO:0003676,GO:0003677,GO:0003887,GO:0006260,GO:0006272,GO:0006281,GO:0006287,GO:0006297,GO:0008310,GO:0008622,GO:0045004
BXY_1189300	GO:0005730,GO:0005737,GO:0006364,GO:0030515,GO:0030688
BXY_1189400	GO:0005787,GO:0006465,GO:0016020,GO:0045047
BXY_1189500	GO:0004452,GO:0005737,GO:0008299,GO:0009240
BXY_1189600	GO:0004222,GO:0005886,GO:0006508,GO:0008237,GO:0016485
BXY_1189900	GO:0000785,GO:0003677,GO:0005634,GO:0006338,GO:0010468,GO:0032452
BXY_1190100	GO:0009058
BXY_1190200	GO:0016491
BXY_1190300	GO:0000228,GO:0006338
BXY_1190400	GO:0016491
BXY_1190500	GO:0003723,GO:0048255,GO:1990817
BXY_1190700	GO:0004672,GO:0004674,GO:0005524,GO:0005737,GO:0006468
BXY_1190800	GO:0005892,GO:0016020
BXY_1191100	GO:0005886,GO:0016020,GO:0035725,GO:0071705
BXY_1191300	GO:0004930,GO:0005886,GO:0007186,GO:0007218,GO:0008188,GO:0016020
BXY_1191500	GO:0004888,GO:0007606,GO:0016020
BXY_1191600	GO:0004197,GO:0006508,GO:0006624,GO:0008233,GO:0051603
BXY_1191700	GO:0031462
BXY_1192000	GO:0016020,GO:0016757
BXY_1192100	GO:0016020,GO:0016757
BXY_1192300	GO:0008237
BXY_1192500	GO:0007165,GO:0045087
BXY_1192600	GO:0016020
BXY_1192700	GO:0008270
BXY_1192800	GO:0004930,GO:0005509,GO:0007156,GO:0016020
BXY_1193000	GO:0004415,GO:0005975,GO:0030214
BXY_1193200	GO:0000978,GO:0000981,GO:0003700,GO:0006355,GO:0006357,GO:0009653,GO:0030154,GO:0043565
BXY_1193400	GO:0000723,GO:0003678,GO:0006281
BXY_1193600	GO:0003824,GO:0004479,GO:0005829,GO:0009058,GO:0071951
BXY_1193700	GO:0000785,GO:0005634,GO:0006338,GO:0006355,GO:0010468,GO:0032452,GO:0034647
BXY_1194300	GO:0003676,GO:0015074
BXY_1194400	GO:0005524,GO:0016020
BXY_1194500	GO:0009986
BXY_1194700	GO:0000977,GO:0000981,GO:0005634,GO:0006357,GO:0030182
BXY_1194900	GO:0000127,GO:0005515,GO:0006383
BXY_1195000	GO:0005515,GO:0005635,GO:0006997,GO:0007010,GO:0007097,GO:0019894,GO:0048471
BXY_1195100	GO:0004197,GO:0006508,GO:0006624,GO:0008233,GO:0051603
BXY_1195200	GO:0004197,GO:0006508,GO:0006624,GO:0008233,GO:0051603
BXY_1195300	GO:0004197,GO:0006508,GO:0006624,GO:0008233,GO:0051603
BXY_1195400	GO:0009986
BXY_1195500	GO:0004197,GO:0006508,GO:0006624,GO:0008233,GO:0051603
BXY_1196000	GO:0003676,GO:0005524
BXY_1196100	GO:0003723,GO:0003735,GO:0005840,GO:0006412,GO:0022625
BXY_1196800	GO:0000723,GO:0003678,GO:0006281
BXY_1197000	GO:0005524,GO:0005743,GO:0015421,GO:0016020,GO:0016887,GO:0055085,GO:0090374,GO:0140359
BXY_1197200	GO:0005615,GO:0005737,GO:0006508,GO:0008270,GO:0016020,GO:0042277,GO:0043171,GO:0070006
BXY_1197800	GO:0004888,GO:0005216,GO:0005230,GO:0006811,GO:0016020,GO:0034220
BXY_1198600	GO:0005739,GO:0016836
BXY_1198700	GO:0005515,GO:0005737
BXY_1199800	GO:0007018,GO:0030286,GO:0045505,GO:0051959
BXY_1200000	GO:0004222,GO:0006508
BXY_1200200	GO:0005515,GO:0005912,GO:0009790,GO:0014069,GO:0016323,GO:0019901,GO:0030054,GO:0043113,GO:0045197,GO:0045211,GO:0097120,GO:0098609,GO:0098887,GO:0098968
BXY_1200800	GO:0004797,GO:0005524
BXY_1200900	GO:0008270
BXY_1201000	GO:0006629
BXY_1201200	GO:0003723,GO:0005515,GO:0005730,GO:0006396
BXY_1201500	GO:0004190,GO:0006508
BXY_1201700	GO:0036066,GO:0046922
BXY_1201800	GO:0016020,GO:0016042,GO:0016298,GO:0016787,GO:0022857,GO:0055085
BXY_1201900	GO:0016020,GO:0016757
BXY_1202000	GO:0003676
BXY_1202100	GO:0003700,GO:0005634,GO:0006355,GO:0045893
BXY_1202300	GO:0009101,GO:0016757
BXY_1202400	GO:0003676,GO:0015074
BXY_1202500	GO:0005219,GO:0005790,GO:0006816,GO:0006941,GO:0014808,GO:0030018,GO:0033017,GO:0034704,GO:0042383
BXY_1202800	GO:0003924,GO:0005525
BXY_1203100	GO:0042302
BXY_1203400	GO:0005666,GO:0006383
BXY_1203600	GO:0003676,GO:0003723,GO:0003729,GO:0005737,GO:0006417
BXY_1203900	GO:0003724,GO:0005829
BXY_1204300	GO:0000278,GO:0003677,GO:0003887,GO:0005634,GO:0006260,GO:0006272,GO:0006281,GO:0006287,GO:0006297,GO:0008270,GO:0008310,GO:0008622,GO:0045004
BXY_1204600	GO:0004222,GO:0006508,GO:0008237
BXY_1204700	GO:0005524,GO:0015421,GO:0016020,GO:0016887,GO:0055085,GO:0140359
BXY_1204800	GO:0004559,GO:0004571,GO:0005509,GO:0005783,GO:0005975,GO:0016020,GO:1904380,GO:1904382
BXY_1205000	GO:0004930,GO:0005886,GO:0007186,GO:0008188,GO:0016020,GO:0042923,GO:0043005
BXY_1205100	GO:0005886,GO:0016020,GO:0051180,GO:0055085,GO:0090482
BXY_1205500	GO:0005515,GO:0005886,GO:0006898,GO:0016324,GO:0042562,GO:0043235
BXY_1205600	GO:0005856,GO:0031032
BXY_1205800	GO:0003676,GO:0003723,GO:0003735,GO:0005840,GO:0006412
BXY_1206000	GO:0003723,GO:0003729,GO:0003743,GO:0005515,GO:0016281
BXY_1206500	GO:0003677,GO:0003899,GO:0006351,GO:0032549
BXY_1206800	GO:0006355,GO:0043565
BXY_1206900	GO:0003676
BXY_1207000	GO:0005886,GO:0016308,GO:0046488,GO:0046854,GO:0052742
BXY_1207200	GO:0004725,GO:0006470,GO:0016311
BXY_1207500	GO:0005524,GO:0016887
BXY_1207700	GO:0003824,GO:0004105,GO:0006657,GO:0009058,GO:0031210
BXY_1207900	GO:0004722,GO:0005634,GO:0005737,GO:0016787
BXY_1208100	GO:0098609
BXY_1208200	GO:0003676,GO:0015074
BXY_1208600	GO:0005515
BXY_1208800	GO:0022857
BXY_1208900	GO:0005524,GO:0016020,GO:0016887,GO:0042626,GO:0055085,GO:0140359
BXY_1209400	GO:0002181,GO:0003735,GO:0005840,GO:0006414,GO:0022625,GO:0030295,GO:0043021
BXY_1209500	GO:0003735,GO:0005840,GO:0006412,GO:0015934,GO:0022625
BXY_1209600	GO:0002181,GO:0003735,GO:0005840,GO:0006414,GO:0022625,GO:0030295,GO:0043021
BXY_1209900	GO:0001018,GO:0003677,GO:0003899,GO:0006351,GO:0006390,GO:0034245
BXY_1210300	GO:0005737,GO:0019187
BXY_1210400	GO:0005515
BXY_1210700	GO:0001664,GO:0003924,GO:0005525,GO:0005737,GO:0005834,GO:0007165,GO:0007186,GO:0007188,GO:0019001,GO:0031683
BXY_1210800	GO:0005243,GO:0005886,GO:0005921
BXY_1210900	GO:0005243,GO:0005886,GO:0005921
BXY_1211000	GO:0005515,GO:0005615,GO:0017147,GO:0035567,GO:0060070
BXY_1211200	GO:0004930,GO:0005886,GO:0007186,GO:0016020,GO:0032870,GO:0042277
BXY_1211400	GO:0000271,GO:0016020,GO:0016747
BXY_1211900	GO:0016491,GO:0046592
BXY_1212100	GO:0005366,GO:0015798,GO:0016020,GO:0016324,GO:0022857,GO:0055085
BXY_1212200	GO:0001193,GO:0003676,GO:0003899,GO:0005665,GO:0006283,GO:0006351,GO:0006367,GO:0008270
BXY_1212300	GO:0005085,GO:0032008,GO:0060090
BXY_1212400	GO:0008194
BXY_1212600	GO:0004360,GO:0006002,GO:0006047,GO:0006487,GO:0097367,GO:1901135,GO:1901137
BXY_1212900	GO:0016020,GO:0022857,GO:0055085
BXY_1213200	GO:0046872
BXY_1213300	GO:0005576,GO:0008061
BXY_1213400	GO:0004888,GO:0005615,GO:0007166,GO:0016020,GO:0017147,GO:0035567,GO:0060070
BXY_1213600	GO:0004190,GO:0006508
BXY_1213700	GO:0003676,GO:0015074
BXY_1214100	GO:0004499,GO:0050660,GO:0050661
BXY_1214300	GO:0004656,GO:0005783,GO:0018401
BXY_1214500	GO:0003729,GO:0004386,GO:0071013
BXY_1214900	GO:0000971,GO:0003972,GO:0005634,GO:0006396,GO:0008452,GO:0072669
BXY_1215500	GO:0005515,GO:0030042,GO:0030864,GO:0040011,GO:0045214,GO:0051015
BXY_1215600	GO:0036444,GO:0051560,GO:1990246
BXY_1216000	GO:0004415,GO:0005975
BXY_1216300	GO:0005975,GO:0030246
BXY_1216500	GO:0004222,GO:0005886,GO:0006508,GO:0008237,GO:0016485
BXY_1216600	GO:0004722,GO:0005739,GO:0006470
BXY_1216700	GO:0005615,GO:0008289
BXY_1217300	GO:0005515
BXY_1217400	GO:0005515,GO:0005615,GO:0031012
BXY_1217700	GO:0004623,GO:0006644,GO:0050482
BXY_1217800	GO:0004623,GO:0006644,GO:0050482
BXY_1217900	GO:0003735,GO:0005763,GO:0032543
BXY_1218000	GO:0004725,GO:0006470,GO:0016311
BXY_1219300	GO:0005044,GO:0005737,GO:0016020
BXY_1219700	GO:0004888,GO:0005216,GO:0005230,GO:0006811,GO:0016020,GO:0022848,GO:0034220,GO:0045211
BXY_1219800	GO:0004375,GO:0005739,GO:0005960,GO:0006544,GO:0006546,GO:0016594,GO:0019464,GO:0030170
BXY_1219900	GO:0005315,GO:0006817,GO:0016020,GO:0035435
BXY_1220100	GO:0005666,GO:0006383
BXY_1220200	GO:0004866
BXY_1220400	GO:0003676
BXY_1220500	GO:0005789,GO:0009922,GO:0016020,GO:0019367,GO:0030148,GO:0034625,GO:0034626,GO:0042761
BXY_1220600	GO:0005942,GO:0035556,GO:0046854,GO:0046935
BXY_1220900	GO:0005886,GO:0006897,GO:0016020,GO:0018996,GO:0030659
BXY_1221000	GO:0032266,GO:0034464,GO:0036064,GO:0046907,GO:0060271
BXY_1221600	GO:0000978,GO:0000981,GO:0005515,GO:0006355,GO:0006357,GO:0009653,GO:0030154,GO:0030509,GO:0060395,GO:0070411,GO:0071144
BXY_1221700	GO:0004725,GO:0005515,GO:0006470,GO:0016311
BXY_1221800	GO:0003333,GO:0005774,GO:0015179,GO:0016020
BXY_1222000	GO:0005739,GO:0009083,GO:0015658,GO:0015803
BXY_1222100	GO:0000978,GO:0000981,GO:0003700,GO:0006355,GO:0006357,GO:0009653,GO:0030154,GO:0043565
BXY_1222300	GO:0005739,GO:0008757,GO:0032981
BXY_1222400	GO:0000030,GO:0005783,GO:0006486,GO:0052925
BXY_1222800	GO:0008194
BXY_1223000	GO:0016020,GO:0034464,GO:0060271
BXY_1223400	GO:0005829
BXY_1223800	GO:0005886,GO:0005975,GO:0031179
BXY_1224000	GO:0005911,GO:0005912,GO:0007165,GO:0032880,GO:0050839
BXY_1224300	GO:0000226,GO:0005096,GO:0006457,GO:0007021,GO:0007023,GO:0048487
BXY_1224500	GO:0005615
BXY_1224700	GO:0005886,GO:0016020
BXY_1225000	GO:0015276,GO:0016020
BXY_1225300	GO:0004591,GO:0005739,GO:0006099,GO:0016624,GO:0030976,GO:0045252
BXY_1225400	GO:0003887,GO:0005634,GO:0006281,GO:0017125,GO:0042276,GO:0070987
BXY_1225600	GO:0004181,GO:0005615,GO:0006508,GO:0006518,GO:0008270,GO:0016485
BXY_1225700	GO:0005515,GO:0006355
BXY_1225800	GO:0016020,GO:0022857,GO:0055085
BXY_1226100	GO:0003924,GO:0005525,GO:0007165,GO:0016020
BXY_1226500	GO:0001018,GO:0003677,GO:0003899,GO:0006351,GO:0006390,GO:0034245
BXY_1227000	GO:0016020,GO:0055085
BXY_1227900	GO:0006644,GO:0007007,GO:0008374,GO:0016746,GO:0031966,GO:0035965,GO:0047184
BXY_1228900	GO:0005515
BXY_1229100	GO:0005313,GO:0005509,GO:0006810,GO:0015183,GO:0015810,GO:0015813,GO:0022857,GO:0043490,GO:0055085
BXY_1229200	GO:0042302
BXY_1229300	GO:0005975,GO:0008107,GO:0016020,GO:0043413
BXY_1229600	GO:0005615,GO:0005737,GO:0006508,GO:0008237,GO:0008270,GO:0016020,GO:0042277,GO:0043171,GO:0070006
BXY_1229700	GO:0000209,GO:0000413,GO:0003755,GO:0061630,GO:0071013
BXY_1229800	GO:0005868,GO:0007017,GO:0030286,GO:0045505
BXY_1230100	GO:0003987,GO:0006085
BXY_1230200	GO:0003987,GO:0006085
BXY_1230300	GO:0003723,GO:0005515
BXY_1230800	GO:0005506,GO:0015671,GO:0019825,GO:0020037
BXY_1230900	GO:0019825,GO:0020037
BXY_1231500	GO:0005765
BXY_1231900	GO:0000226,GO:0008017,GO:0015631,GO:0031175,GO:0043005
BXY_1232100	GO:0007064,GO:0031390
BXY_1232200	GO:0005783,GO:0005794,GO:0006612,GO:0016409,GO:0018230,GO:0019706
BXY_1232600	GO:0005515
BXY_1233000	GO:0000122,GO:0016581
BXY_1233100	GO:0004722,GO:0004741,GO:0005739,GO:0006470,GO:0043169
BXY_1233200	GO:0004430,GO:0005737,GO:0016020,GO:0046854,GO:0048015,GO:0052742
BXY_1233400	GO:0003824,GO:0005739,GO:0030956,GO:0032543,GO:0050567,GO:0070681
BXY_1233500	GO:0000398,GO:0046540
BXY_1233600	GO:0005515
BXY_1233700	GO:0000209,GO:0005515,GO:0043161,GO:0061630
BXY_1233900	GO:0003676,GO:0006139,GO:0008408
BXY_1234100	GO:0005782,GO:0006637,GO:0009062,GO:0047617
BXY_1234400	GO:0002151,GO:0005515,GO:0031011,GO:0044545,GO:0045944,GO:0071339
BXY_1234600	GO:0003724,GO:0005829
BXY_1235100	GO:0000978,GO:0000981,GO:0005634,GO:0006355,GO:0006357,GO:0007548,GO:0043565
BXY_1235400	GO:0008146,GO:0016020,GO:0047756,GO:0050650,GO:1902884
BXY_1235500	GO:0005524,GO:0016887
BXY_1235600	GO:0000209,GO:0008592,GO:0061630
BXY_1235700	GO:0032006,GO:0032008,GO:0071230,GO:0071986
BXY_1235900	GO:0005515
BXY_1236000	GO:0005261,GO:0030424,GO:0034703,GO:0055080
BXY_1236200	GO:0016311,GO:0016791
BXY_1236500	GO:0005515
BXY_1236700	GO:0005886
BXY_1237000	GO:0005319,GO:0005524,GO:0006869,GO:0016020,GO:0016887,GO:0042626,GO:0043231,GO:0055085,GO:0140359
BXY_1237400	GO:0004497,GO:0005506,GO:0005737,GO:0006082,GO:0006805,GO:0016705,GO:0016712,GO:0020037,GO:0043231
BXY_1237900	GO:0003824,GO:0005615,GO:0016301,GO:0016772,GO:0016775,GO:0046314
BXY_1238200	GO:0003735,GO:0005840,GO:0006412
BXY_1238300	GO:0004672,GO:0005524,GO:0006468
BXY_1238600	GO:0003779,GO:0003785,GO:0005938,GO:0042989
BXY_1239100	GO:0006508,GO:0008234
BXY_1239300	GO:0016423,GO:0030488
BXY_1239400	GO:0000768,GO:0007275,GO:0044291
BXY_1239500	GO:0005886,GO:0006833,GO:0015250,GO:0015267,GO:0016020,GO:0055085
BXY_1239600	GO:0000445,GO:0005515,GO:0006406
BXY_1239800	GO:0000139,GO:0003868,GO:0005789,GO:0006572,GO:0009072,GO:0016701
BXY_1240100	GO:0016020
BXY_1240200	GO:0005783,GO:0012505,GO:0016746,GO:0036149
BXY_1240500	GO:0030246,GO:2001070
BXY_1241100	GO:0003950,GO:0005730,GO:0006302,GO:0070212,GO:1990404
BXY_1241200	GO:0004672,GO:0005524,GO:0006468
BXY_1241300	GO:0008643,GO:0016020,GO:0051119
BXY_1241900	GO:0005272,GO:0005886,GO:0006814,GO:0015280,GO:0016020,GO:0035725
BXY_1242100	GO:0016779,GO:0031123
BXY_1242200	GO:0005765,GO:0010506,GO:0031902,GO:0035658
BXY_1242500	GO:0005615
BXY_1242900	GO:0042302
BXY_1243500	GO:0005654,GO:0005730
BXY_1243600	GO:0006811,GO:0016020
BXY_1243800	GO:0005509,GO:0016020
BXY_1244000	GO:0003677
BXY_1244100	GO:0004725,GO:0005829,GO:0007165,GO:0016311
BXY_1244200	GO:0003676,GO:0003723,GO:0003729,GO:0005847,GO:0098789
BXY_1244500	GO:0006508,GO:0008239,GO:0070008
BXY_1244600	GO:0006623,GO:0007005,GO:0045053
BXY_1244800	GO:0016020,GO:0022857,GO:0055085
BXY_1245100	GO:0000122,GO:0000978,GO:0003700,GO:0004879,GO:0006355,GO:0008270,GO:0030154,GO:0043565,GO:0045944
BXY_1245200	GO:0003712,GO:0006357,GO:0016592,GO:0070847
BXY_1246100	GO:0003924,GO:0005525,GO:0005764,GO:0005770,GO:0045335,GO:0090385
BXY_1246200	GO:0005515
BXY_1246400	GO:0004672,GO:0004713,GO:0004714,GO:0005524,GO:0005886,GO:0006468,GO:0007169,GO:0007275,GO:0033674,GO:0043235
BXY_1246500	GO:0005634,GO:0005739,GO:0007005
BXY_1246600	GO:0005739,GO:0006574,GO:0008442,GO:0016491,GO:0016616,GO:0050661,GO:0051287
BXY_1246700	GO:0000978,GO:0000981,GO:0003677,GO:0005634,GO:0006355,GO:0006357,GO:0030154
BXY_1247000	GO:0004022,GO:0005737,GO:0008270,GO:0016491
BXY_1247100	GO:0019202
BXY_1247200	GO:0005737
BXY_1247300	GO:0004930,GO:0005886,GO:0007186,GO:0007218,GO:0008188,GO:0016020
BXY_1247400	GO:0003824,GO:0004105,GO:0006657,GO:0009058,GO:0031210
BXY_1248000	GO:0004045
BXY_1248200	GO:0001055,GO:0003677,GO:0003899,GO:0005665,GO:0006351
BXY_1248400	GO:0004364,GO:0006749
BXY_1248500	GO:0005829,GO:0061929
BXY_1248700	GO:0000287,GO:0005634,GO:0005975,GO:0006166,GO:0008973,GO:0016868
BXY_1248800	GO:0005794,GO:0005815,GO:0005929,GO:0030992,GO:0042073,GO:1905515
BXY_1248900	GO:0016020,GO:0022857,GO:0055085
BXY_1249700	GO:0005230,GO:0006811,GO:0016020
BXY_1250100	GO:0008080
BXY_1250300	GO:0016042,GO:0016298,GO:0016787
BXY_1251000	GO:0006811,GO:0016020
BXY_1251200	GO:0000049,GO:0005730,GO:0008080,GO:0016747,GO:0030686,GO:1904812,GO:1990883
BXY_1251400	GO:0000977,GO:0000981,GO:0003677,GO:0005634,GO:0006355,GO:0006357,GO:0030182
BXY_1251800	GO:0008194
BXY_1252100	GO:0016042,GO:0016298,GO:0016787
BXY_1252200	GO:0004672,GO:0005524,GO:0006468
BXY_1252400	GO:0016020,GO:0055085
BXY_1252700	GO:0005794,GO:0007030,GO:0009306
BXY_1252800	GO:0008194
BXY_1253200	GO:0000145,GO:0005546,GO:0005886,GO:0006887,GO:0006893
BXY_1253400	GO:0042302
BXY_1254000	GO:0016020,GO:0043231
BXY_1254100	GO:0004190,GO:0005764,GO:0006508,GO:0008219
BXY_1254300	GO:0003676
BXY_1254800	GO:0003677
BXY_1254900	GO:0009986
BXY_1255300	GO:0006888,GO:0016192,GO:0030008
BXY_1255400	GO:0005262,GO:0005886,GO:0007338,GO:0015279,GO:0016020,GO:0034703,GO:0051480,GO:0070588,GO:0070679
BXY_1255700	GO:0000271,GO:0005829,GO:0008830,GO:0016854
BXY_1255800	GO:0016042,GO:0016298,GO:0016787
BXY_1256600	GO:0005739,GO:0006508,GO:0008233,GO:0019216
BXY_1256900	GO:0005254
BXY_1257000	GO:0005739,GO:0015035
BXY_1257600	GO:0000014,GO:0000729,GO:0000793,GO:0003676,GO:0003690,GO:0003697,GO:0005634,GO:0006303,GO:0015074,GO:0031297,GO:0035861,GO:0042800,GO:0044547,GO:0044774,GO:0046975
BXY_1257900	GO:0005739,GO:0005762
BXY_1258000	GO:0000026,GO:0000030,GO:0005789,GO:0006487,GO:0016757
BXY_1258300	GO:0004497,GO:0005506,GO:0005737,GO:0006082,GO:0006805,GO:0016705,GO:0016712,GO:0020037,GO:0043231
BXY_1258400	GO:0000712,GO:0000819,GO:0003677,GO:0003918,GO:0005524,GO:0005634,GO:0006265
BXY_1258500	GO:0012505
BXY_1258600	GO:0001664,GO:0003924,GO:0005737,GO:0005834,GO:0007165,GO:0007186,GO:0007188,GO:0019001,GO:0031683
BXY_1258900	GO:0005615
BXY_1259200	GO:0004067
BXY_1259500	GO:0003676
BXY_1259600	GO:0005515
BXY_1259700	GO:0030431,GO:0032222,GO:1903818
BXY_1260000	GO:0004190,GO:0005764,GO:0006508,GO:0008219
BXY_1260300	GO:0005576,GO:0030570,GO:0045490
BXY_1260600	GO:0005216,GO:0005262,GO:0005886,GO:0006811,GO:0016020,GO:0055085,GO:0098703
BXY_1260900	GO:0005743,GO:0006740,GO:0008746,GO:0050661
BXY_1261000	GO:0005975,GO:0008810
BXY_1261500	GO:0004033,GO:0016491
BXY_1261600	GO:0005515,GO:0030297,GO:0043195,GO:0043410
BXY_1262100	GO:0005272,GO:0005886,GO:0006814,GO:0015280,GO:0016020,GO:0035725
BXY_1262200	GO:0003777,GO:0005524,GO:0005874,GO:0007018,GO:0007019,GO:0008017
BXY_1262300	GO:0000287,GO:0003824,GO:0003984,GO:0005948,GO:0009097,GO:0009099,GO:0030976,GO:0050660
BXY_1262600	GO:0006509
BXY_1262800	GO:0005119,GO:0005886,GO:0008158,GO:0045879,GO:0097108
BXY_1262900	GO:0016020,GO:0045217
BXY_1263000	GO:0016491
BXY_1263600	GO:0003677,GO:0003700,GO:0004879,GO:0006355,GO:0008270,GO:0043565
BXY_1263700	GO:0005544,GO:0005886,GO:0071277
BXY_1263800	GO:0003700,GO:0006355,GO:0008270,GO:0043565
BXY_1264100	GO:0005765,GO:0005886,GO:0015232,GO:0015886,GO:0020037
BXY_1264300	GO:0005524,GO:0016020,GO:0016887,GO:0042626,GO:0055085
BXY_1264400	GO:0008146,GO:0016020,GO:0047756,GO:0050650,GO:1902884
BXY_1264500	GO:0000977,GO:0000981,GO:0005634,GO:0006357,GO:0030182
BXY_1264600	GO:0009986
BXY_1265000	GO:0005267,GO:0005886,GO:0015271,GO:0016020,GO:0022841,GO:0030322,GO:0071805
BXY_1265700	GO:0005737,GO:0015031
BXY_1265800	GO:0004620,GO:0006644,GO:0016788
BXY_1266000	GO:0005615,GO:0008289
BXY_1266100	GO:0005737,GO:0016020,GO:0034975
BXY_1266400	GO:0004190,GO:0005764,GO:0006508,GO:0008219
BXY_1266700	GO:0004888,GO:0005216,GO:0005230,GO:0006811,GO:0016020,GO:0034220
BXY_1267100	GO:0006629
BXY_1267200	GO:0016788
BXY_1268000	GO:0004725,GO:0006470,GO:0016311
BXY_1268300	GO:0016020
BXY_1268700	GO:0004497,GO:0005506,GO:0005737,GO:0006082,GO:0006805,GO:0016705,GO:0016712,GO:0020037,GO:0043231
BXY_1268800	GO:0030431,GO:0032222,GO:1903818
BXY_1269200	GO:0004497,GO:0005506,GO:0005737,GO:0006082,GO:0006805,GO:0016705,GO:0016712,GO:0020037,GO:0043231
BXY_1270000	GO:0006508,GO:0008234
BXY_1270300	GO:0003677,GO:0008270
BXY_1270800	GO:0005829,GO:0005886,GO:0008289,GO:0015248,GO:0016020,GO:0032934,GO:0097038
BXY_1271100	GO:0004497,GO:0005506,GO:0005737,GO:0006082,GO:0006805,GO:0016705,GO:0016712,GO:0020037,GO:0043231
BXY_1271200	GO:0000271,GO:0016020
BXY_1271500	GO:0000027,GO:0000055,GO:0005634,GO:0030687
BXY_1271600	GO:0003676,GO:0015074
BXY_1271900	GO:0005085,GO:0005886,GO:0007264,GO:0007265,GO:0016324
BXY_1272000	GO:0016020
BXY_1272300	GO:0003676,GO:0003723
BXY_1272400	GO:0003677
BXY_1272700	GO:0003677
BXY_1273100	GO:0016671
BXY_1273400	GO:0003924,GO:0005200,GO:0005525,GO:0005874,GO:0007017
BXY_1273500	GO:0000166,GO:0004812,GO:0004816,GO:0005524,GO:0005737,GO:0006418,GO:0006421
BXY_1273600	GO:0005332,GO:0005886,GO:0006865,GO:0016020,GO:0035725,GO:0043005,GO:0071705
BXY_1273700	GO:0005576,GO:0008061
BXY_1273800	GO:0003700,GO:0005634,GO:0006355,GO:0006357,GO:0008270,GO:0043565
BXY_1274000	GO:0004373,GO:0005737,GO:0005978
BXY_1274100	GO:0005085,GO:0032012
BXY_1274700	GO:0004499,GO:0050660,GO:0050661
BXY_1275300	GO:0005524
BXY_1276000	GO:0005515,GO:0005886,GO:0006898,GO:0016324,GO:0042562,GO:0043235
BXY_1276200	GO:0047617
BXY_1276400	GO:0006508,GO:0008234
BXY_1277000	GO:0003989,GO:0005739,GO:0006633,GO:0016874
BXY_1277100	GO:0000278,GO:0003677,GO:0003887,GO:0006260,GO:0006272,GO:0006281,GO:0006287,GO:0006297,GO:0008310,GO:0008622,GO:0045004
BXY_1277600	GO:0000785,GO:0000977,GO:0005634,GO:0005667,GO:0006357,GO:0030154,GO:0051726,GO:2000134
BXY_1277800	GO:0001664,GO:0004672,GO:0004703,GO:0006468,GO:0007186,GO:0009966
BXY_1278900	GO:0005515
BXY_1279200	GO:0001653,GO:0004016,GO:0004383,GO:0005886,GO:0006182,GO:0007168,GO:0016020
BXY_1279300	GO:0004672,GO:0005524,GO:0005634,GO:0005737,GO:0006468
BXY_1279700	GO:0000786,GO:0003677,GO:0030527,GO:0046982
BXY_1279900	GO:0001561,GO:0048244
BXY_1280400	GO:0000226,GO:0004672,GO:0004674,GO:0005524,GO:0005737,GO:0006468,GO:0035556,GO:0050321
BXY_1280900	GO:0005543
BXY_1281000	GO:0005765,GO:0016020,GO:0022857,GO:0055085
BXY_1281500	GO:0003934,GO:0005525,GO:0005737,GO:0006729,GO:0008270,GO:0046654
BXY_1281600	GO:0003676,GO:0015074
BXY_1281800	GO:0003729,GO:0046872
BXY_1282000	GO:0051260
BXY_1282100	GO:0005634,GO:0006364,GO:0008168
BXY_1282200	GO:0000723,GO:0003678,GO:0006281
BXY_1282600	GO:0007606,GO:0016020
BXY_1282700	GO:0003676
BXY_1282800	GO:0005515,GO:0005615,GO:0031012
BXY_1283100	GO:0003723,GO:0008270
BXY_1283200	GO:0004222,GO:0006508,GO:0008237
BXY_1283700	GO:0000380,GO:0000381,GO:0003723,GO:0006376,GO:0071011,GO:0071013
BXY_1283800	GO:0005789
BXY_1283900	GO:0005385,GO:0016020,GO:0030001,GO:0046873,GO:0055085,GO:0071577
BXY_1284400	GO:0003774,GO:0005524,GO:0016459,GO:0051015
BXY_1284600	GO:0004930,GO:0005886,GO:0007186,GO:0016020
BXY_1284800	GO:0003867,GO:0005739,GO:0009450,GO:0030170
BXY_1285600	GO:0007606,GO:0016020
BXY_1285800	GO:0005886,GO:0006644,GO:0007165,GO:0008195,GO:0016020,GO:0046839
BXY_1286300	GO:0005515,GO:0005524,GO:0005694,GO:0051276
BXY_1286600	GO:0005615,GO:0016301,GO:0016772,GO:0016775,GO:0046314
BXY_1286700	GO:0005515
BXY_1287200	GO:0005515
BXY_1287600	GO:0005576,GO:0030570,GO:0045490
BXY_1289100	GO:0005332,GO:0005886,GO:0006865,GO:0016020,GO:0035725,GO:0043005,GO:0071705
BXY_1290200	GO:0003924,GO:0005525,GO:0005737,GO:0005874,GO:0008017,GO:0016020
BXY_1290500	GO:0004375,GO:0005739,GO:0005960,GO:0006546,GO:0016594,GO:0019464,GO:0030170
BXY_1291100	GO:0004521
BXY_1291800	GO:0005669,GO:0006367,GO:0046982
BXY_1291900	GO:0005261,GO:0005886,GO:0032224,GO:0032230
BXY_1292500	GO:0019509,GO:0046523
BXY_1292700	GO:0003723,GO:0003735,GO:0005840,GO:0006412
BXY_1292800	GO:0016627
BXY_1292900	GO:0003995,GO:0005739,GO:0016627,GO:0050660
BXY_1293000	GO:0005315,GO:0006817,GO:0016020,GO:0035435
BXY_1293100	GO:0005576,GO:0030570
BXY_1293200	GO:0005576,GO:0030570
BXY_1293500	GO:0009986
BXY_1294300	GO:0016020,GO:0022857,GO:0055085
BXY_1294400	GO:0008045
BXY_1294700	GO:0009055,GO:0020037
BXY_1295100	GO:0008270
BXY_1295300	GO:0005243,GO:0005886,GO:0005921
BXY_1295500	GO:0003924,GO:0005525
BXY_1295600	GO:0004672,GO:0005524,GO:0006468
BXY_1295800	GO:0000329,GO:0005615,GO:0016236
BXY_1296500	GO:0009986
BXY_1296600	GO:0016020,GO:0022857,GO:0055085
BXY_1296800	GO:0042302
BXY_1297200	GO:0004364,GO:0006749
BXY_1297300	GO:0000976,GO:0000981,GO:0005634,GO:0006357,GO:0045944
BXY_1297500	GO:0005216,GO:0005262,GO:0005515,GO:0005886,GO:0006811,GO:0016020,GO:0098703
BXY_1297700	GO:0003676,GO:0015074
BXY_1298100	GO:0005615,GO:0005737,GO:0006508,GO:0008270,GO:0016020,GO:0042277,GO:0043171,GO:0070006
BXY_1298300	GO:0016409
BXY_1298400	GO:0004672,GO:0004713,GO:0005524,GO:0006468
BXY_1298500	GO:0004672,GO:0006468
BXY_1298600	GO:0016020,GO:0022857,GO:0055085
BXY_1299000	GO:0008194
BXY_1299100	GO:0003729,GO:0003735,GO:0005840,GO:0006412,GO:0015934,GO:0017148,GO:0022625
BXY_1299200	GO:0004644,GO:0005737,GO:0005829,GO:0006189,GO:0009058
BXY_1299300	GO:0005254
BXY_1299400	GO:0009986
BXY_1300500	GO:0016020,GO:0055085
BXY_1300600	GO:0000398,GO:0000481,GO:0045292,GO:0046540
BXY_1301300	GO:0003676,GO:0003723,GO:1990904
BXY_1301400	GO:0004190,GO:0005764,GO:0006508,GO:0008219
BXY_1301700	GO:0008237
BXY_1302500	GO:0004185,GO:0006508
BXY_1302900	GO:0000139,GO:0006493,GO:0009101,GO:0016020,GO:0016757,GO:0016758
BXY_1303100	GO:0005886,GO:0016020
BXY_1303300	GO:0003743,GO:0005085,GO:0005851,GO:0006413
BXY_1304200	GO:0016787
BXY_1304700	GO:0005975
BXY_1304800	GO:0005524,GO:0016020,GO:0042626,GO:0055085,GO:0140359
BXY_1304900	GO:0005216,GO:0005261,GO:0005886,GO:0006811,GO:0016020,GO:0032224,GO:0032230,GO:0055085
BXY_1305100	GO:0004359,GO:0006537,GO:0006541,GO:0006543
BXY_1306000	GO:0009986
BXY_1306200	GO:0004555,GO:0005975,GO:0005991,GO:0005993
BXY_1306500	GO:0005886,GO:0006897,GO:0016020,GO:0018996,GO:0030659
BXY_1306600	GO:0005615,GO:0005737,GO:0006508,GO:0008237,GO:0008270,GO:0016020,GO:0042277,GO:0043171,GO:0070006
BXY_1307000	GO:0004360,GO:0006002,GO:0006047,GO:0006487
BXY_1307600	GO:0005515
BXY_1307900	GO:0004842,GO:0005515,GO:0031436,GO:0070531,GO:0085020
BXY_1308100	GO:0005615
BXY_1308300	GO:0004888,GO:0005216,GO:0006811,GO:0016020,GO:0034220
BXY_1308400	GO:0004435,GO:0006629,GO:0007165,GO:0008081,GO:0035556,GO:0046488,GO:0048015,GO:0051209
BXY_1308600	GO:0003987,GO:0006085
BXY_1308700	GO:0005315,GO:0006817,GO:0016020,GO:0035435
BXY_1308800	GO:0019825,GO:0020037
BXY_1309100	GO:0005576,GO:0030570,GO:0045490
BXY_1309700	GO:0005947,GO:0007584,GO:0009083
BXY_1310300	GO:0004197,GO:0006508,GO:0006624,GO:0008233,GO:0051603
BXY_1310500	GO:0003676
BXY_1310900	GO:0006508,GO:0008234
BXY_1311000	GO:0008194
BXY_1311100	GO:0004385,GO:0005829
BXY_1311200	GO:0016491,GO:0016671
BXY_1312100	GO:0004672,GO:0005524,GO:0006468
BXY_1312200	GO:0004672,GO:0004713,GO:0005524,GO:0006468
BXY_1312500	GO:0000712,GO:0000819,GO:0003677,GO:0003918,GO:0005524,GO:0005634,GO:0006259,GO:0006265
BXY_1312600	GO:0005096,GO:0030127,GO:0070971,GO:0090110
BXY_1312800	GO:0008202,GO:0016491
BXY_1313100	GO:0031929,GO:0031932,GO:0038203,GO:0043539,GO:0051897
BXY_1313300	GO:0006913
BXY_1313500	GO:0004888,GO:0005216,GO:0005230,GO:0006811,GO:0016020,GO:0022848,GO:0034220,GO:0045211
BXY_1313800	GO:0005452,GO:0005886,GO:0006820,GO:0008510,GO:0015701,GO:0016020,GO:0022857,GO:0050801,GO:0051453,GO:0055085
BXY_1314400	GO:0003756,GO:0005789,GO:0005793,GO:0006457
BXY_1314500	GO:0005332,GO:0005886,GO:0006865,GO:0016020,GO:0035725,GO:0043005,GO:0071705
BXY_1315800	GO:0030431,GO:0032222,GO:1903818
BXY_1315900	GO:0007606,GO:0016020
BXY_1316300	GO:0003729,GO:0046872
BXY_1316700	GO:0005929,GO:0030991,GO:0035721,GO:0060271
BXY_1317000	GO:0003676,GO:0015074
BXY_1317300	GO:0005737,GO:0019207,GO:0051018,GO:0060828
BXY_1317400	GO:0004672,GO:0005524,GO:0006468
BXY_1317600	GO:0004672,GO:0005524,GO:0006468
BXY_1317700	GO:0003968,GO:0030422,GO:0031380
BXY_1317800	GO:0004181,GO:0005615,GO:0006508,GO:0006518,GO:0008270,GO:0016485
BXY_1318200	GO:0005515
BXY_1318700	GO:0005739
BXY_1318900	GO:0000166,GO:0003676,GO:0003677,GO:0003887,GO:0006261,GO:0006287,GO:0006297,GO:0008296,GO:0043625,GO:0045004
BXY_1319000	GO:0005515
BXY_1319100	GO:0008237
BXY_1319300	GO:0004672,GO:0004713,GO:0005524,GO:0006468
BXY_1319700	GO:0000146,GO:0003774,GO:0005524,GO:0005737,GO:0007015,GO:0015629,GO:0016020,GO:0016459,GO:0051015
BXY_1319900	GO:0001653,GO:0004016,GO:0004383,GO:0004672,GO:0005524,GO:0005886,GO:0006182,GO:0006468,GO:0007168,GO:0009190,GO:0016849,GO:0035556
BXY_1320200	GO:0005524,GO:0015421,GO:0016020,GO:0016887,GO:0055085,GO:0140359
BXY_1320300	GO:0005272,GO:0005886,GO:0006814,GO:0015280,GO:0016020,GO:0035725
BXY_1320900	GO:0005515
BXY_1321000	GO:0030991,GO:0035721,GO:0061512
BXY_1321100	GO:0003677
BXY_1321400	GO:0005576,GO:0030570,GO:0045490
BXY_1321500	GO:0009101,GO:0016020,GO:0016758
BXY_1321700	GO:0005515
BXY_1321900	GO:0005515
BXY_1322400	GO:0000184
BXY_1322500	GO:0043139
BXY_1322700	GO:0005515
BXY_1322800	GO:0004672,GO:0005524,GO:0006468
BXY_1322900	GO:0005509
BXY_1323400	GO:0000981,GO:0003677,GO:0003700,GO:0005634,GO:0006355
BXY_1323600	GO:0000288,GO:0000932,GO:0017148,GO:0030015,GO:0060090
BXY_1323700	GO:0015144,GO:0016020,GO:0034219
BXY_1323800	GO:0016020
BXY_1324000	GO:0004888,GO:0005216,GO:0005230,GO:0006811,GO:0016020,GO:0022848,GO:0034220,GO:0045211
BXY_1324300	GO:0016747
BXY_1324400	GO:0004672,GO:0005524,GO:0006468
BXY_1324500	GO:0005811,GO:0016616
BXY_1325100	GO:0005219,GO:0005790,GO:0006816,GO:0006941,GO:0014808,GO:0030018,GO:0033017,GO:0034704,GO:0042383
BXY_1325300	GO:0004190,GO:0005764,GO:0006508,GO:0008219
BXY_1326100	GO:0005886,GO:0006810,GO:0010960,GO:0022857
BXY_1326700	GO:0005829,GO:0009653
BXY_1326800	GO:0030833,GO:0031267
BXY_1327800	GO:0003950
BXY_1327900	GO:0000786,GO:0003677,GO:0030527,GO:0046982
BXY_1328000	GO:0046982
BXY_1328100	GO:0004175,GO:0006509,GO:0007219,GO:0016020,GO:0016485,GO:0034205,GO:0042500,GO:0055074,GO:0070765
BXY_1328200	GO:0005085,GO:0005737,GO:0016477,GO:0043087
BXY_1328400	GO:0003676
BXY_1328600	GO:0016020,GO:0016263,GO:0016267,GO:0016757
BXY_1328900	GO:0005432,GO:0015491,GO:0016020,GO:0030001,GO:0030424,GO:0035725,GO:0042383,GO:0055085,GO:0098703,GO:0098794
BXY_1329100	GO:0003400,GO:0005085,GO:0005515,GO:0005789,GO:0006888
BXY_1329300	GO:0004190,GO:0005764,GO:0006508,GO:0008219
BXY_1330100	GO:0005524
BXY_1330800	GO:0008194
BXY_1332000	GO:0004725,GO:0006470
BXY_1332100	GO:0016405
BXY_1332200	GO:0005524,GO:0016020,GO:0016887,GO:0042626,GO:0055085
BXY_1332400	GO:0016311,GO:0016791
BXY_1332600	GO:0007018,GO:0030286,GO:0045505,GO:0051959
BXY_1332900	GO:0004888,GO:0005216,GO:0005230,GO:0006811,GO:0016020,GO:0034220
BXY_1334200	GO:0042302
BXY_1334600	GO:0005515
BXY_1335100	GO:0003827,GO:0005794,GO:0006486,GO:0008375,GO:0009101
BXY_1335300	GO:0000785,GO:0000977,GO:0005634,GO:0005667,GO:0006357,GO:0030154,GO:0051726,GO:2000134
BXY_1335500	GO:0005515,GO:0005681,GO:0005737,GO:0045292
BXY_1335600	GO:0005615,GO:0008289
BXY_1335800	GO:0016020,GO:0055085
BXY_1335900	GO:0004843,GO:0008270,GO:0016579
BXY_1336400	GO:0004888,GO:0005216,GO:0005230,GO:0006811,GO:0016020,GO:0034220
BXY_1337100	GO:0005267,GO:0005886,GO:0015271,GO:0016020,GO:0022841,GO:0030322,GO:0071805
BXY_1337200	GO:0005219,GO:0005790,GO:0006816,GO:0006941,GO:0014808,GO:0030018,GO:0033017,GO:0034704,GO:0042383
BXY_1338200	GO:0005929,GO:0030991,GO:0035721,GO:0060271
BXY_1338600	GO:0008237
BXY_1339000	GO:0004521
BXY_1340100	GO:0016020,GO:0022857,GO:0055085
BXY_1341100	GO:0003677,GO:0003697,GO:0004222,GO:0005634,GO:0006281,GO:0006974,GO:0031593
BXY_1341200	GO:0005515
BXY_1341700	GO:0005615
BXY_1341900	GO:0005657,GO:0006260,GO:0032508
BXY_1342200	GO:0005230,GO:0006811,GO:0016020
BXY_1342300	GO:0005634,GO:0005730,GO:0006357
BXY_1342400	GO:0005230,GO:0006811,GO:0016020
BXY_1342500	GO:0006508,GO:0008234
BXY_1342600	GO:0004438,GO:0005737,GO:0046856,GO:0106018
BXY_1342700	GO:0007018,GO:0030286,GO:0045505,GO:0051959
BXY_1342800	GO:0005267,GO:0005886,GO:0015271,GO:0016020,GO:0022841,GO:0030322,GO:0071805
BXY_1343200	GO:0005929,GO:0061512
BXY_1343400	GO:0005245,GO:0005891
BXY_1343700	GO:0008194
BXY_1343900	GO:0003924,GO:0005525
BXY_1344000	GO:0004222,GO:0005886,GO:0006508,GO:0008237,GO:0016485
BXY_1344100	GO:0000977,GO:0000981,GO:0003677,GO:0005634,GO:0006357
BXY_1344900	GO:0004725,GO:0006470,GO:0016311
BXY_1345200	GO:0005765,GO:0022857,GO:0055085
BXY_1345300	GO:0004497,GO:0005506,GO:0005737,GO:0006082,GO:0006805,GO:0016705,GO:0016712,GO:0020037,GO:0043231
BXY_1345700	GO:0005267,GO:0005886,GO:0015271,GO:0016020,GO:0022841,GO:0030322,GO:0071805
BXY_1346100	GO:0001676,GO:0004467,GO:0005324,GO:0005789,GO:0005886,GO:0015245,GO:0044539
BXY_1346500	GO:0007165,GO:0045087
BXY_1346800	GO:0009986
BXY_1346900	GO:0004190,GO:0005764,GO:0006508,GO:0008219
BXY_1347000	GO:0004190,GO:0005764,GO:0006508,GO:0008219
BXY_1347600	GO:0004725,GO:0006470
BXY_1347700	GO:0000380,GO:0000381,GO:0003676,GO:0003723,GO:0006376,GO:0071011,GO:0071013
BXY_1348300	GO:0016020,GO:0140359
BXY_1348500	GO:0000271,GO:0016020
BXY_1349200	GO:0005634,GO:0008380,GO:0035145
BXY_1349700	GO:0004222,GO:0006508,GO:0008237
BXY_1350100	GO:0005272,GO:0006814,GO:0016020
BXY_1350400	GO:0000146,GO:0003774,GO:0005524,GO:0005737,GO:0007015,GO:0015629,GO:0016020,GO:0016459,GO:0051015
BXY_1350500	GO:0016020,GO:0022857,GO:0055085
BXY_1351500	GO:0004190,GO:0006508
BXY_1352200	GO:0008194
BXY_1352500	GO:0000139,GO:0006493,GO:0009101,GO:0016020,GO:0016757,GO:0016758
BXY_1353500	GO:0004672,GO:0004707,GO:0005524,GO:0006468
BXY_1353600	GO:0003676,GO:0003723,GO:0003729,GO:0005847,GO:0098789
BXY_1353800	GO:0000139,GO:0004559,GO:0005975,GO:0006491,GO:0006517
BXY_1353900	GO:0005739,GO:0005811,GO:0005886,GO:0009247
BXY_1354100	GO:0005615,GO:0005737,GO:0006508,GO:0008237,GO:0008270,GO:0016020,GO:0042277,GO:0043171,GO:0070006
BXY_1354500	GO:0005096,GO:0005765,GO:0010508,GO:0034198,GO:1904262,GO:1990130
BXY_1354700	GO:0003333,GO:0015179,GO:0016020,GO:0022857,GO:0055085
BXY_1355100	GO:0006508,GO:0008239,GO:0070008
BXY_1355700	GO:0005119,GO:0005886,GO:0008158,GO:0045879,GO:0097108
BXY_1356400	GO:0004301,GO:0097176
BXY_1356500	GO:0000723,GO:0003678,GO:0006281
BXY_1357000	GO:0003924,GO:0005737,GO:0005874,GO:0008017,GO:0016020
BXY_1358000	GO:0012505,GO:0048019,GO:0048259,GO:0050750
BXY_1358500	GO:0006833,GO:0015250,GO:0015267,GO:0016020,GO:0055085
BXY_1358800	GO:0007018,GO:0030286,GO:0045505,GO:0051959
BXY_1359700	GO:0022857
BXY_1361200	GO:0000028,GO:0000462,GO:0005515,GO:0032040,GO:0034388
BXY_1361500	GO:0004888,GO:0005216,GO:0005230,GO:0006811,GO:0016020,GO:0034220
BXY_1362200	GO:0003676
BXY_1362300	GO:0016020
BXY_1362700	GO:0003677,GO:0003725,GO:0045893,GO:0071013
BXY_1362800	GO:0005576,GO:0030570
BXY_1363100	GO:0004867
BXY_1363200	GO:0005515
BXY_1363300	GO:0004190,GO:0005764,GO:0006508,GO:0008219
BXY_1363400	GO:0071203
BXY_1363500	GO:0005319,GO:0006869,GO:0016020,GO:0042626,GO:0043231,GO:0055085,GO:0140359
BXY_1363600	GO:0046872
BXY_1364400	GO:0016020,GO:0140359
BXY_1364900	GO:0005886,GO:0006644,GO:0007165,GO:0008195,GO:0016020,GO:0046839
BXY_1365400	GO:0004672,GO:0005524,GO:0006468
BXY_1366200	GO:0005783,GO:0005794,GO:0006612,GO:0016409,GO:0018230,GO:0019706
BXY_1366400	GO:0008237
BXY_1366600	GO:0003677
BXY_1367600	GO:0004190,GO:0005764,GO:0006508,GO:0008219
BXY_1368200	GO:0005681,GO:0005737,GO:0045292
BXY_1368600	GO:0009986
BXY_1369000	GO:0004757,GO:0006729
BXY_1369500	GO:0008237
BXY_1369600	GO:0003987,GO:0006085
BXY_1369700	GO:0006508,GO:0008233
BXY_1370500	GO:0005886,GO:0006812,GO:0006814,GO:0006885,GO:0015297,GO:0015385,GO:0015386,GO:0016020,GO:0051453,GO:0055085,GO:0071805,GO:0098719,GO:1902600
BXY_1370700	GO:0012505
BXY_1370800	GO:0012505
BXY_1371600	GO:0006511,GO:0031625
BXY_1371700	GO:0006511,GO:0031461,GO:0031625
BXY_1371900	GO:0005739,GO:0043231,GO:0051537,GO:0106034
BXY_1372000	GO:0000978,GO:0003700,GO:0006355,GO:0008270,GO:0043565
BXY_1372400	GO:0004029,GO:0005737,GO:0006081,GO:0016491
BXY_1372500	GO:0004029,GO:0005737,GO:0006081,GO:0016491
BXY_1372600	GO:0004089,GO:0005737,GO:0008270
BXY_1372700	GO:0004089,GO:0008270
BXY_1372900	GO:0012505
BXY_1373000	GO:0004089,GO:0005737,GO:0008270
BXY_1373100	GO:0012505
BXY_1373300	GO:0012505
BXY_1373400	GO:0012505
BXY_1373600	GO:0012505
BXY_1373700	GO:0012505
BXY_1373800	GO:0012505
BXY_1373900	GO:0008202,GO:0016491
BXY_1374000	GO:0005515
BXY_1374100	GO:0005515,GO:0005737,GO:0006446,GO:0140469
BXY_1374700	GO:0005515
BXY_1374800	GO:0004672,GO:0005524,GO:0006468
BXY_1374900	GO:0004722,GO:0005634,GO:0005737,GO:0016787
BXY_1375000	GO:0005765,GO:0022857,GO:0055085
BXY_1375200	GO:0000978,GO:0003677,GO:0003700,GO:0003707,GO:0005634,GO:0006355,GO:0008270,GO:0043565
BXY_1375700	GO:0005085,GO:0005743,GO:0019843,GO:0070131
BXY_1375800	GO:0004930,GO:0007186,GO:0016020
BXY_1375900	GO:0007606,GO:0016020
BXY_1376000	GO:0006629,GO:0016788
BXY_1376100	GO:0006629,GO:0016788
BXY_1376200	GO:0003676,GO:0008270
BXY_1376300	GO:0006629
BXY_1376400	GO:0009986
BXY_1376500	GO:0009986
BXY_1376600	GO:0009986
BXY_1376800	GO:0004198,GO:0005737,GO:0006508
BXY_1377100	GO:0030246
BXY_1377200	GO:0030246
BXY_1377300	GO:0008289
BXY_1377400	GO:0005515
BXY_1377600	GO:0005515
BXY_1377800	GO:0005515
BXY_1378300	GO:0005576
BXY_1378500	GO:0005576
BXY_1378600	GO:0005576
BXY_1378800	GO:0000398,GO:0003676,GO:0003723,GO:0005686,GO:0071011,GO:0071013
BXY_1378900	GO:0005737,GO:0006480,GO:0008168,GO:0071885
BXY_1379000	GO:0003924,GO:0005525,GO:0005634,GO:0005829
BXY_1379100	GO:0000398,GO:0003676,GO:0003723,GO:0005515,GO:0005634,GO:0008270,GO:0008380,GO:0071011
BXY_1379200	GO:0009101,GO:0016020,GO:0016757
BXY_1379300	GO:0071944
BXY_1379400	GO:0004190,GO:0006508
BXY_1379500	GO:0016020
BXY_1379600	GO:0008168,GO:0008171,GO:0008173,GO:0017069,GO:0040031
BXY_1379700	GO:0005783,GO:0005793,GO:0007030,GO:0016020
BXY_1379800	GO:0003924,GO:0005525,GO:0005802,GO:0006895,GO:0032456,GO:0042742,GO:0045335,GO:0055037,GO:0090382
BXY_1380000	GO:0004722,GO:0006470,GO:0043169
BXY_1380100	GO:0004930,GO:0007186,GO:0016020
BXY_1380400	GO:0009101,GO:0016020,GO:0016757
BXY_1380500	GO:0009101,GO:0016020,GO:0016757
BXY_1380800	GO:0005634,GO:0006368,GO:0070449
BXY_1380900	GO:0004672,GO:0005524,GO:0005829,GO:0006468
BXY_1381000	GO:0005515,GO:0005516,GO:0007026,GO:0008017,GO:0031122,GO:0036449,GO:0051011
BXY_1381200	GO:0003723,GO:0003729,GO:0005737,GO:0006398,GO:0051028,GO:0071204,GO:0071207
BXY_1381300	GO:0000978,GO:0003700,GO:0006355,GO:0008270,GO:0043565
BXY_1381400	GO:0006631,GO:0016020,GO:0022857,GO:0031956,GO:0055085
BXY_1381500	GO:0005515,GO:0008430
BXY_1381600	GO:0008430
BXY_1381700	GO:0005515,GO:0008430
BXY_1382500	GO:0000398,GO:0003723,GO:0005681,GO:0005685,GO:0034715,GO:0071013
BXY_1382800	GO:0000151,GO:0003682,GO:0031519,GO:0061630
BXY_1382900	GO:0004386,GO:0005829,GO:0035194,GO:0043186
BXY_1383000	GO:0005515
BXY_1383500	GO:0005783,GO:0016094,GO:0016765,GO:0045547,GO:1904423
BXY_1383600	GO:0008308,GO:0016020,GO:0032580,GO:0051452
BXY_1383700	GO:0005739,GO:0046872
BXY_1383800	GO:0004550
BXY_1384400	GO:0004799,GO:0005739,GO:0005829,GO:0006231,GO:0016741
BXY_1384500	GO:0005747
BXY_1384700	GO:0005765,GO:0022857,GO:0055085
BXY_1385000	GO:0042302
BXY_1385900	GO:0009986
BXY_1386500	GO:0004096,GO:0005737,GO:0005739,GO:0005777,GO:0006979,GO:0020037,GO:0042542,GO:0042744
BXY_1386600	GO:0007606,GO:0016020
BXY_1387000	GO:0042302
BXY_1387100	GO:0004190,GO:0005764,GO:0006508,GO:0008219
BXY_1387300	GO:0001671,GO:0005890,GO:0006813,GO:0006814,GO:0006883,GO:0030007,GO:0036376,GO:1990573
BXY_1387400	GO:0005335,GO:0015842,GO:0022857,GO:0030672,GO:0043195,GO:0055085
BXY_1387600	GO:0001540,GO:0005794,GO:0005886,GO:0042985,GO:0070062
BXY_1387700	GO:0004190,GO:0005764,GO:0006508,GO:0008219
BXY_1387900	GO:0000786,GO:0003677,GO:0030527,GO:0046982
BXY_1388000	GO:0000786,GO:0003677,GO:0030527,GO:0046982
BXY_1388100	GO:0000786,GO:0003677,GO:0030527,GO:0046982
BXY_1388200	GO:0000786,GO:0003677,GO:0030527,GO:0046982
BXY_1388300	GO:0005975,GO:0008061,GO:0012505,GO:0070492
BXY_1388400	GO:0016616
BXY_1388500	GO:0016616
BXY_1388700	GO:0004197,GO:0006508,GO:0006624,GO:0008233,GO:0051603
BXY_1388900	GO:0004197,GO:0006508,GO:0006624,GO:0008233,GO:0030163,GO:0051603
BXY_1389000	GO:0000049,GO:0043023,GO:0072344,GO:1990112,GO:1990116
BXY_1389100	GO:0005335,GO:0015842,GO:0022857,GO:0030672,GO:0043195,GO:0055085
BXY_1389300	GO:0005335,GO:0015842,GO:0022857,GO:0030672,GO:0043195,GO:0055085
BXY_1389900	GO:0030141
BXY_1390000	GO:0004806,GO:0005737,GO:0005811,GO:0006629,GO:0016020,GO:0016042,GO:0016787,GO:0019433,GO:0055088
BXY_1390100	GO:0005381,GO:0016020,GO:0034755
BXY_1390500	GO:0004888,GO:0005216,GO:0005230,GO:0006811,GO:0016020,GO:0034220
BXY_1391200	GO:0004222,GO:0006508,GO:0008237,GO:0008270
BXY_1391300	GO:0005524,GO:0005743,GO:0015421,GO:0016020,GO:0016887,GO:0055085,GO:0090374,GO:0140359
BXY_1392000	GO:0000977,GO:0000981,GO:0003677,GO:0005634,GO:0006357,GO:0030182
BXY_1392100	GO:0000175,GO:0000958,GO:0000965,GO:0003676,GO:0003723,GO:0004654,GO:0005739,GO:0005829,GO:0006396,GO:0006401,GO:0006402
BXY_1392200	GO:0004672,GO:0005524,GO:0006468
BXY_1392400	GO:0003924,GO:0005200,GO:0005525,GO:0005874,GO:0007017
BXY_1392500	GO:0071013
BXY_1392600	GO:0016020,GO:0022857,GO:0055085
BXY_1392800	GO:0003777,GO:0005515,GO:0005524,GO:0007018,GO:0008017
BXY_1392900	GO:0004430,GO:0005737,GO:0016020,GO:0016301,GO:0046854,GO:0048015,GO:0052742
BXY_1393000	GO:0016020
BXY_1393100	GO:0003872,GO:0005524,GO:0005737,GO:0005945,GO:0006002,GO:0006096,GO:0016208,GO:0030388,GO:0042802,GO:0048029,GO:0061621,GO:0070095
BXY_1393200	GO:0016409
BXY_1393300	GO:0005515
BXY_1393800	GO:0004672,GO:0005524,GO:0006468
BXY_1394000	GO:0019825,GO:0020037
BXY_1394200	GO:0005765,GO:0022857,GO:0055085
BXY_1394400	GO:0004888,GO:0005216,GO:0005230,GO:0006811,GO:0016020,GO:0034220
BXY_1394500	GO:0016020,GO:0022857,GO:0055085
BXY_1394700	GO:0003676,GO:0003723
BXY_1394800	GO:0007606,GO:0016020
BXY_1395000	GO:0005515,GO:0005634,GO:0005700,GO:0006357,GO:0034771,GO:0042799,GO:0043516,GO:0140110
BXY_1395200	GO:0003924,GO:0005525,GO:0005737,GO:0005874,GO:0005886,GO:0008017,GO:0016020,GO:0016185,GO:0031623,GO:0045202
BXY_1395300	GO:0004672,GO:0004713,GO:0005524,GO:0006468
BXY_1395500	GO:0000159,GO:0005509,GO:0006470,GO:0019888
BXY_1395600	GO:0004089,GO:0005737,GO:0008270
BXY_1396100	GO:0005737,GO:0006470,GO:0016311
BXY_1396600	GO:0005515
BXY_1396800	GO:0005515,GO:0019005,GO:0031146
BXY_1396900	GO:0000287,GO:0004450,GO:0005739,GO:0006102,GO:0006739,GO:0016616,GO:0051287
BXY_1397100	GO:0004867
BXY_1397200	GO:0005515
BXY_1397400	GO:0004672,GO:0005524,GO:0005634,GO:0006468
BXY_1397500	GO:0009653
BXY_1397600	GO:0004725,GO:0006470
BXY_1398400	GO:0005739
BXY_1398500	GO:0003950,GO:0005730,GO:0006302,GO:0070212,GO:1990404
BXY_1399000	GO:0003950,GO:0005730,GO:0006302,GO:0070212,GO:1990404
BXY_1399400	GO:0004366,GO:0005783,GO:0008374,GO:0016746,GO:0019432
BXY_1399600	GO:0004722,GO:0005634,GO:0005737,GO:0016787
BXY_1399900	GO:0006508,GO:0008234
BXY_1400000	GO:0005515
BXY_1400100	GO:0000139,GO:0006493,GO:0008194,GO:0009101,GO:0016020,GO:0016757,GO:0016758
BXY_1400200	GO:0000139,GO:0006493,GO:0008194,GO:0009101,GO:0016020,GO:0016757,GO:0016758
BXY_1400400	GO:0004672,GO:0005524,GO:0006468
BXY_1400700	GO:0004180
BXY_1400900	GO:0004888,GO:0005216,GO:0005230,GO:0006811,GO:0016020,GO:0034220
BXY_1401000	GO:0005744,GO:0030150,GO:0045039
BXY_1401100	GO:0003824,GO:0004775,GO:0005524,GO:0005739,GO:0006099,GO:0006104,GO:0042709,GO:0046872
BXY_1401200	GO:0004672,GO:0004713,GO:0005515,GO:0005524,GO:0006468
BXY_1401400	GO:0005515,GO:0005783,GO:0018193,GO:0042264,GO:0062101
BXY_1401600	GO:0005739,GO:0034551
BXY_1401700	GO:0005509,GO:0005743,GO:0055085
BXY_1401800	GO:0003676,GO:0003723,GO:0006355,GO:0032021,GO:0034244
BXY_1402000	GO:0004930,GO:0005886,GO:0007186,GO:0016020
BXY_1402200	GO:0004865
BXY_1402300	GO:0010181,GO:0016491
BXY_1402500	GO:0005524,GO:0005886,GO:0016020,GO:0016887,GO:0042626,GO:0055085,GO:0140359
BXY_1402700	GO:0003824,GO:0008265,GO:0030151,GO:0030170,GO:0043545
BXY_1402800	GO:0003827,GO:0005794,GO:0006486,GO:0006487,GO:0008375,GO:0009101
BXY_1403000	GO:0005886,GO:0016020
BXY_1403100	GO:0007399,GO:0071565
BXY_1403200	GO:0004672,GO:0005634,GO:0007094,GO:0051754
BXY_1403300	GO:0000209,GO:0004842,GO:0005515,GO:0005737,GO:0006515,GO:0016567,GO:0030018,GO:0043161,GO:0045862,GO:0051087,GO:0061630,GO:0071218
BXY_1403500	GO:0004725,GO:0006470,GO:0016311
BXY_1403700	GO:0004722,GO:0005634,GO:0005737,GO:0016787
BXY_1404000	GO:0005515
BXY_1404200	GO:0003824,GO:0004069,GO:0005829,GO:0006520,GO:0006532,GO:0008483,GO:0009058,GO:0030170
BXY_1404300	GO:0016279,GO:0018023,GO:0018026,GO:0018064,GO:0030047
BXY_1404400	GO:0005788,GO:0016491
BXY_1404600	GO:0005515,GO:0005886
BXY_1404800	GO:0004725,GO:0006470,GO:0016311
BXY_1405200	GO:0003712,GO:0004672,GO:0005524,GO:0006355,GO:0006468,GO:0016592
BXY_1405800	GO:0001653,GO:0004016,GO:0004383,GO:0005886,GO:0006182,GO:0007168,GO:0009190,GO:0016849,GO:0035556
BXY_1405900	GO:0001653,GO:0004016,GO:0004383,GO:0004672,GO:0005524,GO:0005886,GO:0006182,GO:0006468,GO:0007168,GO:0009190,GO:0016849,GO:0035556
BXY_1406100	GO:0005085,GO:0005515,GO:0005829,GO:0035556
BXY_1406200	GO:0005634,GO:0006470,GO:0008138,GO:0016311
BXY_1406300	GO:0005739,GO:0006790,GO:0008482,GO:0016491,GO:0020037,GO:0030151,GO:0043546
BXY_1406400	GO:0004222,GO:0005739,GO:0006508,GO:0006518,GO:0006627,GO:0008237
BXY_1406600	GO:0004222,GO:0005739,GO:0006508,GO:0006518,GO:0006627
BXY_1406700	GO:0005515,GO:0008180,GO:0008233,GO:0008237
BXY_1406800	GO:0004222,GO:0005739,GO:0006508,GO:0006627,GO:0046872
BXY_1406900	GO:0003924,GO:0005525,GO:0005739,GO:0006412,GO:0032543
BXY_1407000	GO:0002098,GO:0005737,GO:0008023,GO:0033588
BXY_1407100	GO:0005737,GO:0034227
BXY_1407200	GO:0005216,GO:0005245,GO:0005891,GO:0006811,GO:0007268,GO:0008331,GO:0016020,GO:0055085,GO:0070588,GO:0098703
BXY_1407500	GO:0030154
BXY_1407800	GO:0000977,GO:0000981,GO:0005634,GO:0006357,GO:0009790
BXY_1408100	GO:0003887,GO:0005634,GO:0006260,GO:0006271,GO:0006297,GO:0043625,GO:1904161
BXY_1408200	GO:0004198,GO:0005737,GO:0006508
BXY_1408300	GO:0004620,GO:0005576,GO:0009395
BXY_1408400	GO:0008800
BXY_1408500	GO:0005515
BXY_1408700	GO:0000340,GO:0003723,GO:0003743,GO:0005737,GO:0006413,GO:0016281
BXY_1408800	GO:0050998
BXY_1409200	GO:0005886,GO:0006897,GO:0016020,GO:0018996,GO:0030659
BXY_1409500	GO:0008202,GO:0016491
BXY_1409600	GO:0005815,GO:0030992,GO:0031514,GO:0042073,GO:0060271
BXY_1409700	GO:0004222,GO:0006508,GO:0008237,GO:0030198,GO:0031012
BXY_1409900	GO:0004869,GO:0005634,GO:0043066
BXY_1410300	GO:0005524,GO:0005778,GO:0005829,GO:0016558,GO:0016887
BXY_1410500	GO:0005524,GO:0005777,GO:0007031,GO:0016887
BXY_1410600	GO:0005515,GO:0005829,GO:0022008
BXY_1410700	GO:0004842,GO:0005515,GO:0005778,GO:0006513,GO:0008270,GO:0016558,GO:1990429
BXY_1410900	GO:0004053,GO:0005634,GO:0005737,GO:0005829,GO:0006525,GO:0019547,GO:0030145,GO:0046872
BXY_1411000	GO:0005096
BXY_1411100	GO:0004843,GO:0016579
BXY_1411200	GO:0000398,GO:0003676,GO:0003723,GO:0005686,GO:0071011,GO:0071013
BXY_1411300	GO:0005102,GO:0005109,GO:0005125,GO:0005576,GO:0005615,GO:0007275,GO:0016055,GO:0030182,GO:0045165,GO:0060070
BXY_1411600	GO:0005524,GO:0008094
BXY_1411700	GO:0000785,GO:0005515,GO:0005634,GO:0006338,GO:0006355,GO:0070577
BXY_1411800	GO:0005886,GO:0016020
BXY_1411900	GO:0005634,GO:0061630
BXY_1412000	GO:0003682,GO:0003887,GO:0003896,GO:0005634,GO:0005759,GO:0006264,GO:0009411,GO:0019985,GO:0031297,GO:0042276
BXY_1412100	GO:0001653,GO:0004016,GO:0004383,GO:0004672,GO:0005524,GO:0005886,GO:0006182,GO:0006468,GO:0007168,GO:0009190,GO:0016849,GO:0035556
BXY_1412200	GO:0003723,GO:0005654,GO:0005737,GO:0043484,GO:0046872
BXY_1412400	GO:0030246
BXY_1412500	GO:0005525,GO:0035091,GO:0045494,GO:0070300
BXY_1412600	GO:0005515,GO:0005737,GO:0006606,GO:0061608
BXY_1412700	GO:0003677
BXY_1412900	GO:0042721,GO:0045039
BXY_1413000	GO:0009312
BXY_1413300	GO:0005515,GO:0005739,GO:0006629,GO:0047499,GO:0052816,GO:2000304
BXY_1413400	GO:0016409
BXY_1413500	GO:0005515
BXY_1413700	GO:0000981,GO:0005634,GO:0006357
BXY_1413800	GO:0005254
BXY_1414000	GO:0005515,GO:0046983
BXY_1414100	GO:0003824,GO:0004364,GO:0005737,GO:0005739,GO:0006559,GO:0006749,GO:0009072,GO:0016034
BXY_1414200	GO:0005096,GO:0005774,GO:0010508,GO:0034198,GO:1904262,GO:1990130
BXY_1414300	GO:0005789,GO:0006506
BXY_1414400	GO:0003677,GO:0003899,GO:0006351
BXY_1414500	GO:0004672,GO:0005524,GO:0006468
BXY_1414700	GO:0005509,GO:0005515
BXY_1414800	GO:0003723,GO:0003735,GO:0006412,GO:0015935
BXY_1414900	GO:0003756,GO:0005788,GO:0015035,GO:0034976
BXY_1415000	GO:0005886,GO:0015485,GO:0015918,GO:0016020,GO:0030299,GO:0032934,GO:0042632
BXY_1415100	GO:0004637,GO:0004641,GO:0005524,GO:0005829,GO:0006164,GO:0006189,GO:0009113,GO:0046084,GO:0046872
BXY_1415200	GO:0006338
BXY_1415300	GO:0005737
BXY_1415400	GO:0005515,GO:0005783,GO:0034975,GO:0051087,GO:0051787
BXY_1415500	GO:0005739,GO:0005743,GO:0061617
BXY_1415600	GO:0005737,GO:0005739,GO:0009249,GO:0017118,GO:0036211
BXY_1415700	GO:0004843,GO:0005515,GO:0016579,GO:0043161,GO:0061136,GO:0070628
BXY_1415900	GO:0004722,GO:0005634,GO:0005737,GO:0016787
BXY_1416200	GO:0003824,GO:0005739,GO:0008111,GO:0008206
BXY_1416500	GO:0005829,GO:0006481,GO:0008168,GO:0018423,GO:0032259
BXY_1416800	GO:0030431,GO:0032222,GO:1903818
BXY_1417000	GO:0005096,GO:0031267,GO:0043087
BXY_1417100	GO:0003676,GO:0015074
BXY_1417300	GO:0005737,GO:0015031
BXY_1417500	GO:0003676,GO:0003723,GO:0005634,GO:0006396
BXY_1417700	GO:0006357
BXY_1417800	GO:0005737,GO:0006508,GO:0008233,GO:0019538,GO:0030145,GO:0046872,GO:0070006
BXY_1417900	GO:0016757
BXY_1418200	GO:0015347,GO:0016020,GO:0016323,GO:0043252,GO:0055085
BXY_1418300	GO:0000122,GO:0000978,GO:0003700,GO:0004879,GO:0006355,GO:0008270,GO:0030154,GO:0043565,GO:0045944
BXY_1418500	GO:0004930,GO:0007186,GO:0016020
BXY_1418600	GO:0004326,GO:0005524,GO:0005737,GO:0005739,GO:0005829,GO:0009058,GO:0009396,GO:0016881,GO:0046901
BXY_1418700	GO:0003755,GO:0005783
BXY_1418900	GO:0005515,GO:0005737,GO:0009267,GO:0010506,GO:0030307,GO:0030674,GO:0031929,GO:0031931,GO:0038202,GO:0071230
BXY_1419000	GO:0000028,GO:0003723,GO:0005525,GO:0005759,GO:0019843,GO:0043024
BXY_1419200	GO:0000027,GO:0000956,GO:0003723,GO:0005730,GO:0006364,GO:0030687,GO:0042273
BXY_1419300	GO:0016604,GO:0031053
BXY_1419400	GO:0005044,GO:0005737,GO:0016020
BXY_1419600	GO:0000902,GO:0003779,GO:0005737,GO:0007010,GO:0007015,GO:0008179,GO:0019933
BXY_1419700	GO:0000978,GO:0000981,GO:0003700,GO:0006355,GO:0006357,GO:0009653,GO:0030154,GO:0043565
BXY_1419800	GO:0001164,GO:0001188,GO:0005668,GO:0006360,GO:0042790,GO:0070860
BXY_1419900	GO:0005515,GO:0005783,GO:0036503,GO:0043130
BXY_1420000	GO:0000014,GO:0003676,GO:0004519,GO:0004521,GO:0005634,GO:0005743,GO:0006309,GO:0016787,GO:0046872
BXY_1420100	GO:0005739,GO:0005975,GO:0006071,GO:0006641,GO:0016301,GO:0016310,GO:0046167
BXY_1420200	GO:0000166,GO:0004812,GO:0004829,GO:0005524,GO:0005737,GO:0005739,GO:0006418,GO:0006435,GO:0043039
BXY_1420400	GO:0004843,GO:0005634,GO:0005829,GO:0016579
BXY_1420500	GO:0004930,GO:0007186,GO:0016020
BXY_1420600	GO:0004222,GO:0005739,GO:0006508,GO:0006627,GO:0046872
BXY_1420900	GO:0000049,GO:0002098,GO:0002143,GO:0005829,GO:0016783,GO:0034227
BXY_1421000	GO:0004672,GO:0004674,GO:0005524,GO:0005634,GO:0005737,GO:0005829,GO:0006468,GO:0007165,GO:0018107,GO:0030154,GO:0030424,GO:0032436,GO:0070507,GO:0090090
BXY_1421200	GO:0016020,GO:0022857,GO:0055085
BXY_1421300	GO:0004767,GO:0005615,GO:0005764,GO:0006685,GO:0008081,GO:0016787,GO:0046513,GO:0061750
BXY_1421400	GO:0005634,GO:0005737,GO:0006468,GO:0016208,GO:0019887,GO:0019901,GO:0031588,GO:0050790
BXY_1421600	GO:0004672,GO:0004713,GO:0004715,GO:0005515,GO:0005524,GO:0006468
BXY_1421700	GO:0003924,GO:0005525
BXY_1421900	GO:0003924,GO:0005525,GO:0005764,GO:0005770,GO:0008333,GO:0045335,GO:0090385
BXY_1422000	GO:0005737,GO:0006826,GO:0006879,GO:0006880,GO:0008198,GO:0008199
BXY_1422100	GO:0006633,GO:0016616,GO:0048038
BXY_1422200	GO:0006633,GO:0016616,GO:0048038
BXY_1422400	GO:0005634,GO:0015630,GO:0060271,GO:0060294
BXY_1422500	GO:0005634,GO:0015630,GO:0060271,GO:0060294
BXY_1423200	GO:0006886,GO:0016192,GO:0030131
BXY_1423300	GO:0000796,GO:0005515,GO:0005524,GO:0005694,GO:0007076,GO:0016887,GO:0051276
BXY_1423400	GO:0003677,GO:0003712,GO:0005634,GO:0006355,GO:0045893
BXY_1423500	GO:0005524,GO:0005737,GO:0016887
BXY_1423700	GO:0003723,GO:0005515,GO:0071013
BXY_1423800	GO:0004069,GO:0005829,GO:0006520,GO:0006532,GO:0008483,GO:0009058,GO:0030170
BXY_1424300	GO:0002953,GO:0005737
BXY_1424400	GO:0004842,GO:0005515,GO:0031436,GO:0070531,GO:0085020
BXY_1424500	GO:0032039,GO:0034472
BXY_1424600	GO:0004394,GO:0008146,GO:0015014,GO:0015015,GO:0016020
BXY_1424700	GO:0005515,GO:0005634,GO:0043130,GO:0043161
BXY_1424800	GO:0006378,GO:0016779,GO:0031123,GO:1990817
BXY_1425000	GO:0005085,GO:0005829,GO:0016192,GO:0030139,GO:0031267,GO:0043087
BXY_1425100	GO:0003676,GO:0003723,GO:0005634,GO:0005737,GO:0006396
BXY_1425200	GO:0003725,GO:0003729,GO:0005886,GO:0007281,GO:0008298,GO:0010494,GO:0035418,GO:0043005,GO:0043025,GO:0098964,GO:1990124
BXY_1425300	GO:0005524,GO:0006139,GO:0019205
BXY_1425700	GO:0004747,GO:0005829,GO:0006014,GO:0016301
BXY_1425900	GO:0005739,GO:0006637,GO:0047617
BXY_1426100	GO:0016020
BXY_1426200	GO:0005739,GO:0016020,GO:0033617
BXY_1426400	GO:0004930,GO:0007186,GO:0016020,GO:0019825,GO:0020037
BXY_1426500	GO:0005515
BXY_1426600	GO:0008375,GO:0016020,GO:0016757
BXY_1426700	GO:0004521
BXY_1426800	GO:0008028,GO:0015718,GO:0022857,GO:0055085
BXY_1427100	GO:0005783,GO:0060548
BXY_1427200	GO:0005262,GO:0005737,GO:0005783,GO:0005789,GO:0006874,GO:0016020,GO:0032469
BXY_1427300	GO:0000166,GO:0000287,GO:0003723,GO:0004826,GO:0005524,GO:0005737,GO:0006432,GO:0009328
BXY_1427400	GO:0000033,GO:0004378,GO:0006490,GO:0009101,GO:0012505,GO:0016757
BXY_1427500	GO:0005771,GO:0032511
BXY_1427600	GO:0005509
BXY_1427700	GO:0006357,GO:0016538
BXY_1427900	GO:0004550,GO:0006183,GO:0006228,GO:0006241
BXY_1428000	GO:0000462,GO:0005730,GO:0006364,GO:0019843,GO:0032040,GO:0034511
BXY_1428100	GO:0005829,GO:0006825,GO:0016531,GO:0046872
BXY_1428200	GO:0005634,GO:0005737
BXY_1428300	GO:0005198,GO:0005515,GO:0005622,GO:0016010
BXY_1428500	GO:0000122,GO:0000978,GO:0000981,GO:0003700,GO:0005634,GO:0006355,GO:0006357,GO:0008270,GO:0043565,GO:0045165,GO:0045944
BXY_1428700	GO:0005524,GO:0016020,GO:0016887,GO:0042626,GO:0055085,GO:0140359
BXY_1428800	GO:0008168
BXY_1428900	GO:0003712,GO:0006357,GO:0016592
BXY_1429100	GO:0005789,GO:0006506
BXY_1429400	GO:0016787
BXY_1429600	GO:0005604,GO:0007411,GO:0009887,GO:0009888
BXY_1429900	GO:0005604,GO:0007411,GO:0009887,GO:0009888
BXY_1430000	GO:0016616
BXY_1430100	GO:0004865,GO:0005634,GO:0008157
BXY_1430200	GO:0000795,GO:0007129,GO:0007131,GO:0016925,GO:0019789
BXY_1430600	GO:0005471,GO:0005743,GO:0055085,GO:0140021,GO:1901029,GO:1990544
BXY_1430700	GO:0003924,GO:0005525
BXY_1430900	GO:0005886,GO:0007157,GO:0032991,GO:0045197
BXY_1431000	GO:0005267,GO:0005886,GO:0015271,GO:0016020,GO:0022841,GO:0030322,GO:0071805
BXY_1431700	GO:0008289
BXY_1431800	GO:0008289
BXY_1431900	GO:0004843,GO:0016579
BXY_1432000	GO:0000122,GO:0000978,GO:0003700,GO:0004879,GO:0006355,GO:0008270,GO:0030154,GO:0043565,GO:0045944
BXY_1432100	GO:0005515,GO:0005737
BXY_1432300	GO:0003676,GO:0003723,GO:0003729,GO:0005847,GO:0031124,GO:0098789
BXY_1432400	GO:0000118,GO:0003714,GO:0005515,GO:0006357
BXY_1432500	GO:0003824,GO:0004736,GO:0005524,GO:0005737,GO:0006090,GO:0006094,GO:0046872
BXY_1432600	GO:0003779,GO:0003785,GO:0005938,GO:0042989
BXY_1432700	GO:0005515,GO:0005634,GO:0010468
BXY_1432800	GO:0000978,GO:0001006,GO:0019185,GO:0042795,GO:0042796
BXY_1432900	GO:0000175,GO:0000932,GO:0003723,GO:0004540,GO:0006402,GO:0010587
BXY_1433100	GO:0000724,GO:0003676,GO:0004386,GO:0005524,GO:0005694,GO:0005737,GO:0006268,GO:0006281,GO:0006310,GO:0009378,GO:0032508,GO:0043138
BXY_1433200	GO:0004198,GO:0005737,GO:0006508
BXY_1433400	GO:0005247,GO:0005886,GO:0006821,GO:0015108,GO:0016020,GO:0055085
BXY_1433600	GO:0000139,GO:0005789,GO:0005886,GO:0006686,GO:0016780,GO:0033188,GO:0046513,GO:0047493
BXY_1433800	GO:0004888,GO:0005216,GO:0005230,GO:0006811,GO:0016020,GO:0022848,GO:0034220,GO:0045211
BXY_1433900	GO:0001725,GO:0003779,GO:0005912,GO:0007507,GO:0030018,GO:0030036,GO:0031941,GO:0051371,GO:0061061
BXY_1434000	GO:0016020,GO:0020037,GO:0043231
BXY_1434100	GO:0003677,GO:0003755,GO:0006364
BXY_1434200	GO:0003690,GO:0005634,GO:0006260,GO:0006974
BXY_1434300	GO:0005546,GO:0005737,GO:0008154,GO:0015629,GO:0051014,GO:0051015,GO:0051016
BXY_1434400	GO:0001522,GO:0003723,GO:0005634,GO:0009451,GO:0009982,GO:0031119,GO:1990481
BXY_1434600	GO:0003924,GO:0005525,GO:0005634,GO:0005764,GO:0009267,GO:0010507,GO:1904263,GO:1990131
BXY_1434700	GO:0005763
BXY_1434800	GO:0000727,GO:0003677,GO:0003678,GO:0003697,GO:0005524,GO:0005634,GO:0006260,GO:0006268,GO:0006270,GO:0006271,GO:0017116,GO:0042555
BXY_1434900	GO:0000082,GO:0000307,GO:0004672,GO:0004674,GO:0004693,GO:0005524,GO:0005634,GO:0005737,GO:0006468,GO:0007165,GO:0010033,GO:0010389,GO:0010468,GO:0030332
BXY_1435000	GO:0005243,GO:0005886,GO:0005921
BXY_1435100	GO:0005634,GO:0005737,GO:0019888,GO:0030289
BXY_1435200	GO:0003980,GO:0005783,GO:0009101,GO:0018279,GO:0036503,GO:0051082
BXY_1435300	GO:0003735,GO:0005762,GO:0005840,GO:0006412,GO:0032543
BXY_1435400	GO:0000145,GO:0006886,GO:0006887,GO:0006893,GO:0016020,GO:0090522
BXY_1435500	GO:0000149,GO:0005484,GO:0005789,GO:0005794,GO:0006906,GO:0012507,GO:0016192,GO:0031201,GO:0031902
BXY_1435600	GO:0003682,GO:0005634,GO:0010468
BXY_1435700	GO:0000506,GO:0006506,GO:0016020
BXY_1435800	GO:0003676,GO:0003723,GO:0005634,GO:0006397
BXY_1435900	GO:0005515,GO:0005634,GO:0005737,GO:0070682
BXY_1436000	GO:0006862,GO:0055085
BXY_1436300	GO:0008643,GO:0016020,GO:0051119
BXY_1436600	GO:0000111,GO:0003677,GO:0003684,GO:0003697,GO:0005634,GO:0005737,GO:0006289,GO:0006298,GO:0071942
BXY_1436700	GO:0005634,GO:0005737,GO:0008541,GO:0061133,GO:0070628
BXY_1436800	GO:0000981,GO:0005634,GO:0006357
BXY_1436900	GO:0003774,GO:0005515,GO:0005524,GO:0005856,GO:0016459
BXY_1437000	GO:0003690,GO:0005524,GO:0005634,GO:0006298,GO:0007131,GO:0030983,GO:0140664
BXY_1437100	GO:0005267,GO:0005886,GO:0015271,GO:0016020,GO:0022841,GO:0030322,GO:0071805
BXY_1437300	GO:0004672,GO:0004674,GO:0004691,GO:0005524,GO:0005829,GO:0005952,GO:0006468
BXY_1437400	GO:0005794
BXY_1437500	GO:0015631,GO:0030992,GO:0036064,GO:0042073,GO:0060271
BXY_1437600	GO:0016192
BXY_1437800	GO:0003676,GO:0003723
BXY_1437900	GO:0004383,GO:0006182,GO:0008074,GO:0009190,GO:0016849,GO:0019934,GO:0020037,GO:0035556,GO:0070482
BXY_1438000	GO:0005794,GO:0006810,GO:0016020
BXY_1438100	GO:0003676,GO:0004483,GO:0005634,GO:0005737,GO:0006370,GO:0008168,GO:0032259,GO:0097309
BXY_1438200	GO:0000278,GO:0003682,GO:0005515,GO:0006261,GO:0006281,GO:0043596
BXY_1438300	GO:0005839,GO:0006511,GO:0019773,GO:0030163
BXY_1438400	GO:0000209,GO:0004842,GO:0006511,GO:0006974,GO:0016607,GO:0043161,GO:0061630
BXY_1438500	GO:0003676,GO:0003724,GO:0005524
BXY_1438600	GO:0005737
BXY_1438700	GO:0000977,GO:0000981,GO:0003677,GO:0005634,GO:0006355,GO:0006357,GO:0030182
BXY_1438900	GO:0005576,GO:0030414
BXY_1439000	GO:0000981,GO:0003700,GO:0005634,GO:0007423,GO:0045944,GO:0046983,GO:0061564,GO:0070888
BXY_1439100	GO:0003824,GO:0004663,GO:0005968,GO:0008318,GO:0018342,GO:0018344
BXY_1439200	GO:0005886,GO:0016020
BXY_1439300	GO:0000139,GO:0006493,GO:0009101,GO:0016020,GO:0016757,GO:0016758
BXY_1439400	GO:0000033,GO:0004378,GO:0006490,GO:0009101,GO:0012505,GO:0016757
BXY_1439500	GO:0015149,GO:0015749,GO:0016020,GO:0022857,GO:0055085
BXY_1439600	GO:0004519,GO:0005789,GO:0006487,GO:0006490,GO:0016758,GO:0042283
BXY_1439700	GO:0005886,GO:0006810,GO:0010960,GO:0022857
BXY_1439800	GO:0004499,GO:0050660,GO:0050661
BXY_1440000	GO:0003723,GO:0042254,GO:1990904
BXY_1440200	GO:0004298,GO:0005737,GO:0016787,GO:0051604
BXY_1441200	GO:0003824,GO:0003919,GO:0006747
BXY_1441500	GO:0004672,GO:0005524,GO:0006468
BXY_1441900	GO:0000104,GO:0005749,GO:0006121,GO:0008177,GO:0009055,GO:0016491,GO:0050660
BXY_1442400	GO:0003676,GO:0008270
BXY_1442600	GO:0004802,GO:0030976
BXY_1442800	GO:0003867,GO:0005739,GO:0009450,GO:0030170
BXY_1443100	GO:0005765
BXY_1443700	GO:0007018,GO:0030286,GO:0045505,GO:0051959
BXY_1444200	GO:0000786,GO:0003677,GO:0030527,GO:0046982
BXY_1444700	GO:0008237
BXY_1444900	GO:0005576,GO:0008061
BXY_1445200	GO:0004222,GO:0005886,GO:0006508,GO:0008237,GO:0016485
BXY_1445800	GO:0005515
BXY_1446000	GO:0004725,GO:0006470
BXY_1446100	GO:0006508,GO:0008234
BXY_1446600	GO:0004190,GO:0006508
BXY_1446700	GO:0004190,GO:0006508
BXY_1447900	GO:0005515
BXY_1448400	GO:0006508,GO:0008234
BXY_1448500	GO:0003867,GO:0005739,GO:0009450,GO:0030170
BXY_1449400	GO:0004797,GO:0005524,GO:0046104
BXY_1450500	GO:0004725,GO:0006470
BXY_1450600	GO:0005452,GO:0005886,GO:0006820,GO:0008509,GO:0008510,GO:0015701,GO:0016020,GO:0022857,GO:0050801,GO:0051453,GO:0055085
BXY_1451100	GO:0005230,GO:0006811,GO:0016020
BXY_1452600	GO:0006811,GO:0016020
BXY_1452900	GO:0004984,GO:0050907
BXY_1453000	GO:0003924,GO:0005525
BXY_1453100	GO:0004252,GO:0006508,GO:0008236
BXY_1453800	GO:0000978,GO:0003677,GO:0003700,GO:0004879,GO:0006355,GO:0006357,GO:0008270,GO:0009755,GO:0009888,GO:0043565,GO:0090575
BXY_1454200	GO:0004190,GO:0006508
BXY_1454900	GO:0043413
BXY_1455000	GO:0005267,GO:0005886,GO:0015271,GO:0016020,GO:0022841,GO:0030322,GO:0071805
BXY_1456100	GO:0000776,GO:0004672,GO:0004674,GO:0004712,GO:0005524,GO:0005634,GO:0006468,GO:0007059,GO:0007094,GO:0018105,GO:0033316,GO:0034501
BXY_1456400	GO:0000978,GO:0000981,GO:0003700,GO:0006355,GO:0006357,GO:0009653,GO:0030154,GO:0043565
BXY_1456700	GO:0004672,GO:0005524,GO:0006468
BXY_1457000	GO:0006820,GO:0008509,GO:0016020
BXY_1457300	GO:0000146,GO:0003774,GO:0005524,GO:0005737,GO:0007015,GO:0015629,GO:0016020,GO:0016459,GO:0051015
BXY_1457500	GO:0009101,GO:0016020,GO:0016758
BXY_1458200	GO:0005216,GO:0005262,GO:0005886,GO:0006811,GO:0016020,GO:0098703
BXY_1458600	GO:0003682,GO:0006338,GO:0006368,GO:0016586
BXY_1459200	GO:0006508,GO:0008234
BXY_1459400	GO:0005737,GO:0016316
BXY_1459500	GO:0003950
BXY_1459700	GO:0000139,GO:0005975,GO:0015018,GO:0016020,GO:0050650
BXY_1460000	GO:0005515
BXY_1460300	GO:0005219,GO:0005790,GO:0006816,GO:0006941,GO:0014808,GO:0030018,GO:0033017,GO:0034704,GO:0042383
BXY_1460500	GO:0005739,GO:0032981
BXY_1460600	GO:0005739,GO:0032981
BXY_1460800	GO:0006508,GO:0008234
BXY_1460900	GO:0004190,GO:0006508
BXY_1461100	GO:0000972,GO:0005643,GO:0006405,GO:0006606,GO:0006913,GO:0017056,GO:0036228,GO:0044611
BXY_1461500	GO:0005737,GO:0016020,GO:0043161,GO:0043231,GO:0061630,GO:0070936
BXY_1461900	GO:0005332,GO:0005886,GO:0006865,GO:0016020,GO:0035725,GO:0043005,GO:0071705
BXY_1462000	GO:0004888,GO:0007606,GO:0016020
BXY_1462100	GO:0005737,GO:0005856,GO:0030866,GO:0051015
BXY_1462300	GO:0000978,GO:0000981,GO:0003700,GO:0006355,GO:0006357,GO:0009653,GO:0030154,GO:0043565
BXY_1463000	GO:0001664,GO:0004672,GO:0004703,GO:0005524,GO:0006468,GO:0007186,GO:0009966
BXY_1463100	GO:0009986
BXY_1463400	GO:0000812,GO:0005524,GO:0006338,GO:0016887,GO:0042393,GO:0043486
BXY_1464100	GO:0000462,GO:0030515,GO:0032040,GO:0034388
BXY_1465600	GO:0005615,GO:0008289
BXY_1465700	GO:0003827,GO:0005794,GO:0006486,GO:0006487,GO:0008375,GO:0009101
BXY_1467100	GO:0004190,GO:0005764,GO:0006508,GO:0008219
BXY_1467400	GO:0019825,GO:0020037
BXY_1467800	GO:0004222,GO:0006508
BXY_1468000	GO:0003676,GO:0004527,GO:0005634
BXY_1468900	GO:0004222,GO:0005886,GO:0006508,GO:0008237,GO:0016485
BXY_1469100	GO:0008194
BXY_1469800	GO:0005515
BXY_1470300	GO:0003824,GO:0003919,GO:0006747
BXY_1470600	GO:0016405
BXY_1471400	GO:0003712,GO:0005634,GO:0070063
BXY_1471500	GO:0004653,GO:0005794,GO:0006493
BXY_1471800	GO:0003676,GO:0015074
BXY_1472300	GO:0005068,GO:0005104,GO:0005737,GO:0007169,GO:0008543
BXY_1472500	GO:0001653,GO:0004016,GO:0004383,GO:0004672,GO:0005524,GO:0005886,GO:0006182,GO:0006468,GO:0007168
BXY_1472600	GO:0015144,GO:0016020,GO:0034219
BXY_1473000	GO:0006508,GO:0008234
BXY_1473400	GO:0004029,GO:0005737,GO:0006081,GO:0016491
BXY_1473500	GO:0005524,GO:0015421,GO:0016887
BXY_1473800	GO:0000723,GO:0003678,GO:0006281
BXY_1474100	GO:0004190,GO:0006508
BXY_1474400	GO:0006508,GO:0008234
BXY_1474500	GO:0000723,GO:0003678,GO:0006281
BXY_1474700	GO:0005730,GO:0006357
BXY_1475400	GO:0003987,GO:0006085
BXY_1476100	GO:0005615
BXY_1476200	GO:0005739
BXY_1476400	GO:0006508,GO:0008234
BXY_1476600	GO:0005085,GO:0005737,GO:0016477,GO:0043087
BXY_1477400	GO:0004364,GO:0006749
BXY_1477800	GO:0005737,GO:0016020,GO:0034975
BXY_1478400	GO:0005243,GO:0005886,GO:0005921
BXY_1478700	GO:0005272,GO:0005886,GO:0006814,GO:0015280,GO:0016020,GO:0035725
BXY_1479200	GO:0004888,GO:0005216,GO:0005230,GO:0006811,GO:0016020,GO:0034220
BXY_1480100	GO:0022857
BXY_1480300	GO:0016491
BXY_1481500	GO:0004797,GO:0005524,GO:0046104
BXY_1481900	GO:0004797,GO:0005524,GO:0046104
BXY_1482000	GO:0004672,GO:0005524,GO:0006468
BXY_1482300	GO:0005119,GO:0005886,GO:0008158,GO:0045879,GO:0097108
BXY_1482500	GO:0043413
BXY_1482600	GO:0005515,GO:0005886,GO:0006898,GO:0016324,GO:0042562,GO:0043235
BXY_1483100	GO:0000786,GO:0003677,GO:0030527,GO:0046982
BXY_1484400	GO:0003887,GO:0005634,GO:0006260,GO:0008270
BXY_1484600	GO:0005576,GO:0030570,GO:0045490
BXY_1485300	GO:0005085,GO:0005737,GO:0016477,GO:0043087
BXY_1485400	GO:0005085,GO:0005886,GO:0007165,GO:0007264,GO:0007265,GO:0016324
BXY_1485700	GO:0004555,GO:0005975,GO:0005991,GO:0005993
BXY_1486100	GO:0005242,GO:0005886,GO:0006813,GO:0016020,GO:0034765,GO:1990573
BXY_1486200	GO:0004674,GO:0005524,GO:0006468
BXY_1486600	GO:0000390,GO:0071008
BXY_1487100	GO:0003779,GO:0016043
BXY_1487400	GO:0003989,GO:0005739,GO:0006633
BXY_1487600	GO:0003824,GO:0004301,GO:0097176
BXY_1488200	GO:0006811,GO:0016020
BXY_1488500	GO:0006508,GO:0008234
BXY_1488900	GO:0004497,GO:0005506,GO:0005737,GO:0006082,GO:0006805,GO:0016705,GO:0016712,GO:0020037,GO:0043231
BXY_1489700	GO:0005657,GO:0006260,GO:0032508
BXY_1490700	GO:0016491
BXY_1491100	GO:0001018,GO:0003677,GO:0003899,GO:0006351,GO:0006390,GO:0034245
BXY_1492000	GO:0004725,GO:0006470
BXY_1492500	GO:0008270
BXY_1493100	GO:0045127
BXY_1494100	GO:0005515
BXY_1494600	GO:0003676
BXY_1495100	GO:0004725,GO:0006470
BXY_1495400	GO:0003723,GO:0005730,GO:0006396
BXY_1496000	GO:0005524,GO:0016020,GO:0016887,GO:0042626,GO:0055085
BXY_1496400	GO:0004252,GO:0006508,GO:0008236
BXY_1497000	GO:0016020,GO:0055085
BXY_1498600	GO:0006508,GO:0008234
BXY_1499200	GO:0004672,GO:0005524,GO:0006468
BXY_1502600	GO:0006508,GO:0008234
BXY_1503300	GO:0005615,GO:0005737,GO:0006508,GO:0008237,GO:0008270,GO:0016020,GO:0042277,GO:0043171,GO:0070006
BXY_1504100	GO:0000139,GO:0004559,GO:0006013,GO:0006491,GO:0006517
BXY_1506800	GO:0005576
BXY_1509400	GO:0003987,GO:0006085
BXY_1509700	GO:0003676
BXY_1510000	GO:0005739,GO:0005811,GO:0005886,GO:0009247
BXY_1510200	GO:0004497,GO:0005506,GO:0005737,GO:0006082,GO:0006805,GO:0016705,GO:0016712,GO:0020037,GO:0043231
BXY_1510400	GO:0005737
BXY_1510600	GO:0016020,GO:0055085
BXY_1510700	GO:0005261,GO:0005886,GO:0030001,GO:0098655
BXY_1510800	GO:0004869
BXY_1510900	GO:0005283,GO:0005886,GO:0006865,GO:0015179,GO:0016020,GO:0035725,GO:0071705,GO:0089718
BXY_1511000	GO:0005814,GO:0005856,GO:0005879,GO:0008017,GO:0036064,GO:0036126
BXY_1511100	GO:0004366,GO:0005783,GO:0008374,GO:0016746,GO:0019432
BXY_1511200	GO:0000139,GO:0015165,GO:0016020,GO:0090481
BXY_1511300	GO:0004222,GO:0005886,GO:0006508,GO:0008237,GO:0016485
BXY_1511500	GO:0005802,GO:0042147,GO:0099041
BXY_1511800	GO:0001932,GO:0004862,GO:0005829,GO:0005952,GO:0008603,GO:0030552,GO:0034236,GO:2000480
BXY_1512000	GO:0000981,GO:0003700,GO:0005634,GO:0007423,GO:0045944,GO:0046983,GO:0061564,GO:0070888
BXY_1512100	GO:0005737,GO:0016491
BXY_1512200	GO:0005737,GO:0016491
BXY_1512300	GO:0005548,GO:0005737,GO:0008525,GO:0008526,GO:0015914,GO:0031210,GO:0035091
BXY_1512400	GO:0001401,GO:0005737,GO:0007005
BXY_1512500	GO:0005783,GO:0016491
BXY_1512600	GO:0000977,GO:0000981,GO:0003700,GO:0005634,GO:0006355,GO:0006357,GO:0042127,GO:0048856
BXY_1512700	GO:0000978,GO:0000981,GO:0005515,GO:0005667,GO:0006355,GO:0006357,GO:0009653,GO:0030154,GO:0030509,GO:0060395,GO:0070411,GO:0071144
BXY_1512800	GO:0004497,GO:0005506,GO:0016705,GO:0020037
BXY_1513000	GO:0016405
BXY_1513100	GO:0005509,GO:0005743,GO:0030003,GO:0043022
BXY_1513200	GO:0003682,GO:0005515,GO:0048188
BXY_1513400	GO:0005829,GO:0031929,GO:0043666
BXY_1513500	GO:0005525
BXY_1513600	GO:0005125,GO:0005576,GO:0005615,GO:0008083
BXY_1513800	GO:0003779,GO:0005829,GO:0007010,GO:0008360,GO:0016043,GO:0016477,GO:0022604,GO:0030036,GO:0030866,GO:0031267,GO:0051015
BXY_1513900	GO:0004725,GO:0006470,GO:0016311
BXY_1514000	GO:0005515
BXY_1514100	GO:0015144,GO:0016020,GO:0034219
BXY_1514200	GO:0005634
BXY_1514400	GO:0004416,GO:0051596
BXY_1514500	GO:0005313,GO:0006810,GO:0015183,GO:0015810,GO:0015813,GO:0022857,GO:0043490,GO:0055085
BXY_1514600	GO:0005783,GO:0006888,GO:0006890,GO:0016020,GO:0030134
BXY_1514700	GO:0042407,GO:0061617
BXY_1514800	GO:0005515
BXY_1514900	GO:0001518,GO:0005216,GO:0005245,GO:0005248,GO:0005261,GO:0005886,GO:0005891,GO:0006811,GO:0008332,GO:0016020,GO:0043005,GO:0055085,GO:0070509,GO:0070588,GO:0086010
BXY_1515200	GO:0006508,GO:0008236
BXY_1515300	GO:0016020
BXY_1515400	GO:0016020
BXY_1515500	GO:0000978,GO:0010468,GO:0031490,GO:0044666,GO:0071557,GO:0071558
BXY_1515700	GO:0000139,GO:0005795,GO:0006487,GO:0008455,GO:0009312,GO:0016020
BXY_1515900	GO:0005509
BXY_1516000	GO:0004382,GO:0005509,GO:0017110,GO:0030166,GO:0045134
BXY_1516100	GO:0005216,GO:0005262,GO:0005515,GO:0005886,GO:0006811,GO:0016020,GO:0098703
BXY_1516200	GO:0006886,GO:0016192,GO:0030131
BXY_1516300	GO:0031901,GO:0046872
BXY_1516400	GO:0008083
BXY_1516500	GO:0005886,GO:0007186,GO:0008528,GO:0016020
BXY_1516600	GO:0005765,GO:0005774,GO:0015184,GO:0015811
BXY_1516700	GO:0003676,GO:0005524,GO:0005737
BXY_1516800	GO:0005243,GO:0005886,GO:0005921
BXY_1516900	GO:0004430,GO:0005737,GO:0005886,GO:0016020,GO:0016301,GO:0046854,GO:0048015,GO:0052742
BXY_1517000	GO:0000978,GO:0000981,GO:0003677,GO:0003700,GO:0006355,GO:0006357
BXY_1517100	GO:0003924,GO:0005525
BXY_1517200	GO:0005272,GO:0005886,GO:0006814,GO:0015280,GO:0016020,GO:0035725
BXY_1517300	GO:0000339,GO:0003723,GO:0005829,GO:0010494,GO:0045727,GO:0048255
BXY_1517500	GO:0042254,GO:0042256
BXY_1517800	GO:0001671,GO:0030641,GO:0033176
BXY_1518100	GO:0003824
BXY_1518300	GO:0005509,GO:0016012,GO:0016020
BXY_1518400	GO:0004672,GO:0004674,GO:0004703,GO:0005524,GO:0005737,GO:0006468,GO:0007165,GO:0009966
BXY_1518600	GO:0003712,GO:0006357,GO:0006369,GO:0016592,GO:0070847
BXY_1518700	GO:0000139,GO:0003735,GO:0005789,GO:0005840,GO:0006412,GO:0006506
BXY_1518800	GO:0000122,GO:0003677,GO:0005730,GO:0006364
BXY_1518900	GO:0005515
BXY_1519000	GO:0006886,GO:0015031,GO:0016192,GO:0030117,GO:0030122,GO:0030131,GO:0035615,GO:0072583
BXY_1519200	GO:0005794,GO:0006829
BXY_1519400	GO:0000776,GO:0000922,GO:0004672,GO:0004674,GO:0005515,GO:0005524,GO:0005634,GO:0005737,GO:0005813,GO:0006468,GO:0007052
BXY_1519500	GO:0005216,GO:0005261,GO:0005886,GO:0006811,GO:0016020,GO:0032224,GO:0032230,GO:0055085
BXY_1519700	GO:0000978,GO:0000981,GO:0006357,GO:0046983
BXY_1519800	GO:0007409,GO:0007417,GO:0008201,GO:0016020,GO:0043005,GO:0043025,GO:0046914
BXY_1519900	GO:0000139,GO:0005537,GO:0005789,GO:0005793,GO:0006888,GO:0016020,GO:0030134
BXY_1520300	GO:0005737,GO:0009143,GO:0047429
BXY_1520400	GO:0019867,GO:0033108,GO:0045040
BXY_1520500	GO:0005770,GO:0005794,GO:0007034,GO:0016197,GO:1901096
BXY_1520700	GO:0003677,GO:0005634,GO:0042645,GO:0070987
BXY_1520800	GO:0006744,GO:0008168,GO:0008425
BXY_1520900	GO:0016020,GO:0022857,GO:0055085
BXY_1521000	GO:0004312,GO:0004315,GO:0006633,GO:0009058,GO:0016491,GO:0016740,GO:0016746,GO:0031177
BXY_1521200	GO:0005085,GO:0005886,GO:0007264,GO:0007265
BXY_1521300	GO:0005509,GO:0005783,GO:0017156
BXY_1521400	GO:0009986
BXY_1521500	GO:0016020
BXY_1521600	GO:0016263,GO:0016267
BXY_1522100	GO:0003779,GO:0030864,GO:0034316,GO:0071846,GO:0071933
BXY_1522200	GO:0000938,GO:0042147
BXY_1522300	GO:0004867
BXY_1522700	GO:0004672,GO:0004674,GO:0005524,GO:0005737,GO:0005794,GO:0006468
BXY_1522800	GO:0006537,GO:0015930,GO:0016040,GO:0016491,GO:0019676
BXY_1522900	GO:0007218
BXY_1523100	GO:0006537,GO:0015930,GO:0016491,GO:0016638,GO:0016639,GO:0051536
BXY_1523200	GO:0004672,GO:0004689,GO:0005516,GO:0005524,GO:0005964,GO:0005977,GO:0006468
BXY_1523300	GO:0005096,GO:0090630
BXY_1523500	GO:0005786,GO:0006614,GO:0008312,GO:0045900,GO:0048500
BXY_1523700	GO:0016020,GO:0022857,GO:0055085
BXY_1523900	GO:0005515,GO:0005604,GO:0008045,GO:0009887,GO:0009888,GO:0016358
BXY_1524200	GO:0005576,GO:0008061,GO:0046872
BXY_1524400	GO:0004190,GO:0006508
BXY_1524500	GO:0000398,GO:0003924,GO:0005525,GO:0005829,GO:0030623,GO:0046540,GO:0071007,GO:1990904
BXY_1524600	GO:0005515
BXY_1524700	GO:0005509,GO:0016460
BXY_1524800	GO:0003676,GO:0003723
BXY_1525600	GO:0005515
BXY_1525800	GO:0004869
BXY_1526300	GO:0004176,GO:0004222,GO:0005524,GO:0005743,GO:0006508,GO:0006515,GO:0007005,GO:0016020,GO:0016887
BXY_1526500	GO:0003677,GO:0005634,GO:0006357
BXY_1526600	GO:0000287,GO:0005829,GO:0008897,GO:0019878
BXY_1526700	GO:0005783
BXY_1526800	GO:0005739,GO:0009055,GO:0009063,GO:0033539
BXY_1527200	GO:0000146,GO:0003774,GO:0005524,GO:0005737,GO:0007015,GO:0015629,GO:0016020,GO:0016459,GO:0051015
BXY_1527400	GO:0005739,GO:0005811,GO:0005886,GO:0009247
BXY_1527500	GO:0005739,GO:0005811,GO:0005886,GO:0009247
BXY_1527600	GO:0004029,GO:0016491
BXY_1527700	GO:0005739,GO:0005829,GO:0006979,GO:0008379,GO:0016209,GO:0016491,GO:0033554,GO:0042744,GO:0045454,GO:0051920
BXY_1527800	GO:0005737,GO:0005829,GO:0005975,GO:0005986,GO:0006000,GO:0006002,GO:0006094,GO:0016791,GO:0030388,GO:0042132,GO:0042578
BXY_1527900	GO:0000226,GO:0004672,GO:0004674,GO:0005524,GO:0005737,GO:0006468,GO:0035556,GO:0050321
BXY_1528200	GO:0005515
BXY_1528300	GO:0005515
BXY_1528500	GO:0016020
BXY_1528600	GO:0009653
BXY_1528800	GO:0004222,GO:0005515,GO:0005615,GO:0006508,GO:0008237,GO:0008270,GO:0030198,GO:0030574,GO:0031012
BXY_1529000	GO:0005515
BXY_1529200	GO:0000226,GO:0015631,GO:0018095,GO:0036064,GO:0036211,GO:0070740
BXY_1529900	GO:0004869
BXY_1530000	GO:0004869,GO:0005615,GO:0005737,GO:0031982,GO:2000117
BXY_1530100	GO:0004869
BXY_1530300	GO:0004869
BXY_1530700	GO:0004222,GO:0006508,GO:0008237,GO:0008270,GO:0018996
BXY_1530900	GO:0005789,GO:0015031,GO:0016020
BXY_1531000	GO:0016020,GO:0022857,GO:0055085
BXY_1531300	GO:0006357
BXY_1531400	GO:0001401,GO:0005737,GO:0007005
BXY_1531600	GO:0001540,GO:0005515,GO:0005634,GO:0005737,GO:0006355,GO:0008134
BXY_1531900	GO:0004722,GO:0006470
BXY_1532100	GO:0005684,GO:0071014
BXY_1532200	GO:0003735,GO:0005762,GO:0005840,GO:0006412,GO:0015934
BXY_1532300	GO:0003824,GO:0004620,GO:0004767
BXY_1532400	GO:0006888
BXY_1532700	GO:0005515
BXY_1532800	GO:0005319,GO:0005524,GO:0006869,GO:0016020,GO:0016887,GO:0042626,GO:0043231,GO:0055085,GO:0140359
BXY_1532900	GO:0030544,GO:0051082
BXY_1533000	GO:0004222,GO:0005615,GO:0006508,GO:0008237,GO:0008270,GO:0030198,GO:0030574,GO:0031012
BXY_1533200	GO:0004672,GO:0004740,GO:0005739,GO:0006468,GO:0010906
BXY_1533300	GO:0016020
BXY_1533400	GO:0005283,GO:0005886,GO:0006865,GO:0015179,GO:0016020,GO:0035725,GO:0071705,GO:0089718
BXY_1533500	GO:0004843,GO:0005634,GO:0005829,GO:0016579
BXY_1533600	GO:0005515
BXY_1533700	GO:0005044,GO:0005737,GO:0016020
BXY_1533800	GO:0005044,GO:0005737,GO:0016020
BXY_1534100	GO:0004930,GO:0004993,GO:0005886,GO:0007186,GO:0007187,GO:0007197,GO:0007268,GO:0016020,GO:0016907,GO:0030425,GO:0030594,GO:0045202
BXY_1534200	GO:0005783,GO:0006511,GO:0046872,GO:0061630
BXY_1534400	GO:0005515
BXY_1535000	GO:0004672,GO:0004713,GO:0004714,GO:0005515,GO:0005524,GO:0005886,GO:0006468,GO:0007169,GO:0007275,GO:0033674,GO:0043235
BXY_1535100	GO:0016990,GO:0019546
BXY_1535200	GO:0005615,GO:0005737,GO:0006508,GO:0008270,GO:0016020,GO:0042277,GO:0043171,GO:0070006
BXY_1535300	GO:0003834,GO:0004744,GO:0010436,GO:0016121,GO:0016702,GO:0042574
BXY_1535400	GO:0004930,GO:0007186,GO:0016020
BXY_1535500	GO:0005267,GO:0005886,GO:0015271,GO:0016020,GO:0022841,GO:0030322,GO:0071805
BXY_1535600	GO:0000139,GO:0005789,GO:0006506
BXY_1535800	GO:0005267,GO:0005886,GO:0015271,GO:0016020,GO:0022841,GO:0030322,GO:0071805
BXY_1535900	GO:0003333,GO:0005774,GO:0015179,GO:0016020
BXY_1536400	GO:0016020,GO:0022857,GO:0051184,GO:0055085
BXY_1536500	GO:0003994,GO:0005739,GO:0005829,GO:0006099,GO:0051539
BXY_1536600	GO:0005085,GO:0032012
BXY_1536700	GO:0005267,GO:0005886,GO:0015271,GO:0016020,GO:0022841,GO:0030322,GO:0071805
BXY_1536800	GO:0008083
BXY_1536900	GO:0003735,GO:0005739,GO:0006412,GO:0015934
BXY_1537100	GO:0003824,GO:0004619,GO:0005737,GO:0005975,GO:0006007,GO:0030145,GO:0046537,GO:0046872
BXY_1537200	GO:0000226,GO:0005813,GO:0005868,GO:0007018,GO:0045504
BXY_1537800	GO:0005337,GO:0005415,GO:0005886,GO:0015293,GO:0016020,GO:1901642
BXY_1537900	GO:0006814
BXY_1538100	GO:0005078,GO:0005737,GO:0008432,GO:0016192,GO:0019894,GO:0030159
BXY_1538200	GO:0006357,GO:0035267
BXY_1538500	GO:0000978,GO:0000981,GO:0005515,GO:0005667,GO:0006355,GO:0006357,GO:0009653,GO:0030154,GO:0030509,GO:0060395,GO:0070411,GO:0071144
BXY_1538600	GO:0016311,GO:0016791
BXY_1538700	GO:0004222,GO:0005737,GO:0006508,GO:0016020,GO:0031293,GO:1905897,GO:1990440
BXY_1538800	GO:0005886,GO:0007156,GO:0008046,GO:0030424,GO:0043025,GO:0050808
BXY_1539000	GO:0007165
BXY_1539200	GO:0004930,GO:0005886,GO:0007186,GO:0016020
BXY_1539400	GO:0016020
BXY_1539500	GO:0004445,GO:0016791,GO:0046855,GO:0046856,GO:0048016
BXY_1539700	GO:0005737,GO:0006606
BXY_1539900	GO:0004888,GO:0005216,GO:0005230,GO:0006811,GO:0016020,GO:0034220
BXY_1540000	GO:0000977,GO:0000981,GO:0003677,GO:0005634,GO:0006357
BXY_1540600	GO:0004888,GO:0004930,GO:0005886,GO:0007166,GO:0007186,GO:0007188,GO:0008528,GO:0016020
BXY_1541500	GO:0005272,GO:0006814,GO:0016020
BXY_1541600	GO:0005272,GO:0005886,GO:0006814,GO:0015280,GO:0016020,GO:0035725
BXY_1541800	GO:0004674,GO:0005794,GO:0006468,GO:0016773
BXY_1541900	GO:0003756,GO:0005783,GO:0006457,GO:0034976
BXY_1542000	GO:0003756,GO:0005783,GO:0006457,GO:0034976
BXY_1542200	GO:0003756,GO:0005783,GO:0006457,GO:0034976
BXY_1542400	GO:0003723,GO:0003729,GO:0010494,GO:0034063
BXY_1542500	GO:0006811,GO:0016020
BXY_1542700	GO:0000993,GO:0031124
BXY_1542800	GO:0005509,GO:0005515,GO:0005615,GO:0008201
BXY_1542900	GO:0005515
BXY_1543200	GO:0005272,GO:0005886,GO:0006814,GO:0015280,GO:0016020,GO:0035725
BXY_1543400	GO:0019825,GO:0020037
BXY_1543500	GO:0005319,GO:0005524,GO:0006869,GO:0016020,GO:0016887,GO:0042626,GO:0043231,GO:0055085,GO:0140359
BXY_1543600	GO:0009986
BXY_1543700	GO:0003714,GO:0005634,GO:0009966,GO:0034243,GO:0035064
BXY_1544300	GO:0005524,GO:0007035,GO:0033180,GO:0046034,GO:0046961,GO:1902600
BXY_1544400	GO:0004869
BXY_1544500	GO:0004869
BXY_1544800	GO:0000977,GO:0000981,GO:0003677,GO:0005634,GO:0006355,GO:0006357,GO:0048598
BXY_1545000	GO:0006508,GO:0008239,GO:0070008
BXY_1545200	GO:0000209,GO:0000288,GO:0003725,GO:0003729,GO:0006511,GO:0010494,GO:0035613,GO:0046872,GO:0061630
BXY_1545300	GO:0005886,GO:0006812,GO:0006814,GO:0006885,GO:0015297,GO:0015385,GO:0015386,GO:0016020,GO:0051453,GO:0055085,GO:0071805,GO:0098719,GO:1902600
BXY_1545400	GO:0005085,GO:0005829,GO:0006897,GO:0032456,GO:0043231,GO:1901981
BXY_1545500	GO:0003824,GO:0005615,GO:0016301,GO:0016772,GO:0016775,GO:0046314
BXY_1545600	GO:0004930,GO:0007186,GO:0016020
BXY_1545800	GO:0003676,GO:0003723,GO:0005515
BXY_1545900	GO:0005515,GO:0005737,GO:0006914,GO:0016020,GO:0016192,GO:0034058
BXY_1546000	GO:0061630
BXY_1546300	GO:0000226,GO:0005815,GO:0005876,GO:0005881,GO:0008017,GO:0072686,GO:0090307
BXY_1546400	GO:0005509,GO:0016460
BXY_1546700	GO:0005272,GO:0005886,GO:0006814,GO:0015280,GO:0016020,GO:0035725
BXY_1546800	GO:0005272,GO:0005886,GO:0006814,GO:0015280,GO:0016020,GO:0035725
BXY_1546900	GO:0000287,GO:0002189,GO:0004749,GO:0005524,GO:0005737,GO:0006015,GO:0006164,GO:0009165
BXY_1547000	GO:0005509,GO:0005859,GO:0016460
BXY_1547100	GO:0003676,GO:0003723,GO:0003724,GO:0003725,GO:0004386,GO:0005524,GO:0005622,GO:0005730,GO:0016887,GO:0043138,GO:0045944,GO:0050684,GO:1990904
BXY_1547200	GO:0003924,GO:0005525
BXY_1547400	GO:0004058,GO:0005737,GO:0006520,GO:0006584,GO:0016830,GO:0016831,GO:0019752,GO:0030170,GO:0042427
BXY_1547500	GO:0005515,GO:0032874
BXY_1547700	GO:0004190,GO:0006508
BXY_1547800	GO:0005381,GO:0005384,GO:0005886,GO:0006828,GO:0010008,GO:0015086,GO:0016020,GO:0030001,GO:0034755,GO:0046873,GO:0055072
BXY_1547900	GO:0005381,GO:0005384,GO:0005886,GO:0006828,GO:0010008,GO:0015086,GO:0016020,GO:0030001,GO:0034755,GO:0046873
BXY_1548000	GO:0005381,GO:0005384,GO:0005886,GO:0006828,GO:0010008,GO:0015086,GO:0016020,GO:0030001,GO:0034755,GO:0046873,GO:0055072
BXY_1548100	GO:0005381,GO:0005384,GO:0005886,GO:0006828,GO:0010008,GO:0015086,GO:0016020,GO:0030001,GO:0034755,GO:0046873,GO:0055072
BXY_1548500	GO:0004190,GO:0005764,GO:0006508,GO:0008219
BXY_1548600	GO:0004190,GO:0006508
BXY_1548700	GO:0004190,GO:0006508
BXY_1548800	GO:0005737,GO:0006511,GO:0007275,GO:0031624,GO:0043161,GO:0061630
BXY_1548900	GO:0005829,GO:0008104,GO:0016020,GO:0019901
BXY_1549100	GO:0005515,GO:0005829,GO:0008104,GO:0016020,GO:0019901
BXY_1549200	GO:0003725,GO:0005634,GO:0005737,GO:0016442,GO:0030422,GO:0035197,GO:0070578,GO:0070920
BXY_1549300	GO:0006886,GO:0016192,GO:0030117,GO:0030131
BXY_1549400	GO:0001664,GO:0003924,GO:0005737,GO:0005834,GO:0007165,GO:0007186,GO:0007188,GO:0007191,GO:0007606,GO:0019001,GO:0031683
BXY_1549500	GO:0005515,GO:0006886,GO:0015031,GO:0016192,GO:0030117,GO:0030276
BXY_1549600	GO:0004553,GO:0004568,GO:0005576,GO:0005975,GO:0006032,GO:0008061
BXY_1549700	GO:0006633,GO:0016616,GO:0048038
BXY_1549800	GO:0006814,GO:0015293,GO:0016020,GO:0022857,GO:0055085
BXY_1549900	GO:0003333,GO:0015179,GO:0016020,GO:0022857,GO:0055085
BXY_1550000	GO:0004867
BXY_1550200	GO:0008028,GO:0015718,GO:0022857,GO:0055085
BXY_1550300	GO:0030424,GO:0042048,GO:0043025,GO:1990834
BXY_1550400	GO:0004222,GO:0006508,GO:0008237,GO:0008270,GO:0018996
BXY_1550500	GO:0004791,GO:0005634,GO:0030178,GO:0031397
BXY_1550600	GO:0000030,GO:0005637,GO:0016020,GO:0018103,GO:0018406
BXY_1550700	GO:0003924,GO:0005525
BXY_1551100	GO:0003677,GO:0005634,GO:0006357,GO:1990837
BXY_1551300	GO:0005283,GO:0005886,GO:0006865,GO:0015179,GO:0016020,GO:0035725,GO:0071705,GO:0089718
BXY_1551400	GO:0005783,GO:0060548
BXY_1551500	GO:0005515,GO:0005516
BXY_1551700	GO:0005886,GO:0006833,GO:0015250,GO:0015267,GO:0016020,GO:0055085
BXY_1551800	GO:0005523,GO:0005861,GO:0006936,GO:0006937,GO:0045214
BXY_1551900	GO:0005523,GO:0005861,GO:0006936,GO:0006937,GO:0045214
BXY_1552100	GO:0001664,GO:0005085,GO:0005515,GO:0005737,GO:0007186
BXY_1552200	GO:0016020,GO:0016757
BXY_1552300	GO:0005515
BXY_1552400	GO:0008146,GO:0008467
BXY_1552500	GO:0006820,GO:0016020,GO:0022857,GO:0055085
BXY_1552600	GO:0005886,GO:0016020
BXY_1552700	GO:0005634,GO:0005737,GO:0009408,GO:0042026,GO:0051082
BXY_1552800	GO:0005515,GO:0036064,GO:0060271,GO:0061512
BXY_1553000	GO:0005515
BXY_1553100	GO:0005515
BXY_1553700	GO:0004672,GO:0004674,GO:0005524,GO:0005737,GO:0006468,GO:0046777
BXY_1553900	GO:0006629
BXY_1554300	GO:0005783,GO:0006812,GO:0006829,GO:0006882,GO:0008324,GO:0016020,GO:0055085
BXY_1554400	GO:0006621,GO:0016020,GO:0046923
BXY_1554800	GO:0005789,GO:0009922,GO:0016020,GO:0019367,GO:0030148,GO:0034625,GO:0034626,GO:0042761
BXY_1555000	GO:0003746,GO:0005085,GO:0005829,GO:0005853,GO:0006414
BXY_1555100	GO:0012505,GO:0016020
BXY_1555200	GO:0001664,GO:0004672,GO:0004674,GO:0004703,GO:0005524,GO:0006468,GO:0007165,GO:0007186,GO:0009966
BXY_1555500	GO:0016491,GO:0032451,GO:0070988
BXY_1555900	GO:0004496,GO:0005524,GO:0005737,GO:0005829,GO:0006695,GO:0008299,GO:0019287
BXY_1556000	GO:0005509
BXY_1556100	GO:0004833,GO:0019441,GO:0019442,GO:0020037,GO:0046872
BXY_1556200	GO:0004332,GO:0006096
BXY_1556400	GO:0004190,GO:0006508
BXY_1556500	GO:0004190,GO:0006508
BXY_1557400	GO:0005829,GO:0009086,GO:0010181,GO:0016491,GO:0030586,GO:0050660,GO:0050667
BXY_1557500	GO:0005741,GO:0008320,GO:0030150,GO:0055085
BXY_1557800	GO:0004190,GO:0006508
BXY_1557900	GO:0004190,GO:0005764,GO:0006508,GO:0008219
BXY_1558100	GO:0005515,GO:0048188
BXY_1558200	GO:0005765,GO:0005774,GO:0015184,GO:0015811
BXY_1558300	GO:0001725,GO:0005925,GO:0098609
BXY_1558500	GO:0005507,GO:0005886,GO:0006826,GO:0016491,GO:0055072
BXY_1558800	GO:0000149,GO:0001786,GO:0005509,GO:0005544,GO:0005886,GO:0006906,GO:0017156,GO:0030276,GO:0030424,GO:0045202,GO:0048791,GO:0070382
BXY_1558900	GO:0005886,GO:0005911,GO:0050839,GO:0098609
BXY_1559200	GO:0005515,GO:0005886,GO:0043235
BXY_1560600	GO:0016020
BXY_1560700	GO:0000166,GO:0003723
BXY_1560800	GO:0000166
BXY_1560900	GO:0009986
BXY_1561000	GO:0005515,GO:0007165
BXY_1561100	GO:0004365,GO:0005829,GO:0006006,GO:0006096,GO:0016620,GO:0050661,GO:0051287
BXY_1561200	GO:0005782,GO:0006637,GO:0009062,GO:0047617
BXY_1561500	GO:0000981,GO:0003677,GO:0006355
BXY_1561900	GO:0004791,GO:0005634,GO:0030178,GO:0031397
BXY_1562100	GO:0042302
BXY_1562200	GO:0003924,GO:0005525
BXY_1562500	GO:0003824,GO:0004672,GO:0005524,GO:0005739,GO:0006468,GO:0050660,GO:0071949
BXY_1562600	GO:0004364,GO:0006749
BXY_1562700	GO:0004364,GO:0006749
BXY_1562800	GO:0005515,GO:0005783,GO:0005975,GO:0006006,GO:0016773,GO:0043843
BXY_1563000	GO:0005783,GO:0016491
BXY_1563100	GO:0005515,GO:0019005,GO:0043161
BXY_1563300	GO:0008289
BXY_1563400	GO:0004672,GO:0005515,GO:0005524,GO:0005634,GO:0006468
BXY_1563600	GO:0005524,GO:0016887
BXY_1563700	GO:0000978,GO:0000981,GO:0003677,GO:0005634,GO:0006355,GO:0006357
BXY_1563800	GO:0005634,GO:0005739,GO:0007005
BXY_1564000	GO:0004190,GO:0006508
BXY_1564100	GO:0004190,GO:0006508
BXY_1564200	GO:0004190,GO:0006508
BXY_1564300	GO:0004190,GO:0006508
BXY_1564500	GO:0004190,GO:0006508
BXY_1564600	GO:0004190,GO:0006508
BXY_1564700	GO:0048488
BXY_1564900	GO:0004497,GO:0005506,GO:0016705,GO:0020037
BXY_1565000	GO:0006672,GO:0016020,GO:0046514
BXY_1565100	GO:0006555,GO:0010308,GO:0010309
BXY_1565200	GO:0003676,GO:0004190,GO:0006508,GO:0015074
BXY_1565700	GO:0005216,GO:0005249,GO:0006811,GO:0006813,GO:0008076,GO:0016020,GO:0055085,GO:0071805
BXY_1565800	GO:0005515
BXY_1565900	GO:0003735,GO:0005840,GO:0006412
BXY_1566000	GO:0000398,GO:0008380,GO:0071006
BXY_1566100	GO:0042256,GO:0043022
BXY_1566900	GO:0005758
BXY_1567000	GO:0005769,GO:0005794,GO:0005886,GO:0009058,GO:0022890,GO:0072546
BXY_1567400	GO:0000785,GO:0000978,GO:0000981,GO:0001708,GO:0003700,GO:0005634,GO:0006355,GO:0006357,GO:0007507,GO:0045893
BXY_1567600	GO:0000723,GO:0003677,GO:0003690,GO:0006303,GO:0042162,GO:0043564
BXY_1567700	GO:0004722,GO:0005739,GO:0035970,GO:0090141
BXY_1567800	GO:0003676,GO:0003723,GO:0006396,GO:0006874,GO:0048471
BXY_1567900	GO:0000413,GO:0003755,GO:0005515
BXY_1568000	GO:0004134,GO:0004135,GO:0005975,GO:0005978,GO:0005980
BXY_1568100	GO:0005768,GO:0006904,GO:0007032,GO:0007033,GO:0007040,GO:0008333,GO:0030674,GO:0030897,GO:0048284
BXY_1568300	GO:0005515,GO:0005768,GO:0006886,GO:0006904,GO:0007032,GO:0007033,GO:0007040,GO:0008333,GO:0016192,GO:0030674,GO:0030897,GO:0048284
BXY_1568500	GO:0045127
BXY_1568700	GO:0000226,GO:0001782,GO:0005509,GO:0005813,GO:0005819,GO:0030865,GO:0035303,GO:0043029,GO:0045579
BXY_1568900	GO:0004499,GO:0050660,GO:0050661
BXY_1569000	GO:0005515,GO:0005634,GO:0006364
BXY_1569100	GO:0003676,GO:0003723,GO:1990904
BXY_1569200	GO:0016491,GO:0016671
BXY_1569500	GO:0003676,GO:0003724,GO:0005515,GO:0005524
BXY_1569600	GO:0005247,GO:0005886,GO:0006821,GO:0015108,GO:0016020,GO:0055085
BXY_1570300	GO:0016592
BXY_1570400	GO:0003735,GO:0005762,GO:0006412
BXY_1570600	GO:0009986
BXY_1570700	GO:0009986
BXY_1571400	GO:0043139
BXY_1571700	GO:0043139
BXY_1572100	GO:0042302
BXY_1572200	GO:0003777,GO:0005524,GO:0007017,GO:0007018,GO:0008017,GO:0015630
BXY_1572400	GO:0003924,GO:0005525,GO:0005764,GO:0005770,GO:0008333,GO:0045335,GO:0090385
BXY_1572500	GO:0003735,GO:0005762,GO:0005840,GO:0006412
BXY_1572600	GO:0000971,GO:0003972,GO:0005634,GO:0006396,GO:0008452,GO:0072669
BXY_1572700	GO:0003743,GO:0005085,GO:0005851,GO:0006413
BXY_1572800	GO:0004190,GO:0005764,GO:0006508,GO:0008219
BXY_1572900	GO:0004190,GO:0006508
BXY_1573100	GO:0005515,GO:0005524,GO:0005694,GO:0016887,GO:0051276
BXY_1573200	GO:0005643,GO:0006406,GO:0017056,GO:1901673
BXY_1573300	GO:0000981,GO:0003700,GO:0005634,GO:0006355,GO:0006357,GO:0030154,GO:0043565
BXY_1573800	GO:0004190,GO:0006508
BXY_1574200	GO:0004022,GO:0005737,GO:0008270,GO:0016491
BXY_1574400	GO:0004022,GO:0005737,GO:0008270,GO:0016491
BXY_1574600	GO:0001054,GO:0001056,GO:0003899,GO:0005666,GO:0005736,GO:0006351,GO:0006362,GO:0006383,GO:0046983
BXY_1574700	GO:0016020
BXY_1574800	GO:0004930,GO:0007186,GO:0016020
BXY_1574900	GO:0042302
BXY_1575000	GO:0005247,GO:0005886,GO:0006821,GO:0015108,GO:0016020,GO:0055085
BXY_1575100	GO:0005765,GO:0022857,GO:0055085
BXY_1575400	GO:0005783,GO:0006874
BXY_1575700	GO:0000724,GO:0005515,GO:0043130
BXY_1576200	GO:0005509
BXY_1576300	GO:0001727,GO:0005737,GO:0006665,GO:0016020,GO:0016301,GO:0016310,GO:0017050,GO:0043231,GO:0046512
BXY_1577300	GO:0004497,GO:0005506,GO:0005737,GO:0006082,GO:0006805,GO:0016705,GO:0016712,GO:0020037,GO:0043231
BXY_1577500	GO:0005929,GO:0061512
BXY_1577600	GO:0042302
BXY_1577800	GO:0005743,GO:0005747,GO:0032981,GO:0045271
BXY_1577900	GO:0000460,GO:0000470,GO:0005730,GO:0006364,GO:0019843,GO:0030687,GO:0042134
BXY_1578200	GO:0003723,GO:0003968,GO:0006351,GO:0039694
BXY_1579100	GO:0000712,GO:0000819,GO:0003677,GO:0003918,GO:0005524,GO:0005634,GO:0006259,GO:0006265
BXY_1579200	GO:0003676
BXY_1579400	GO:0004672,GO:0005524,GO:0006468
BXY_1579500	GO:0000413,GO:0003755,GO:0005737,GO:0006457,GO:0016018,GO:0043231
BXY_1579700	GO:0008253
BXY_1579900	GO:0005515,GO:0005634,GO:0005737,GO:0010992,GO:0043130,GO:0043161
BXY_1580100	GO:0004190,GO:0005764,GO:0006508,GO:0008219
BXY_1580400	GO:0016020,GO:0022857,GO:0055085
BXY_1580500	GO:0016020,GO:0022857,GO:0055085
BXY_1580800	GO:0000281,GO:0000915,GO:0005826,GO:0031106
BXY_1581100	GO:0003677
BXY_1581400	GO:0000124,GO:0003713,GO:0005669,GO:0006352,GO:0016251,GO:0046982,GO:0051123
BXY_1581600	GO:0005215,GO:0005886,GO:0008643,GO:0015293,GO:0016020,GO:0071702
BXY_1581700	GO:0005515
BXY_1582000	GO:0003824,GO:0004497,GO:0005507,GO:0005576,GO:0006518,GO:0016020,GO:0016715
BXY_1582100	GO:0000786,GO:0003677,GO:0030527,GO:0046982
BXY_1582300	GO:0006355
BXY_1582400	GO:0005886,GO:0006897,GO:0016020,GO:0018996,GO:0030659
BXY_1582700	GO:0003676,GO:0003723
BXY_1582900	GO:0006886,GO:0006887,GO:0008021,GO:0016020,GO:0017158,GO:0031267,GO:0045202,GO:0061669
BXY_1583300	GO:0004930,GO:0007186,GO:0016020
BXY_1583600	GO:0005811,GO:0016616
BXY_1583700	GO:0009986
BXY_1584200	GO:0004672,GO:0005524,GO:0006468
BXY_1584300	GO:0000165,GO:0004672,GO:0004708,GO:0005524,GO:0006468
BXY_1584400	GO:0005515,GO:0005930,GO:0008104,GO:0016020,GO:0034464,GO:0036064,GO:0043005,GO:0046907,GO:0060271
BXY_1584600	GO:0000289,GO:0000932,GO:0004535,GO:0005515,GO:0031251
BXY_1584700	GO:0004930,GO:0007186,GO:0016020
BXY_1585700	GO:0005515,GO:0005868,GO:0042073,GO:0045503,GO:0045504
BXY_1585800	GO:0004305,GO:0005737,GO:0006646
BXY_1585900	GO:0004672,GO:0004674,GO:0005524,GO:0005737,GO:0006468,GO:0035556
BXY_1586200	GO:0005615,GO:0005737,GO:0006508,GO:0008237,GO:0008270,GO:0016020,GO:0042277,GO:0043171,GO:0070006
BXY_1586300	GO:0005615,GO:0005737,GO:0006508,GO:0008237,GO:0008270,GO:0016020,GO:0042277,GO:0043171,GO:0070006
BXY_1586400	GO:0005085,GO:0005829,GO:0032483,GO:0042981
BXY_1587100	GO:0007606,GO:0016020
BXY_1587200	GO:0005576,GO:0030570,GO:0045490
BXY_1587300	GO:0005576,GO:0030570,GO:0045490
BXY_1587500	GO:0005576,GO:0030570,GO:0045490
BXY_1587600	GO:0005576,GO:0030570,GO:0045490
BXY_1587700	GO:0005576,GO:0030570,GO:0045490
BXY_1587800	GO:0004222,GO:0005886,GO:0006508,GO:0008237,GO:0016485
BXY_1587900	GO:0004842,GO:0005515,GO:0031436,GO:0070531,GO:0085020
BXY_1588000	GO:0004190,GO:0006508
BXY_1588300	GO:0007606,GO:0016020
BXY_1588400	GO:0000785,GO:0000978,GO:0000981,GO:0001708,GO:0003700,GO:0005634,GO:0006355,GO:0006357,GO:0045893
BXY_1588500	GO:0004252,GO:0006508,GO:0008236
BXY_1588600	GO:0005737,GO:0005829,GO:0016787,GO:0016831,GO:0019748
BXY_1588700	GO:0004888,GO:0005216,GO:0005230,GO:0006811,GO:0016020,GO:0034220
BXY_1588800	GO:0005737,GO:0005829,GO:0016831,GO:0019748
BXY_1588900	GO:0008250,GO:0018279
BXY_1589000	GO:0000786,GO:0003677,GO:0030527,GO:0046982
BXY_1589200	GO:0005509,GO:0005911,GO:0016020,GO:0098609
BXY_1589400	GO:0001522,GO:0003723,GO:0009451,GO:0009982,GO:0031119
BXY_1589500	GO:0003677,GO:0003916,GO:0003917,GO:0005634,GO:0006265,GO:0006281,GO:0006310
BXY_1589600	GO:0000122,GO:0000976,GO:0001222,GO:0005634,GO:0005737,GO:0032922,GO:0043153
BXY_1589800	GO:0005737,GO:0015031
BXY_1589900	GO:0005385,GO:0005886,GO:0016020,GO:0030001,GO:0046873,GO:0055085,GO:0071577
BXY_1590000	GO:0005509
BXY_1590100	GO:0006629,GO:0016491,GO:0016627,GO:0042761
BXY_1590200	GO:0002183,GO:0003743,GO:0005085,GO:0005851,GO:0009058,GO:0032045
BXY_1590300	GO:0008441,GO:0046854
BXY_1590400	GO:0000462,GO:0005515,GO:0005730,GO:0032040
BXY_1590600	GO:0004370,GO:0005739,GO:0005975,GO:0006071,GO:0006072,GO:0006641,GO:0016301,GO:0016310,GO:0016773,GO:0046167
BXY_1590700	GO:0000127,GO:0001002,GO:0001003,GO:0006384
BXY_1590800	GO:0003676,GO:0004523,GO:0043137,GO:0090502
BXY_1590900	GO:0005886,GO:0006865,GO:0015171
BXY_1591000	GO:0035267
BXY_1591100	GO:0005739,GO:0005747
BXY_1591400	GO:0005216,GO:0006811,GO:0015276,GO:0016020,GO:0038023
BXY_1591700	GO:0004861,GO:0005634,GO:0051726
BXY_1591800	GO:0004861,GO:0005634,GO:0051726
BXY_1592100	GO:0004497,GO:0004511,GO:0005506,GO:0005737,GO:0006585,GO:0009072,GO:0016714,GO:0030424,GO:0043204
BXY_1592300	GO:0003779
BXY_1592600	GO:0000978,GO:0000981,GO:0003677,GO:0003700,GO:0006355,GO:0006357
BXY_1593100	GO:0005794,GO:0015012,GO:0047464
BXY_1593200	GO:0005747
BXY_1593500	GO:0005524,GO:0016887
BXY_1593700	GO:0006508,GO:0008234
BXY_1593900	GO:0004100,GO:0006031,GO:0016758,GO:0030428,GO:0071944
BXY_1594000	GO:0004222,GO:0005886,GO:0006508,GO:0008237,GO:0016485
BXY_1594100	GO:0003735,GO:0005840,GO:0006412
BXY_1594300	GO:0005615,GO:0062023
BXY_1594400	GO:0004521,GO:0004540,GO:0004672,GO:0004674,GO:0005524,GO:0006397,GO:0006468,GO:0030968,GO:0036498,GO:0051082,GO:0070059,GO:1990604
BXY_1594500	GO:0005216,GO:0005272,GO:0005886,GO:0006811,GO:0006814,GO:0015280,GO:0016020,GO:0035725
BXY_1594600	GO:0005515
BXY_1594700	GO:0003676,GO:0005737,GO:0007265,GO:0008270,GO:0016567,GO:0061630
BXY_1594900	GO:0004386,GO:0043139
BXY_1595000	GO:0006120
BXY_1595100	GO:0016311,GO:0016791
BXY_1595200	GO:0005737,GO:0016567,GO:0061630
BXY_1595300	GO:0000166,GO:0004812,GO:0004827,GO:0005524,GO:0005737,GO:0005739,GO:0006418,GO:0006433
BXY_1595400	GO:0004222,GO:0006508,GO:0008237
BXY_1595500	GO:0000978,GO:0000981,GO:0006357
BXY_1595900	GO:0000978,GO:0003700,GO:0006355,GO:0008270,GO:0043565
BXY_1596200	GO:0005524,GO:0005634,GO:0032958,GO:0035299,GO:0052746
BXY_1596300	GO:0031048,GO:0071013,GO:1902369
BXY_1596400	GO:0000146,GO:0003774,GO:0005524,GO:0005737,GO:0007015,GO:0015629,GO:0016020,GO:0016459,GO:0051015
BXY_1596600	GO:0000146,GO:0003774,GO:0005524,GO:0005737,GO:0006936,GO:0016459,GO:0016460,GO:0032982,GO:0045214,GO:0051015
BXY_1596700	GO:0005515,GO:0034975,GO:0072546
BXY_1596900	GO:0001731,GO:0003723,GO:0003743
BXY_1597000	GO:0001725,GO:0003779,GO:0005912,GO:0007507,GO:0030018,GO:0030036,GO:0031941,GO:0051371,GO:0061061
BXY_1597100	GO:0016747
BXY_1597200	GO:0003676,GO:0003723,GO:0005686,GO:0005730,GO:0048026,GO:0071011
BXY_1597700	GO:0000462,GO:0003676,GO:0003723,GO:0004386,GO:0005524,GO:0005622,GO:0005730
BXY_1597800	GO:0003723,GO:0005730,GO:0042254,GO:1990904
BXY_1597900	GO:0005886,GO:0010756
BXY_1598000	GO:0005886,GO:0010756
BXY_1598300	GO:0019825,GO:0020037
BXY_1598400	GO:0000175,GO:0003676,GO:0005739
BXY_1598600	GO:0001609,GO:0001973,GO:0004930,GO:0005886,GO:0007186,GO:0016020
BXY_1598700	GO:0000439,GO:0005675,GO:0006289,GO:0006355,GO:0070816
BXY_1598800	GO:0000978,GO:0003700,GO:0006355,GO:0008270,GO:0043565
BXY_1598900	GO:0016791,GO:0043231,GO:0043813,GO:0046856
BXY_1599100	GO:0000139,GO:0005789,GO:0005886,GO:0006686,GO:0016780,GO:0033188,GO:0046513,GO:0047493
BXY_1599200	GO:0005096,GO:0031267,GO:0043087
BXY_1599300	GO:0003735,GO:0005739,GO:0005840,GO:0006412
BXY_1599500	GO:0000015,GO:0000287,GO:0004634,GO:0006096
BXY_1599800	GO:0000978,GO:0000981,GO:0003677,GO:0006355,GO:0006357,GO:0048856
BXY_1599900	GO:0005267,GO:0005886,GO:0015271,GO:0016020,GO:0022841,GO:0030322,GO:0071805
BXY_1600100	GO:0005783,GO:0005789,GO:0015031,GO:0016020,GO:0031204
BXY_1600300	GO:0000978,GO:0003700,GO:0006355,GO:0008270,GO:0043565
BXY_1600400	GO:0005783,GO:0016491
BXY_1600500	GO:0005794,GO:0007030
BXY_1600600	GO:0019901,GO:0043406,GO:0090443,GO:1903358
BXY_1600700	GO:0005515,GO:0005737,GO:0042327
BXY_1600800	GO:0004930,GO:0005886,GO:0007186,GO:0008528,GO:0016020
BXY_1601000	GO:0005509,GO:0005515,GO:0005886,GO:0006898,GO:0016324,GO:0042562,GO:0043235
BXY_1601100	GO:0005886,GO:0006897,GO:0016020,GO:0018996,GO:0030659
BXY_1601500	GO:0012505,GO:0016020
BXY_1601600	GO:0003676,GO:0003723,GO:0004523,GO:0006298,GO:0016070,GO:0032299,GO:0043137
BXY_1601700	GO:0004719,GO:0005737,GO:0036211
BXY_1601800	GO:0016567,GO:0043022,GO:0061630,GO:0072344
BXY_1601900	GO:0005737,GO:0036211
BXY_1602000	GO:0005634,GO:0010468
BXY_1602200	GO:0000176,GO:0000177,GO:0000467,GO:0016075,GO:0034427,GO:0034473,GO:0034475,GO:0034476,GO:0035925,GO:0043928,GO:0071028,GO:0071035,GO:0071038
BXY_1602700	GO:0000785,GO:0003676,GO:0003723,GO:0005654,GO:0010468
BXY_1603000	GO:0004672,GO:0005524,GO:0006468
BXY_1603100	GO:0006357,GO:0016538
BXY_1603300	GO:0005886,GO:0006811,GO:0006884,GO:0007268,GO:0015377,GO:0015379,GO:0016020,GO:0022857,GO:0055064,GO:0055075,GO:0055085,GO:1902476,GO:1990573
BXY_1603400	GO:0005886,GO:0006897,GO:0016020,GO:0018996,GO:0022857,GO:0030659,GO:0055085
BXY_1603600	GO:0000166,GO:0004812,GO:0004820,GO:0005524,GO:0005737,GO:0005739,GO:0006418,GO:0006426,GO:0070150
BXY_1603700	GO:0000166,GO:0004812,GO:0004820,GO:0005524,GO:0005737,GO:0005739,GO:0006418,GO:0006426,GO:0070150
BXY_1603800	GO:0000978,GO:0000981,GO:0003677,GO:0005634,GO:0006357
BXY_1604000	GO:0006099,GO:0009055,GO:0009060,GO:0016491,GO:0022904,GO:0031966,GO:0051536,GO:0051537
BXY_1604100	GO:0005829
BXY_1604200	GO:0005750,GO:0006122
BXY_1605000	GO:0005634
BXY_1605100	GO:0003779,GO:0015629,GO:0030042
BXY_1605300	GO:0005524,GO:0005739,GO:0006457,GO:0044183,GO:0046872,GO:0051082,GO:0051085,GO:0051087
BXY_1605500	GO:0000166,GO:0002161,GO:0004812,GO:0004823,GO:0005524,GO:0006418,GO:0006429
BXY_1605800	GO:0002181,GO:0003735,GO:0005840,GO:0006412,GO:0022625
BXY_1606200	GO:0000398,GO:0003676,GO:0003723,GO:0003730,GO:0071013
BXY_1606400	GO:0005768,GO:0007165,GO:0016020,GO:0030276,GO:0035091,GO:0043130
BXY_1606600	GO:0005094,GO:0005515,GO:0005737,GO:0005829,GO:0007266,GO:0016020
BXY_1606800	GO:0000785,GO:0008270,GO:0016925,GO:0061665
BXY_1606900	GO:0005834,GO:0007186,GO:0031681
BXY_1607000	GO:0044389
BXY_1607100	GO:0000149,GO:0005484,GO:0006886,GO:0006906,GO:0012505,GO:0016020,GO:0016192,GO:0031201,GO:0048278
BXY_1607200	GO:0030008,GO:0048193
BXY_1607300	GO:0000398,GO:0003723,GO:0005515,GO:0005685,GO:0045292,GO:0071004
BXY_1607400	GO:0004222,GO:0005886,GO:0006508,GO:0008237,GO:0016485
BXY_1607500	GO:0004222,GO:0005886,GO:0006508,GO:0008237,GO:0016485
BXY_1607700	GO:0005739,GO:0015187,GO:0055085,GO:1904983
BXY_1607800	GO:0005216,GO:0006811,GO:0015276,GO:0016020,GO:0038023
BXY_1607900	GO:0000786,GO:0003677,GO:0030527,GO:0046982
BXY_1608000	GO:0000786,GO:0003677,GO:0030527,GO:0046982
BXY_1608100	GO:0000786,GO:0003677,GO:0030527,GO:0046982
BXY_1608200	GO:0000786,GO:0003677,GO:0030527,GO:0046982
BXY_1608300	GO:0005615,GO:0031012
BXY_1608400	GO:0004016,GO:0005886,GO:0006171,GO:0007189,GO:0009190,GO:0035556
BXY_1608500	GO:0005515,GO:0005737
BXY_1608600	GO:0005737,GO:0006457,GO:0016272,GO:0051082,GO:1990113,GO:1990114,GO:1990115
BXY_1608900	GO:0016409
BXY_1609100	GO:0003824,GO:0004084,GO:0005739,GO:0009081,GO:0009098,GO:0009099
BXY_1609200	GO:0000139,GO:0005789,GO:0005886,GO:0006686,GO:0016780,GO:0033188,GO:0046513,GO:0047493
BXY_1609300	GO:0005615,GO:0008289
BXY_1609500	GO:0016020
BXY_1609800	GO:0000245,GO:0004672,GO:0004674,GO:0005524,GO:0005634,GO:0005737,GO:0006468,GO:0018105,GO:0050684
BXY_1609900	GO:0005543,GO:0006886,GO:0019904,GO:0032588,GO:0034315
BXY_1610000	GO:0004842,GO:0005515,GO:0005737,GO:0006511,GO:0016567,GO:0048814,GO:0061630,GO:2000650
BXY_1610100	GO:0005267,GO:0005886,GO:0015271,GO:0016020,GO:0022841,GO:0030322,GO:0071805
BXY_1610200	GO:0005267,GO:0005886,GO:0015271,GO:0016020,GO:0022841,GO:0030322,GO:0071805
BXY_1610300	GO:0001784,GO:0004842,GO:0005509,GO:0005886,GO:0007165,GO:0007166,GO:0007175,GO:0017124,GO:0023051,GO:0030971,GO:0045121,GO:0061630
BXY_1610400	GO:0005737,GO:0005886,GO:0005942,GO:0016020,GO:0016301,GO:0016303,GO:0016477,GO:0035005,GO:0035091,GO:0036092,GO:0043491,GO:0046854,GO:0048015,GO:0052742
BXY_1610500	GO:0004930,GO:0007186,GO:0016020
BXY_1610600	GO:0005737,GO:0015031
BXY_1610700	GO:0005515,GO:0005576,GO:0006508
BXY_1610800	GO:0007186,GO:0019236
BXY_1610900	GO:0000978,GO:0000981,GO:0005634,GO:0006357,GO:0045165
BXY_1611100	GO:0004467,GO:0005783,GO:0006631,GO:0016020
BXY_1611200	GO:0004672,GO:0004674,GO:0005524,GO:0005737,GO:0006468,GO:0046777
BXY_1611300	GO:0004672,GO:0004694,GO:0005515,GO:0005524,GO:0005634,GO:0005737,GO:0005829,GO:0006468,GO:0010998,GO:1990625
BXY_1611400	GO:0005634,GO:0006355,GO:0030015
BXY_1611600	GO:0023051,GO:0030155
BXY_1611900	GO:0004653,GO:0005794,GO:0006493
BXY_1612000	GO:0005524,GO:0016887
BXY_1612100	GO:0005515
BXY_1612200	GO:0004930,GO:0005886,GO:0007186,GO:0016020,GO:0043410,GO:0071880
BXY_1612300	GO:0005811,GO:0016616
BXY_1612500	GO:0000978,GO:0000981,GO:0006357
BXY_1612600	GO:0007275,GO:0016020
BXY_1612700	GO:0005515,GO:0016409
BXY_1612800	GO:0003924,GO:0005525
BXY_1612900	GO:0003735,GO:0005762,GO:0005840,GO:0006412,GO:0015934
BXY_1613300	GO:0001676,GO:0004467,GO:0005783,GO:0005811,GO:0005886,GO:0016020,GO:0030182,GO:0035336
BXY_1613400	GO:0005096,GO:0005515,GO:0005737,GO:0005886,GO:0006893,GO:0008593,GO:0019905,GO:0030864,GO:0030866,GO:0032878,GO:0045159,GO:0051294
BXY_1613500	GO:0004222,GO:0006508,GO:0008237
BXY_1613600	GO:0004066,GO:0005829,GO:0006529,GO:0070981
BXY_1613700	GO:0008028,GO:0015718,GO:0022857,GO:0055085
BXY_1613800	GO:0003684,GO:0003887,GO:0005634,GO:0006281,GO:0042276
BXY_1614000	GO:0003735,GO:0005763,GO:0005840,GO:0006412,GO:0032543,GO:0070181
BXY_1614100	GO:0005737,GO:0061657,GO:0071568,GO:0071569,GO:1990592
BXY_1614200	GO:0003676
BXY_1614500	GO:0005515,GO:0019887,GO:0030165
BXY_1614600	GO:0003779,GO:0008092
BXY_1614700	GO:0005929
BXY_1615000	GO:0005509,GO:0016460
BXY_1615200	GO:0005085,GO:0005886,GO:0007264,GO:0007265,GO:0035556
BXY_1615300	GO:0005634,GO:0005737,GO:0016706,GO:0018126,GO:0043565,GO:0045905
BXY_1615400	GO:0004430,GO:0005765,GO:0005768,GO:0005802,GO:0005886,GO:0007030,GO:0007032,GO:0046854
BXY_1615600	GO:0004930,GO:0007186,GO:0016020
BXY_1615700	GO:0035869,GO:0060271
BXY_1616000	GO:0003779
BXY_1616100	GO:0005515,GO:0036503
BXY_1616300	GO:0016491,GO:0016671
BXY_1616400	GO:0005737,GO:0005739,GO:0006915,GO:0012501,GO:0016174,GO:0016491,GO:0016651,GO:0033108,GO:0071949
BXY_1616600	GO:0004930,GO:0004983,GO:0007186,GO:0016020
BXY_1616700	GO:0005185,GO:0005576
BXY_1616800	GO:0005886,GO:0016020
BXY_1616900	GO:0005761,GO:0005762
BXY_1617000	GO:0005509,GO:0005793,GO:0070062
BXY_1617100	GO:0005515
BXY_1617300	GO:0005096,GO:0007165,GO:0007264
BXY_1617400	GO:0005261,GO:0030424,GO:0034703,GO:0055080
BXY_1617500	GO:0005737,GO:0005886,GO:0006810
BXY_1617600	GO:0006412
BXY_1617700	GO:0000166,GO:0000287,GO:0005215,GO:0005524,GO:0005802,GO:0005886,GO:0015914,GO:0016020,GO:0016887,GO:0045332,GO:0140326
BXY_1617800	GO:0005267,GO:0005886,GO:0015271,GO:0016020,GO:0022841,GO:0030322,GO:0071805
BXY_1617900	GO:0099503
BXY_1618000	GO:0005267,GO:0005886,GO:0015271,GO:0016020,GO:0022841,GO:0030322,GO:0071805
BXY_1618200	GO:0004930,GO:0004989,GO:0005886,GO:0007186,GO:0016020
BXY_1618300	GO:0005777,GO:0035336,GO:0043231,GO:0080019
BXY_1618400	GO:0004930,GO:0005886,GO:0007186,GO:0016020,GO:0043410,GO:0071880
BXY_1618500	GO:0003700,GO:0006355
BXY_1618700	GO:0003676,GO:0003723,GO:0004386,GO:0005524,GO:0005622
BXY_1618800	GO:0005892,GO:0016020
BXY_1618900	GO:0005229,GO:0005886,GO:0016020,GO:0072320
BXY_1619000	GO:0022857,GO:0031526,GO:0055085
BXY_1619200	GO:0015078,GO:0033177,GO:0033179,GO:0046961,GO:1902600
BXY_1619300	GO:0004930,GO:0005886,GO:0007186,GO:0016020,GO:0042277,GO:0043005
BXY_1619500	GO:0005515,GO:0007035,GO:0043291
BXY_1619700	GO:0016020
BXY_1619900	GO:0005515,GO:0019005,GO:0043161,GO:0045202,GO:0060386
BXY_1620000	GO:0003735,GO:0005762,GO:0005840,GO:0006412
BXY_1620100	GO:0005737,GO:0015031
BXY_1620200	GO:0003824,GO:0004556,GO:0005975,GO:0043169
BXY_1620400	GO:0003924,GO:0005525,GO:0007165,GO:0016020
BXY_1620500	GO:0005634,GO:0016973
BXY_1620600	GO:0005515,GO:0005615,GO:0062023
BXY_1620700	GO:0005769,GO:0035091,GO:0043231
BXY_1620800	GO:0008270
BXY_1621000	GO:0004168,GO:0005789,GO:0043048
BXY_1621100	GO:0016020
BXY_1621300	GO:0008253
BXY_1621400	GO:0003735,GO:0005762
BXY_1621500	GO:0003824,GO:0004333,GO:0005739,GO:0006099,GO:0006106,GO:0006108,GO:0016829
BXY_1621600	GO:0003676,GO:0005524
BXY_1621700	GO:0000981,GO:0003677,GO:0005634,GO:0006355,GO:0006357,GO:1990837
BXY_1621800	GO:0003677,GO:0003887,GO:0006260,GO:0006261,GO:0006302,GO:0097681
BXY_1621900	GO:0004656,GO:0005506,GO:0005515,GO:0005783,GO:0016705,GO:0018401,GO:0031418
BXY_1622000	GO:0004672,GO:0005524,GO:0005737,GO:0006468,GO:0007165,GO:0007265
BXY_1622100	GO:0000703,GO:0003677,GO:0003824,GO:0003906,GO:0005634,GO:0006281,GO:0006284,GO:0006285,GO:0006289
BXY_1622200	GO:0003958,GO:0005829,GO:0009725,GO:0010181,GO:0016491,GO:0050660
BXY_1622600	GO:0003777,GO:0005524,GO:0007018,GO:0008017
BXY_1622700	GO:0005515
BXY_1622800	GO:0005783,GO:0005794
BXY_1622900	GO:0005515,GO:0005829,GO:0007253,GO:0051059,GO:0071356
BXY_1623000	GO:0005669,GO:0006352,GO:0046982
BXY_1623100	GO:0004672,GO:0004674,GO:0004713,GO:0005524,GO:0005634,GO:0005737,GO:0006468,GO:0018105,GO:0018107
BXY_1623200	GO:0003924,GO:0005525
BXY_1623300	GO:0004843,GO:0016579
BXY_1623500	GO:0000166,GO:0000724,GO:0003676,GO:0004386,GO:0005524,GO:0005634,GO:0005694,GO:0005737,GO:0006260,GO:0006268,GO:0006281,GO:0006310,GO:0009378,GO:0032508,GO:0043138
BXY_1623600	GO:0006508,GO:0008233,GO:0016787
BXY_1623700	GO:0004197,GO:0004198,GO:0006508
BXY_1623900	GO:0005515
BXY_1624200	GO:0009986
BXY_1624300	GO:0009986
BXY_1624400	GO:0005313,GO:0005326,GO:0022857,GO:0030672,GO:0035249,GO:0050803,GO:0055085,GO:0060076,GO:0098700
BXY_1624600	GO:0008289
BXY_1624700	GO:0008289
BXY_1624900	GO:0005737,GO:0015031
BXY_1625000	GO:0000076,GO:0000077,GO:0006281,GO:0030896,GO:0031573,GO:0071479
BXY_1625200	GO:0004222,GO:0005737,GO:0006508,GO:0007155,GO:0008233,GO:0016020
BXY_1625300	GO:0002115,GO:0015279,GO:0016020
BXY_1625500	GO:0005216,GO:0005221,GO:0005222,GO:0005223,GO:0005249,GO:0005886,GO:0006811,GO:0006813,GO:0016020,GO:0017071,GO:0030553,GO:0044877,GO:0055085,GO:0098655
BXY_1625600	GO:0000978,GO:0000981,GO:0005634,GO:0005667,GO:0006357
BXY_1625800	GO:0003676,GO:0003723
BXY_1625900	GO:0005515,GO:0005886,GO:0007156,GO:0008046,GO:0030424,GO:0043025,GO:0050808
BXY_1626000	GO:0000166,GO:0005215,GO:0005391,GO:0005524,GO:0005886,GO:0006813,GO:0006883,GO:0008556,GO:0016020,GO:0016887,GO:0019829,GO:0030007,GO:0036376,GO:1902600,GO:1990573
BXY_1626100	GO:0000785,GO:0005515,GO:0008270
BXY_1626300	GO:0005245,GO:0016247,GO:0019226,GO:0032281,GO:0051968,GO:0098839,GO:0098943,GO:0098970,GO:0099590,GO:2000311
BXY_1626500	GO:0004672,GO:0005524,GO:0006468
BXY_1626800	GO:0005515,GO:0005912,GO:0009790,GO:0014069,GO:0016323,GO:0019901,GO:0030054,GO:0043113,GO:0045197,GO:0045211,GO:0097120,GO:0098609,GO:0098887,GO:0098968
BXY_1627000	GO:0005524,GO:0006457,GO:0016887,GO:0051082,GO:0140662
BXY_1629300	GO:0007165
BXY_1629400	GO:0043066,GO:1902042
BXY_1629500	GO:0004672,GO:0005524,GO:0006468
BXY_1629700	GO:0005509,GO:0007160
BXY_1629800	GO:0005523,GO:0005861,GO:0006936,GO:0006937,GO:0045214
BXY_1630000	GO:0005523,GO:0005861,GO:0006936,GO:0006937,GO:0045214
BXY_1630100	GO:0005782,GO:0006637,GO:0009062,GO:0047617
BXY_1630300	GO:0003824,GO:0005739,GO:0016874,GO:0016884,GO:0030956,GO:0032543,GO:0050567,GO:0070681
BXY_1630400	GO:0005829,GO:0006417,GO:0019887,GO:0034198
BXY_1630500	GO:0005509,GO:0005783,GO:0032469
BXY_1630600	GO:0046961
BXY_1630700	GO:0016491
BXY_1630800	GO:0005515
BXY_1630900	GO:0004672,GO:0004674,GO:0005524,GO:0005634,GO:0006468,GO:0007059,GO:0018105,GO:0035556
BXY_1631000	GO:0016192
BXY_1631100	GO:0005515,GO:0005737,GO:0006012,GO:0008108,GO:0008270,GO:0033499
BXY_1631300	GO:0005783,GO:0016020,GO:0061024,GO:0071786
BXY_1631500	GO:0007218
BXY_1631600	GO:0005509
BXY_1631800	GO:0003676,GO:0003723
BXY_1631900	GO:0016020
BXY_1632000	GO:0000083,GO:0004672,GO:0004674,GO:0004693,GO:0005524,GO:0005634,GO:0005737,GO:0006468,GO:0007409,GO:0048489,GO:0051402
BXY_1632100	GO:0005509,GO:0016460
BXY_1632400	GO:0000049,GO:0002098,GO:0005634,GO:0005737,GO:0008757,GO:0030488,GO:0106335
BXY_1632500	GO:0000978,GO:0000981,GO:0003677,GO:0003700,GO:0005515,GO:0005634,GO:0005667,GO:0006355,GO:0006357
BXY_1632800	GO:0005886,GO:0006897,GO:0016020,GO:0018996,GO:0030659
BXY_1632900	GO:0004672,GO:0004674,GO:0005524,GO:0006468
BXY_1633100	GO:0016042,GO:0016298,GO:0016787
BXY_1633200	GO:0005524,GO:0016887
BXY_1633300	GO:0019825,GO:0020037
BXY_1633400	GO:0001221,GO:0003713,GO:0003714,GO:0005634,GO:0006357,GO:0016616,GO:0051287,GO:0140297
BXY_1633500	GO:0004672,GO:0004674,GO:0005524,GO:0005737,GO:0005856,GO:0006468,GO:0018105,GO:0018107
BXY_1633600	GO:0004888,GO:0016020,GO:0032609,GO:0050863,GO:2000404
BXY_1633700	GO:0005747,GO:0006120
BXY_1633800	GO:0005765,GO:0005886,GO:0030670,GO:0031902,GO:0034597,GO:0046856
BXY_1634000	GO:0003712,GO:0006355
BXY_1634200	GO:0005515,GO:0005737,GO:0017183,GO:0061685
BXY_1634300	GO:0000978,GO:0000981,GO:0003677,GO:0003700,GO:0005634,GO:0006355,GO:0006357
BXY_1634400	GO:0004842,GO:0005515,GO:0005739,GO:0005829,GO:0016567
BXY_1634600	GO:0004609,GO:0005739,GO:0006646,GO:0008654
BXY_1634800	GO:0003682,GO:0005634,GO:0007389
BXY_1635000	GO:0016020
BXY_1635200	GO:0000977,GO:0001228,GO:0003700,GO:0005634,GO:0006355,GO:0006357
BXY_1635300	GO:0000159,GO:0005515,GO:0019888
BXY_1635400	GO:0003779,GO:0007010,GO:0015629,GO:0030032,GO:0051015
BXY_1635600	GO:0006621,GO:0016020,GO:0046923
BXY_1635700	GO:0005543,GO:0005768,GO:0005886,GO:0006897,GO:0030125,GO:0030276
BXY_1635800	GO:0019825,GO:0020037
BXY_1635900	GO:0003777,GO:0005524,GO:0007018,GO:0008017
BXY_1636100	GO:0005515
BXY_1636300	GO:0005886,GO:0005911,GO:0050839,GO:0098609
BXY_1636400	GO:0005886,GO:0016308,GO:0016309,GO:0046488,GO:0046854,GO:0052742
BXY_1636600	GO:0005178,GO:0007155,GO:0007160,GO:0007229,GO:0008305,GO:0009897,GO:0033627,GO:0098609
BXY_1636700	GO:0004672,GO:0004674,GO:0005524,GO:0006468
BXY_1636800	GO:0045892
BXY_1636900	GO:0005515,GO:0005929,GO:0030991,GO:0035721,GO:0060271
BXY_1637100	GO:0003682,GO:0003713,GO:0005634,GO:0006338,GO:0006357,GO:0008270,GO:0070461
BXY_1637200	GO:0008376,GO:0030206,GO:0032580,GO:0047238
BXY_1637300	GO:0005515,GO:0030130
BXY_1637600	GO:0015078,GO:0033177,GO:0033179,GO:0046961,GO:1902600
BXY_1637700	GO:0015078,GO:0033177,GO:0033179,GO:0046961,GO:1902600
BXY_1637800	GO:0005794,GO:0005975,GO:0008378,GO:0016757,GO:0030166,GO:0046525,GO:0070085
BXY_1637900	GO:0004103,GO:0004305,GO:0005737,GO:0006646,GO:0006656,GO:0006657
BXY_1638000	GO:0005243,GO:0005886,GO:0005921
BXY_1638200	GO:0003333,GO:0005774,GO:0015179,GO:0016020
BXY_1638400	GO:0000965,GO:0003724,GO:0005524,GO:0045025
BXY_1638500	GO:0001786,GO:0005509,GO:0005544,GO:0005634,GO:0005737,GO:0005886,GO:0012506
BXY_1638800	GO:0016255,GO:0042765
BXY_1639000	GO:0000398,GO:0005684
BXY_1639100	GO:0000814,GO:0031902,GO:0032266,GO:0032509,GO:0043130,GO:0043328
BXY_1639200	GO:0004930,GO:0005886,GO:0007186,GO:0016020
BXY_1639300	GO:0003924,GO:0005096,GO:0005525,GO:0090630
BXY_1639500	GO:0003700,GO:0006355,GO:0007165
BXY_1639600	GO:0005200,GO:0005635,GO:0005652,GO:0006998,GO:0007097,GO:0031507,GO:0051664,GO:0090435
BXY_1639700	GO:0003677,GO:0006355
BXY_1639900	GO:0000977,GO:0000978,GO:0000981,GO:0005634,GO:0006357
BXY_1640000	GO:0005743,GO:0006120
BXY_1640100	GO:0005739,GO:0045277
BXY_1640500	GO:0005484,GO:0005794,GO:0006888
BXY_1640600	GO:0004377,GO:0005789,GO:0006487,GO:0006490,GO:0016020,GO:0016757
BXY_1640700	GO:0005739
BXY_1640800	GO:0005886,GO:0016020
BXY_1640900	GO:0001508,GO:0005216,GO:0005249,GO:0005251,GO:0006811,GO:0006813,GO:0008076,GO:0016020,GO:0051260,GO:0055085,GO:0071805
BXY_1641100	GO:0016020
BXY_1641200	GO:0005737
BXY_1641300	GO:0005515,GO:0005634,GO:0005700,GO:0006357,GO:0034771,GO:0042799,GO:0043516,GO:0140110
BXY_1641400	GO:0008194
BXY_1641600	GO:0005615,GO:0008289
BXY_1641700	GO:0005615,GO:0008289
BXY_1641800	GO:0000123,GO:0003712,GO:0003713,GO:0004402,GO:0005515,GO:0005667,GO:0006355,GO:0008270,GO:0016573,GO:0031490,GO:0045944
BXY_1641900	GO:0002115,GO:0005246,GO:0005509,GO:0005515,GO:0005783,GO:0005886,GO:0006874,GO:0032237
BXY_1642100	GO:0017183,GO:0090560
BXY_1642200	GO:0003779,GO:0005884,GO:0016043,GO:0030036,GO:0030041,GO:0031267
BXY_1642300	GO:0005759
BXY_1642400	GO:0004806,GO:0005737,GO:0005886,GO:0006629,GO:0016042,GO:0016298,GO:0019369,GO:0022008,GO:0042136,GO:0046340
BXY_1642500	GO:0005096,GO:0007165,GO:0043087
BXY_1642600	GO:0005548,GO:0005737,GO:0008525,GO:0008526,GO:0015914,GO:0031210,GO:0035091,GO:0046872
BXY_1642700	GO:0005829,GO:0005886,GO:0008289,GO:0015248,GO:0016020,GO:0032934,GO:0097038
BXY_1642900	GO:0005330,GO:0005886,GO:0006865,GO:0015874,GO:0016020,GO:0030424,GO:0032809,GO:0035725,GO:0042734,GO:0051583,GO:0071705
BXY_1643000	GO:0003677,GO:0005634,GO:0031491
BXY_1643100	GO:0005509,GO:0005515,GO:0005783,GO:0005789,GO:0006457,GO:0036503,GO:0051082
BXY_1643500	GO:0000978,GO:0000981,GO:0003677,GO:0006355,GO:0006357,GO:0048856
BXY_1643600	GO:0003735,GO:0005763,GO:0032543
BXY_1643700	GO:0005515
BXY_1643800	GO:0004672,GO:0005524,GO:0006468
BXY_1643900	GO:0005201,GO:0005604,GO:0007155,GO:0007411,GO:0009887,GO:0009888
BXY_1644000	GO:0004930,GO:0007186,GO:0016020
BXY_1644200	GO:0003824,GO:0004477,GO:0004488,GO:0005829,GO:0035999
BXY_1644400	GO:0005515,GO:0005886,GO:0005911,GO:0050839,GO:0098609
BXY_1644600	GO:0003677,GO:0003910,GO:0005524,GO:0005958,GO:0006281,GO:0006297,GO:0006303,GO:0006310,GO:0032807
BXY_1644800	GO:0003953,GO:0005515,GO:0007165,GO:0030425,GO:0034128,GO:0035591,GO:0048678,GO:1901214
BXY_1644900	GO:0000978,GO:0000981,GO:0003677,GO:0005634,GO:0006355,GO:0006357
BXY_1645200	GO:0000978,GO:0000981,GO:0005515,GO:0005667,GO:0006355,GO:0006357,GO:0009653,GO:0030154,GO:0030509,GO:0060395,GO:0070411,GO:0071144
BXY_1645300	GO:0005509
BXY_1645400	GO:0004114,GO:0005515,GO:0007165,GO:0008081
BXY_1645600	GO:0005230,GO:0006811,GO:0016020
BXY_1645700	GO:0008289
BXY_1645900	GO:0004567,GO:0006516
BXY_1646000	GO:0004601,GO:0004602,GO:0006979
BXY_1646300	GO:0005737,GO:0007411,GO:0016533,GO:0019901,GO:0030426,GO:0061575
BXY_1646500	GO:0005886,GO:0006508,GO:0008236,GO:0008239
BXY_1646600	GO:0004725,GO:0006470,GO:0016311
BXY_1646900	GO:0005740,GO:0005749,GO:0006099,GO:0006121,GO:0016020,GO:0020037,GO:0048039
BXY_1647000	GO:0004672,GO:0004674,GO:0005524,GO:0005634,GO:0005737,GO:0005829,GO:0006468,GO:0007165,GO:0018107,GO:0030154,GO:0030424,GO:0032436,GO:0070507,GO:0090090
BXY_1647100	GO:0016020
BXY_1647200	GO:0000149,GO:0001786,GO:0005509,GO:0005544,GO:0005886,GO:0016020,GO:0017156,GO:0030276,GO:0030424,GO:0030672,GO:0031045,GO:0048488,GO:0048791,GO:0070382
BXY_1647300	GO:0000978,GO:0000981,GO:0003700,GO:0006351,GO:0006355,GO:0006357
BXY_1647400	GO:0003924,GO:0005525
BXY_1647500	GO:0000226,GO:0004672,GO:0004674,GO:0005524,GO:0005737,GO:0006468,GO:0035556,GO:0050321
BXY_1647600	GO:0005096,GO:0005737,GO:0007165,GO:0051056
BXY_1647700	GO:0000977,GO:0000978,GO:0000981,GO:0005634,GO:0006357
BXY_1647800	GO:0005096,GO:0005515,GO:0031267,GO:0043087
BXY_1647900	GO:0000045,GO:0000422,GO:0001934,GO:0019901,GO:0030242,GO:0034045,GO:0034517,GO:0034727,GO:0060090,GO:0061709,GO:0061723,GO:1990316
BXY_1648000	GO:0004930,GO:0005886,GO:0007186,GO:0016020,GO:0016907,GO:0043410,GO:0071880
BXY_1648100	GO:0004930,GO:0005886,GO:0007186,GO:0016020,GO:0043410,GO:0071880
BXY_1648200	GO:0009100,GO:0016231
BXY_1648300	GO:0000978,GO:0001228,GO:0005634,GO:0030154,GO:0045944
BXY_1648400	GO:0004930,GO:0004995,GO:0005886,GO:0007186,GO:0016020
BXY_1648500	GO:0000045,GO:0000407,GO:0000422,GO:0004672,GO:0004674,GO:0005524,GO:0005737,GO:0005776,GO:0005829,GO:0006468,GO:0010506,GO:0010508,GO:0016020,GO:0018105,GO:0034045,GO:0034727,GO:0042594,GO:0046777,GO:0048675,GO:0061709
BXY_1648600	GO:0005267,GO:0005886,GO:0015271,GO:0016020,GO:0022841,GO:0030322,GO:0071805
BXY_1649200	GO:0005515,GO:0007274
BXY_1649400	GO:0030424,GO:0042048,GO:0043025,GO:1990834
BXY_1649500	GO:0001764,GO:0005515,GO:0017124,GO:0030027,GO:0031209,GO:0035591,GO:0048870,GO:0098858
BXY_1649600	GO:0005744,GO:0030150
BXY_1649700	GO:0012505,GO:0016020
BXY_1650100	GO:0005515,GO:0007015,GO:0051015
BXY_1650200	GO:0000785,GO:0003677,GO:0003682,GO:0005524,GO:0005634,GO:0006338,GO:0016887,GO:0042393,GO:0140658
BXY_1650300	GO:0007218
BXY_1650500	GO:0071782,GO:0071786
BXY_1650600	GO:0003735,GO:0005840,GO:0006412
BXY_1650700	GO:0000165,GO:0004672,GO:0004708,GO:0005524,GO:0006468,GO:0051403
BXY_1650800	GO:0003700,GO:0006355,GO:0043565
BXY_1650900	GO:0004553,GO:0004568,GO:0005576,GO:0005975,GO:0006032,GO:0008061
BXY_1651000	GO:0005524,GO:0016887,GO:0030968,GO:0034663
BXY_1651300	GO:0004930,GO:0005886,GO:0007186,GO:0016020
BXY_1651400	GO:0005509,GO:0005615,GO:0008201
BXY_1651500	GO:0004553,GO:0005975,GO:0015929
BXY_1651600	GO:0005739
BXY_1651700	GO:0008033,GO:0017150,GO:0050660
BXY_1651800	GO:0007186,GO:0019236
BXY_1652100	GO:0004930,GO:0005886,GO:0007186,GO:0016020,GO:0043410,GO:0071880
BXY_1652200	GO:0005739,GO:0022904,GO:0090324
BXY_1652400	GO:0004930,GO:0007186,GO:0016020
BXY_1652600	GO:0005515
BXY_1652700	GO:0005515,GO:0043005
BXY_1652800	GO:0005634,GO:0005737,GO:0007052,GO:0007059,GO:0007346,GO:0008017,GO:0023052,GO:0031616,GO:0051382,GO:0051642
BXY_1653000	GO:0006482,GO:0051723
BXY_1653100	GO:0000149,GO:0005484,GO:0005886,GO:0006886,GO:0006887,GO:0006906,GO:0012505,GO:0016020,GO:0016192,GO:0031201,GO:0048278
BXY_1653300	GO:0004222,GO:0005615,GO:0006508,GO:0008237,GO:0008270,GO:0030198,GO:0030574,GO:0031012
BXY_1653500	GO:0000977,GO:0000981,GO:0003700,GO:0005634,GO:0006355,GO:0006357,GO:0042127,GO:0048856
BXY_1653600	GO:0061630,GO:1904294
BXY_1653700	GO:0004672,GO:0005524,GO:0006468,GO:0035556
BXY_1653800	GO:0004672,GO:0004691,GO:0005524,GO:0005952,GO:0006468
BXY_1653900	GO:0004672,GO:0005524,GO:0006468
BXY_1654000	GO:0005384,GO:0005794,GO:0015085,GO:0032468,GO:0032472,GO:0046873,GO:0070588,GO:0071421
BXY_1654100	GO:0004722,GO:0006470,GO:0043169
BXY_1654400	GO:0004351,GO:0005737,GO:0009449,GO:0016830,GO:0016831,GO:0019752,GO:0030170
BXY_1654600	GO:0005085,GO:0032012
BXY_1654800	GO:0030318
BXY_1655100	GO:0005886,GO:0016020
BXY_1655200	GO:0003860,GO:0005739,GO:0006574
BXY_1655300	GO:0000062,GO:0005737,GO:0006631
BXY_1655400	GO:0003924,GO:0005525,GO:0007165,GO:0016020
BXY_1655600	GO:0004672,GO:0004674,GO:0005524,GO:0006468,GO:0018105,GO:0035556
BXY_1655700	GO:0003735,GO:0005762,GO:0005840,GO:0006412,GO:0015934,GO:0070180
BXY_1655800	GO:0005737,GO:0015031
BXY_1655900	GO:0005737,GO:0015031
BXY_1656000	GO:0000981,GO:0003700,GO:0005634,GO:0006355,GO:0006357,GO:0030154,GO:0043565
BXY_1656100	GO:0000309,GO:0003824,GO:0004515,GO:0009058,GO:0009435,GO:0016779
BXY_1656200	GO:0003756,GO:0005783,GO:0006457,GO:0009986,GO:0034976
BXY_1656400	GO:0005634,GO:0005737,GO:0009408,GO:0042026,GO:0051082
BXY_1656500	GO:0005267,GO:0005886,GO:0015271,GO:0016020,GO:0022841,GO:0030322,GO:0071805
BXY_1656600	GO:0005634,GO:0005737,GO:0009408,GO:0042026,GO:0051082
BXY_1656700	GO:0004601,GO:0005509,GO:0006979,GO:0016491,GO:0020037
BXY_1656800	GO:0005615,GO:0005737,GO:0016020
BXY_1657000	GO:0000400,GO:0000723,GO:0000724,GO:0003697,GO:0005657,GO:0005815,GO:0007131,GO:0008094,GO:0033063,GO:0042148
BXY_1657200	GO:0005829,GO:0016491
BXY_1657300	GO:0005829,GO:0016491
BXY_1657400	GO:0005524,GO:0005753,GO:0015986,GO:0042776,GO:0045259,GO:0045261,GO:0046034,GO:0046933,GO:1902600
BXY_1657500	GO:0005634,GO:0005829,GO:0006355,GO:0008469,GO:0016274,GO:0018216
BXY_1657600	GO:0005778,GO:0007031,GO:0008270,GO:0016558
BXY_1657700	GO:0006753,GO:0008768,GO:0019693
BXY_1657900	GO:0004888,GO:0005216,GO:0005230,GO:0006811,GO:0016020,GO:0034220
BXY_1658000	GO:0000166,GO:0004812,GO:0004830,GO:0005524,GO:0005739,GO:0005759,GO:0006418,GO:0006436,GO:0070183
BXY_1658100	GO:0005634,GO:0005737,GO:0007141,GO:0007144,GO:0048255,GO:0051321
BXY_1658200	GO:0003723,GO:0003735,GO:0005763,GO:0005840,GO:0006412,GO:0015935
BXY_1658300	GO:0000774,GO:0001405,GO:0006457,GO:0030150,GO:0042803,GO:0051082,GO:0051087
BXY_1658500	GO:0001725,GO:0004672,GO:0004674,GO:0005515,GO:0005524,GO:0005925,GO:0006468,GO:0007160,GO:0007229,GO:0034446
BXY_1658800	GO:0005509,GO:0033018,GO:0051279
BXY_1658900	GO:0004175,GO:0004222,GO:0016020,GO:0030178
BXY_1659200	GO:0005515,GO:0005615,GO:0031012
BXY_1659300	GO:0006508,GO:0008237,GO:0008241,GO:0016020
BXY_1659500	GO:0005737,GO:0016311
BXY_1659600	GO:0005834,GO:0007186,GO:0007200,GO:0031681,GO:0050909
BXY_1659700	GO:0006694,GO:0016616
BXY_1659800	GO:0003677,GO:0005515,GO:0005634,GO:0008270,GO:0010629,GO:0042054,GO:0046974,GO:0070828,GO:0090309
BXY_1659900	GO:0005789
BXY_1660000	GO:0000288,GO:0000932,GO:0017148,GO:0030015,GO:0060090
BXY_1660100	GO:0005515
BXY_1660200	GO:0003677,GO:0006352
BXY_1660400	GO:0005509
BXY_1660600	GO:0005515
BXY_1660700	GO:0003824,GO:0004850,GO:0005737,GO:0005829,GO:0006218,GO:0009116,GO:0009166
BXY_1660800	GO:0005198,GO:0005515,GO:0005938,GO:0006886,GO:0006898,GO:0016192,GO:0030130,GO:0030132,GO:0032051,GO:0045334,GO:0071439
BXY_1661000	GO:0004930,GO:0007186,GO:0016020
BXY_1661200	GO:0004867
BXY_1661400	GO:0000977,GO:0000981,GO:0003677,GO:0005634,GO:0006355,GO:0006357
BXY_1661500	GO:0005515,GO:0019005,GO:0031146
BXY_1661600	GO:0015149,GO:0015749,GO:0016020,GO:0022857,GO:0055085
BXY_1661700	GO:0003824,GO:0004306,GO:0005737,GO:0006646,GO:0009058
BXY_1662000	GO:0004568,GO:0005576,GO:0005975,GO:0006032,GO:0008061
BXY_1662200	GO:0005886
BXY_1662300	GO:0005737
BXY_1662400	GO:0003779,GO:0005543,GO:0006897,GO:0007015,GO:0030136,GO:0030276,GO:0030864,GO:0032051,GO:0035615,GO:0043325,GO:0048268,GO:0051015,GO:0080025
BXY_1662600	GO:0005509,GO:0007160
BXY_1662700	GO:0004672,GO:0004707,GO:0005524,GO:0006468
BXY_1662800	GO:0005730,GO:0006364,GO:0032040
BXY_1663000	GO:0005515
BXY_1663100	GO:0005547,GO:0005737,GO:0007165
BXY_1663200	GO:0005739
BXY_1663300	GO:0004143,GO:0005509,GO:0005886,GO:0007165,GO:0007200,GO:0016020,GO:0016301
BXY_1663400	GO:0004930,GO:0007186,GO:0007218,GO:0008188,GO:0016020
BXY_1663500	GO:0015867,GO:0022857,GO:0055085
BXY_1663600	GO:0005737,GO:0008270
BXY_1663700	GO:0000285,GO:0005524,GO:0010008,GO:0046488,GO:0046854,GO:0046872,GO:0052742
BXY_1663900	GO:0003700,GO:0006355,GO:0008270,GO:0043565
BXY_1664200	GO:0004439,GO:0016791,GO:0046856
BXY_1664300	GO:0016020
BXY_1664400	GO:0005739,GO:0016279,GO:0018023,GO:1905273,GO:1905706
BXY_1664500	GO:0000822,GO:0005737,GO:0005794,GO:0005886,GO:0006817,GO:0015114,GO:0016020,GO:0016036
BXY_1664600	GO:0005739,GO:0016279,GO:0018023,GO:1905273,GO:1905706
BXY_1664900	GO:0005739,GO:0043231,GO:0051537,GO:0106034
BXY_1665000	GO:0005737,GO:0015267
BXY_1665200	GO:0005737
BXY_1665300	GO:0003723
BXY_1665400	GO:0006631,GO:0031956
BXY_1665500	GO:0003676,GO:0003723,GO:1990904
BXY_1665700	GO:0000289,GO:0000932,GO:0003723,GO:0004672,GO:0005524,GO:0006468,GO:0008143,GO:0031251
BXY_1665900	GO:0000122,GO:0003714,GO:0005634,GO:0017136,GO:0046969,GO:0070403
BXY_1666100	GO:0005524,GO:0006457,GO:0016887,GO:0051082,GO:0140662
BXY_1666300	GO:0005096,GO:0006897,GO:0043231,GO:0046872
BXY_1666400	GO:0003779,GO:0006470,GO:0016311,GO:0016791,GO:0030837
BXY_1666500	GO:0005737,GO:0005829,GO:0016020,GO:0035627,GO:0120009,GO:0120013,GO:1902387,GO:1902388
BXY_1666700	GO:0003677,GO:0003824,GO:0004518,GO:0005634,GO:0006298,GO:0006310,GO:0017108,GO:0035312,GO:0046872
BXY_1666900	GO:0000122,GO:0000978,GO:0000981,GO:0003677,GO:0005634,GO:0006355,GO:0006357,GO:0009952
BXY_1667100	GO:0000978,GO:0000981,GO:0003677,GO:0003700,GO:0005634,GO:0006355,GO:0006357,GO:0043565
BXY_1667200	GO:0000122,GO:0000978,GO:0000981,GO:0003677,GO:0003700,GO:0005634,GO:0006355,GO:0006357,GO:0009952
BXY_1667500	GO:0000978,GO:0000981,GO:0003677,GO:0003700,GO:0005634,GO:0005654,GO:0006355,GO:0009952,GO:0045944
BXY_1667600	GO:0000785,GO:0000978,GO:0000981,GO:0001708,GO:0003700,GO:0005634,GO:0006355,GO:0006357,GO:0045893
BXY_1667700	GO:0004672,GO:0004707,GO:0005524,GO:0006468
BXY_1667800	GO:0003735,GO:0005762,GO:0005840
BXY_1667900	GO:0005216,GO:0006811,GO:0015276,GO:0016020,GO:0038023
BXY_1668000	GO:0005471,GO:0005743,GO:0055085,GO:0140021,GO:1901029,GO:1990544
BXY_1668100	GO:0004379,GO:0005737,GO:0006499,GO:0018008
BXY_1668300	GO:0006886,GO:0006890,GO:0007030,GO:0017119
BXY_1668600	GO:0005515,GO:0043130
BXY_1668700	GO:0005886,GO:0006897,GO:0016020,GO:0018996,GO:0030659
BXY_1669000	GO:0016491
BXY_1669100	GO:0005515,GO:0005737,GO:0034198,GO:1904263
BXY_1669200	GO:0003857,GO:0005739,GO:0006631,GO:0006635,GO:0016491,GO:0016616,GO:0070403
BXY_1669300	GO:0000014,GO:0000723,GO:0000724,GO:0004519,GO:0004520,GO:0005634,GO:0006302,GO:0006303,GO:0007095,GO:0008296,GO:0016787,GO:0030145,GO:0030870,GO:0031573,GO:0035861,GO:0042138,GO:0097552
BXY_1669400	GO:0005829,GO:0005975,GO:0006071,GO:0016301,GO:0016310,GO:0050277
BXY_1669600	GO:0000978,GO:0000981,GO:0005634,GO:0006357,GO:0046983
BXY_1669700	GO:0005515
BXY_1669900	GO:0007267,GO:0007275,GO:0016539,GO:0016540
BXY_1670100	GO:0005096,GO:0005769,GO:0090630
BXY_1670400	GO:0005634,GO:0018024,GO:0034968
BXY_1670600	GO:0004930,GO:0004983,GO:0007186,GO:0016020
BXY_1670700	GO:0004620,GO:0005576,GO:0009395
BXY_1670800	GO:0004222,GO:0006508,GO:0008237,GO:0008270
BXY_1670900	GO:0004103,GO:0004305,GO:0005737,GO:0006646,GO:0006656,GO:0006657
BXY_1671000	GO:0005337,GO:0005886,GO:0016020,GO:1901642
BXY_1671100	GO:0005515
BXY_1671300	GO:0004366,GO:0005778,GO:0006629,GO:0006631,GO:0008374,GO:0008611,GO:0008654,GO:0016287,GO:0016746,GO:0019432,GO:0031966
BXY_1671400	GO:0005381,GO:0005384,GO:0005886,GO:0006828,GO:0010008,GO:0015086,GO:0016020,GO:0030001,GO:0034755,GO:0046873,GO:0055072
BXY_1671600	GO:0000978,GO:0000981,GO:0005634,GO:0006357,GO:0009913
BXY_1671700	GO:0005515
BXY_1671800	GO:0005783,GO:0016020,GO:0016567,GO:0061630
BXY_1671900	GO:0005524,GO:0006457,GO:0016887,GO:0051082,GO:0140662
BXY_1672000	GO:0000981,GO:0003677,GO:0003700,GO:0005634,GO:0006355
BXY_1672100	GO:0003676,GO:0015074
BXY_1672200	GO:0000978,GO:0000981,GO:0005634,GO:0006355,GO:0006357,GO:0007548,GO:0043565
BXY_1672300	GO:0000978,GO:0000981,GO:0005634,GO:0006355,GO:0006357,GO:0007548,GO:0043565
BXY_1672600	GO:0000139,GO:0005975,GO:0015018,GO:0016020,GO:0050650
BXY_1672700	GO:0016020
BXY_1672900	GO:0005829,GO:0006450,GO:0030544,GO:0043022,GO:0051083
BXY_1673100	GO:0008194
BXY_1673600	GO:0000166
BXY_1673700	GO:0006555,GO:0010308,GO:0010309
BXY_1673800	GO:0005615
BXY_1674100	GO:0000978,GO:0003700,GO:0006355,GO:0008270,GO:0043565
BXY_1674200	GO:0004190,GO:0005764,GO:0006508,GO:0008219
BXY_1674300	GO:0005179,GO:0005576
BXY_1674500	GO:0016020
BXY_1674800	GO:0000978,GO:0000981,GO:0003700,GO:0005634,GO:0006355,GO:0006357
BXY_1674900	GO:0005634,GO:0030488,GO:0031515
BXY_1675000	GO:0005267,GO:0005886,GO:0015271,GO:0016020,GO:0022841,GO:0030322,GO:0071805
BXY_1675500	GO:0005765
BXY_1675900	GO:0005615,GO:0005737,GO:0006508,GO:0008237,GO:0008270,GO:0016020,GO:0042277,GO:0043171,GO:0070006
BXY_1676000	GO:0030246
BXY_1676100	GO:0005315,GO:0006817,GO:0016020,GO:0030246,GO:0035435
BXY_1676400	GO:0005315,GO:0006817,GO:0016020,GO:0035435
BXY_1676600	GO:0000281,GO:0005737,GO:0005813,GO:0005819,GO:0016020,GO:0030496
BXY_1676800	GO:0008270
BXY_1676900	GO:0005315,GO:0006817,GO:0016020,GO:0035435
BXY_1677200	GO:0006486
BXY_1677300	GO:0005814,GO:0005929,GO:0030992,GO:0042073,GO:0060271
BXY_1677800	GO:0003676,GO:0015074
BXY_1678200	GO:0000139,GO:0006493,GO:0009101,GO:0016020,GO:0016757,GO:0016758
BXY_1678300	GO:0000139,GO:0006493,GO:0009101,GO:0016020,GO:0016757,GO:0016758
BXY_1678600	GO:0005524,GO:0005886,GO:0016020,GO:0016887,GO:0042626,GO:0055085,GO:0140359
BXY_1678700	GO:0009986
BXY_1679200	GO:0008270
BXY_1679400	GO:0005096,GO:0005515,GO:0005634,GO:0005829,GO:0006913,GO:0031267,GO:0048471,GO:0090630
BXY_1679700	GO:0004672,GO:0005524,GO:0006468
BXY_1679900	GO:0005634,GO:0043486
BXY_1680000	GO:0005515,GO:0008191
BXY_1680200	GO:0005515
BXY_1680400	GO:0008202,GO:0016491
BXY_1680900	GO:0005634,GO:0010468,GO:0045944
BXY_1681100	GO:0006357,GO:0016538
BXY_1681200	GO:0000976,GO:0000978,GO:0000981,GO:0003700,GO:0005634,GO:0006355,GO:0006357
BXY_1681300	GO:0016529,GO:0031674,GO:0055120
BXY_1681400	GO:0004930,GO:0007186,GO:0016020
BXY_1681500	GO:0004930,GO:0007186,GO:0016020
BXY_1681600	GO:0004930,GO:0007186,GO:0016020
BXY_1681700	GO:0004930,GO:0007186,GO:0016020
BXY_1682200	GO:0004930,GO:0007186,GO:0016020
BXY_1682400	GO:0004930,GO:0007186,GO:0016020
BXY_1682500	GO:0004930,GO:0007186,GO:0016020
BXY_1682600	GO:0016311,GO:0016791
BXY_1682700	GO:0016311,GO:0016791
BXY_1682900	GO:0003700,GO:0005634,GO:0006355,GO:0006357,GO:0008270,GO:0043565
BXY_1683000	GO:0003700,GO:0005634,GO:0006355,GO:0008270,GO:0043565
BXY_1683100	GO:0003700,GO:0005634,GO:0006355,GO:0008270,GO:0043565
BXY_1683300	GO:0006629
BXY_1683400	GO:0016311,GO:0016791
BXY_1683500	GO:0008417,GO:0009101,GO:0016020
BXY_1685000	GO:0008289
BXY_1685200	GO:0004888,GO:0005216,GO:0005230,GO:0006811,GO:0016020,GO:0022848,GO:0034220,GO:0045211
BXY_1685400	GO:0004888,GO:0005216,GO:0006811,GO:0016020,GO:0034220
BXY_1685600	GO:0004888,GO:0005216,GO:0005230,GO:0006811,GO:0016020,GO:0022848,GO:0034220,GO:0045211
BXY_1685800	GO:0042302
BXY_1685900	GO:0042302
BXY_1686400	GO:0006508,GO:0008234
BXY_1686500	GO:0004725,GO:0006470,GO:0012505,GO:0016787
BXY_1686700	GO:0004888,GO:0004930,GO:0005886,GO:0007166,GO:0007186,GO:0007188,GO:0008528,GO:0016020
BXY_1686800	GO:0019825,GO:0020037
BXY_1687100	GO:0004190,GO:0006508
BXY_1687400	GO:0005829,GO:0006457,GO:0051082,GO:0051085,GO:0051087
BXY_1687500	GO:0002039,GO:0005669,GO:0008134,GO:0045944,GO:0046982
BXY_1687600	GO:0003824,GO:0003825,GO:0004805,GO:0005829,GO:0005992,GO:0070413
BXY_1687900	GO:0004163,GO:0005829,GO:0008299,GO:0016831,GO:0019287
BXY_1689900	GO:0004222,GO:0005886,GO:0006508,GO:0008237,GO:0016485
BXY_1690000	GO:0004222,GO:0005886,GO:0006508,GO:0008237,GO:0016485
BXY_1690200	GO:0005515
BXY_1690600	GO:0004359,GO:0006537,GO:0006541,GO:0006543
BXY_1690800	GO:0042302
BXY_1690900	GO:0042302
BXY_1691100	GO:0005109,GO:0005515,GO:0005829,GO:0016055,GO:0035556,GO:0060070
BXY_1691400	GO:0007034
BXY_1691500	GO:0000287,GO:0003676,GO:0004523,GO:0043137,GO:0090502
BXY_1691600	GO:0005975
BXY_1691700	GO:0016491
BXY_1691800	GO:0004139,GO:0005737,GO:0009264,GO:0016052,GO:0016829
BXY_1691900	GO:0008521,GO:0016020,GO:0035348
BXY_1692100	GO:0000993,GO:0006368,GO:0008023
BXY_1692200	GO:0016020,GO:0033180,GO:0034220,GO:0046961,GO:1902600
BXY_1692300	GO:0005113,GO:0005119,GO:0005813,GO:0005815,GO:0005930,GO:0034464,GO:0061512,GO:1905515
BXY_1692400	GO:0003924,GO:0005525
BXY_1692500	GO:0005768,GO:0032456
BXY_1692600	GO:0004222,GO:0006508,GO:0008237,GO:0008270,GO:0018996
BXY_1692700	GO:0003333,GO:0015179,GO:0016020,GO:0022857,GO:0055085
BXY_1692900	GO:0008521,GO:0016020,GO:0035348
BXY_1693000	GO:0004623,GO:0006644,GO:0050482
BXY_1693100	GO:0003333,GO:0015179,GO:0016020,GO:0022857,GO:0055085
BXY_1693200	GO:0006629,GO:0016788
BXY_1693400	GO:0030246
BXY_1693700	GO:0005272,GO:0005886,GO:0006814,GO:0015280,GO:0016020,GO:0035725
BXY_1693800	GO:0005272,GO:0005886,GO:0006814,GO:0015280,GO:0016020,GO:0035725
BXY_1693900	GO:0000978,GO:0000981,GO:0005667,GO:0006355,GO:0006357,GO:0090575
BXY_1694000	GO:0005515,GO:0051260
BXY_1694100	GO:0022857,GO:0055085
BXY_1694200	GO:0005739,GO:0033617
BXY_1694300	GO:0005515,GO:0005925,GO:0051015
BXY_1694500	GO:0003824,GO:0005615,GO:0016301,GO:0016772,GO:0016775,GO:0046314
BXY_1694600	GO:0000977,GO:0000981,GO:0006357,GO:0032502,GO:0046983
BXY_1694800	GO:0000447,GO:0005730,GO:0030686
BXY_1694900	GO:0004672,GO:0004674,GO:0005515,GO:0005524,GO:0006468
BXY_1695000	GO:0004672,GO:0004674,GO:0005515,GO:0005524,GO:0006468
BXY_1695100	GO:0046332
BXY_1695300	GO:0004176,GO:0004252,GO:0006508,GO:0006515,GO:0009368,GO:0051117
BXY_1695400	GO:0003723,GO:0003735,GO:0005840,GO:0006412,GO:0022625
BXY_1695500	GO:0000275,GO:0015986,GO:0045259,GO:0046933
BXY_1696000	GO:0005337,GO:0005415,GO:0005886,GO:0015293,GO:0016020,GO:1901642
BXY_1696300	GO:0005096,GO:0051056,GO:0090630
BXY_1696500	GO:0005096,GO:0005515,GO:0005737
BXY_1696700	GO:0000151,GO:0006511,GO:0061630
BXY_1697300	GO:0004114,GO:0007165,GO:0008081
BXY_1697400	GO:0003333,GO:0005774,GO:0015179,GO:0016020
BXY_1697500	GO:0006890,GO:0007030,GO:0017119,GO:0048213
BXY_1697600	GO:0004497,GO:0005506,GO:0005737,GO:0006082,GO:0006805,GO:0016705,GO:0016712,GO:0020037,GO:0043231
BXY_1697700	GO:0000045,GO:0005789
BXY_1698000	GO:0005515
BXY_1698100	GO:0000472,GO:0000480,GO:0005515,GO:0005730,GO:0006364,GO:0030686,GO:0032040,GO:0034511
BXY_1698200	GO:0003723,GO:0005634
BXY_1698400	GO:0005634,GO:0045666
BXY_1698500	GO:0000139,GO:0005789,GO:0008270,GO:0036503,GO:0046872,GO:0061630
BXY_1698600	GO:0005515
BXY_1698700	GO:0004064
BXY_1698800	GO:0005267,GO:0005886,GO:0015271,GO:0016020,GO:0022841,GO:0030322,GO:0071805
BXY_1698900	GO:0003676
BXY_1699100	GO:0042302
BXY_1699200	GO:0042302
BXY_1699500	GO:0042302
BXY_1699600	GO:0042302
BXY_1699700	GO:0007606,GO:0016020
BXY_1699800	GO:0007606,GO:0016020
BXY_1699900	GO:0005515,GO:0007165
BXY_1700200	GO:0005109,GO:0005515,GO:0005829,GO:0016055,GO:0035556,GO:0060070
BXY_1700500	GO:0004930,GO:0007186,GO:0016020
BXY_1700900	GO:0004888,GO:0005216,GO:0005230,GO:0005272,GO:0006811,GO:0006814,GO:0016020,GO:0034220
BXY_1701000	GO:0004888,GO:0005216,GO:0005230,GO:0006811,GO:0016020,GO:0034220
BXY_1701200	GO:0000768,GO:0007275,GO:0044291
BXY_1701300	GO:0005634,GO:0005737,GO:0005739,GO:0006979,GO:1903189
BXY_1701400	GO:0003712,GO:0003713,GO:0006357,GO:0016592,GO:0045944
BXY_1701500	GO:0001508,GO:0005216,GO:0005249,GO:0005251,GO:0005515,GO:0006811,GO:0006813,GO:0008076,GO:0016020,GO:0032590,GO:0032809,GO:0042734,GO:0043679,GO:0045211,GO:0051260,GO:0055085,GO:0071805
BXY_1701700	GO:0005739,GO:0016818
BXY_1701800	GO:0005739,GO:0016818
BXY_1701900	GO:0015232,GO:0016020,GO:0020037,GO:0022857,GO:0051184,GO:0055085,GO:0097037
BXY_1702000	GO:0005815,GO:0005874,GO:0035556
BXY_1702200	GO:0000014,GO:0000729,GO:0000793,GO:0003690,GO:0003697,GO:0005634,GO:0006303,GO:0015074,GO:0031297,GO:0035861,GO:0042800,GO:0044547,GO:0044774,GO:0046975
BXY_1702300	GO:0000209,GO:0000413,GO:0003755,GO:0004842,GO:0006457,GO:0016567,GO:0061630,GO:0071013
BXY_1702400	GO:0005524,GO:0005739,GO:0006457,GO:0007005,GO:0009408,GO:0031072,GO:0043066,GO:0051082
BXY_1702500	GO:0003688,GO:0005524,GO:0005664,GO:0006270,GO:0016887,GO:0033314
BXY_1702800	GO:0016180,GO:0032039,GO:0034472
BXY_1702900	GO:0006511
BXY_1703000	GO:0005543,GO:0005643,GO:0006405,GO:0006606,GO:0017056,GO:0044613
BXY_1703500	GO:0004185,GO:0006508
BXY_1704000	GO:0004888,GO:0005216,GO:0005230,GO:0006811,GO:0016020,GO:0034220
BXY_1704100	GO:0006811,GO:0016020
BXY_1704500	GO:0000122,GO:0003714,GO:0005654,GO:0042826
BXY_1704600	GO:0003723,GO:0005634,GO:0005737
BXY_1704700	GO:0003941,GO:0004794,GO:0006565,GO:0006567,GO:0009097
BXY_1704800	GO:0003682,GO:0005515,GO:0005634,GO:0006338,GO:0031507,GO:0035098,GO:0042054,GO:0046976
BXY_1704900	GO:0016192
BXY_1705000	GO:0004197,GO:0006508,GO:0008234,GO:0042981
BXY_1705200	GO:0006457
BXY_1705300	GO:0000145,GO:0000149,GO:0006887,GO:0051601
BXY_1705500	GO:0005789,GO:0009922,GO:0016020,GO:0019367,GO:0030148,GO:0034625,GO:0034626,GO:0042761
BXY_1705600	GO:0000139,GO:0005975,GO:0015018,GO:0016020,GO:0050650
BXY_1705700	GO:0000139,GO:0005975,GO:0015018,GO:0016020,GO:0050650
BXY_1705800	GO:0005789,GO:0005886,GO:0061817,GO:0090158
BXY_1706000	GO:0004022,GO:0005737
BXY_1706100	GO:0004364,GO:0006749
BXY_1706200	GO:0004364,GO:0006749
BXY_1706300	GO:0005634,GO:0045666
BXY_1706400	GO:0000246,GO:0005737,GO:0008202,GO:0016020,GO:0016628,GO:0050660,GO:0071949
BXY_1706500	GO:0005782,GO:0006637,GO:0009062,GO:0047617
BXY_1706600	GO:0004485,GO:0005524,GO:0005739,GO:0046872
BXY_1706700	GO:0016787
BXY_1706900	GO:0016787
BXY_1707000	GO:0016787
BXY_1707300	GO:0000149,GO:0001786,GO:0005509,GO:0005544,GO:0005886,GO:0016020,GO:0017156,GO:0030276,GO:0030424,GO:0030672,GO:0031045,GO:0048488,GO:0048791,GO:0070382
BXY_1708000	GO:0001664,GO:0003924,GO:0005737,GO:0005834,GO:0007165,GO:0007186,GO:0007188,GO:0019001,GO:0031683
BXY_1708100	GO:0003676
BXY_1708800	GO:0005524,GO:0016301
BXY_1708900	GO:0004672,GO:0004694,GO:0005524,GO:0005634,GO:0005737,GO:0006468,GO:0010998
BXY_1709000	GO:0004185,GO:0006508
BXY_1709100	GO:0016747
BXY_1709200	GO:0000139,GO:0004402,GO:0004596,GO:0016747,GO:0017196
BXY_1709700	GO:0005886,GO:0006897,GO:0016020,GO:0018996,GO:0030659
BXY_1709900	GO:0005515,GO:0005737,GO:0005856,GO:0030837
BXY_1710200	GO:0004888,GO:0005216,GO:0006811,GO:0016020,GO:0034220
BXY_1710300	GO:0005975
BXY_1710400	GO:0000139,GO:0005515,GO:0005829,GO:0006886,GO:0034066,GO:0042147
BXY_1710600	GO:0004672,GO:0005524,GO:0006468
BXY_1710700	GO:0003676,GO:0003723,GO:0005634,GO:0006397
BXY_1710900	GO:0001054,GO:0003677,GO:0003899,GO:0005736,GO:0006351
BXY_1711300	GO:0005085,GO:0005768,GO:0005776,GO:0006897,GO:0006914
BXY_1711400	GO:0004497,GO:0005506,GO:0016705,GO:0020037
BXY_1711500	GO:0004550,GO:0004798,GO:0005524,GO:0005634,GO:0005737,GO:0005739,GO:0005829,GO:0006227,GO:0006233,GO:0006235
BXY_1711600	GO:0005119,GO:0005886,GO:0008158,GO:0045879,GO:0097108
BXY_1711700	GO:0005615,GO:0005737,GO:0006508,GO:0008237,GO:0008270,GO:0016020,GO:0042277,GO:0043171,GO:0070006
BXY_1711900	GO:0005509
BXY_1712400	GO:0003712,GO:0006357,GO:0016592
BXY_1712700	GO:0016567,GO:0061630
BXY_1712800	GO:0003735,GO:0005840,GO:0006412,GO:0019843
BXY_1712900	GO:0005730,GO:0006364,GO:0030687,GO:0034399,GO:0042273
BXY_1713000	GO:0005634,GO:0008168
BXY_1713100	GO:0000978,GO:0000981,GO:0003700,GO:0005634,GO:0006355,GO:0006357
BXY_1713200	GO:0000151,GO:0005737,GO:0008270,GO:0016567,GO:0061630,GO:0071596
BXY_1713500	GO:0005929
BXY_1713700	GO:0000724,GO:0000781,GO:0003697,GO:0005662,GO:0006260,GO:0006289,GO:0035861
BXY_1713800	GO:0004888,GO:0005886,GO:0007165
BXY_1713900	GO:0003677,GO:0003887,GO:0005739,GO:0005760,GO:0006260,GO:0006264,GO:0008408
BXY_1714000	GO:0006888,GO:0030008,GO:0048193,GO:1990070,GO:1990071,GO:1990072
BXY_1714100	GO:0008146,GO:0015015,GO:0016020,GO:0017095
BXY_1714200	GO:0005789,GO:2001256
BXY_1714300	GO:0000226,GO:0004672,GO:0004674,GO:0005524,GO:0005737,GO:0006468,GO:0035556,GO:0050321
BXY_1714400	GO:0000139,GO:0015165,GO:0016020,GO:0090481
BXY_1714500	GO:0005515,GO:0005769,GO:0046872
BXY_1714700	GO:0003924,GO:0005525
BXY_1714900	GO:0016491,GO:0016671
BXY_1715000	GO:0005515
BXY_1715400	GO:0004222,GO:0006508,GO:0008237
BXY_1715500	GO:0003676
BXY_1715600	GO:0046983
BXY_1715700	GO:0000122,GO:0005096,GO:0005829,GO:0030511,GO:1904263
BXY_1715900	GO:0005892,GO:0016020
BXY_1716000	GO:0000122,GO:0003714,GO:0005654,GO:0005730,GO:0030690,GO:0030691,GO:0042273,GO:0042393
BXY_1716200	GO:0004857,GO:0005515,GO:0005737,GO:0019208,GO:0019901
BXY_1716300	GO:0005737,GO:0006470,GO:0008579,GO:0016311,GO:0043405
BXY_1716400	GO:0005524,GO:0005829,GO:0005832,GO:0006457,GO:0016887,GO:0051082,GO:0140662
BXY_1716500	GO:0003924,GO:0005525,GO:0005741,GO:0008053,GO:0016020,GO:0051646
BXY_1716600	GO:0005198,GO:0005634,GO:0005829,GO:0006511,GO:0008541
BXY_1716700	GO:0000278,GO:0004672,GO:0005524,GO:0005634,GO:0005737,GO:0006468,GO:0035556,GO:0072354
BXY_1716800	GO:0004491,GO:0005739,GO:0006210,GO:0006574,GO:0016491
BXY_1716900	GO:0005794,GO:0006665,GO:0016125,GO:0032366,GO:0032541,GO:0097036
BXY_1717100	GO:0016491,GO:0016671
BXY_1717400	GO:0000978,GO:0000981,GO:0003677,GO:0005634,GO:0006357
BXY_1717500	GO:0004197,GO:0006508
BXY_1717600	GO:0005576,GO:0008061
BXY_1717800	GO:0005375,GO:0016020,GO:0035434
BXY_1717900	GO:0008080
BXY_1718000	GO:0005634
BXY_1718100	GO:0005768,GO:0032511
BXY_1718300	GO:0000808,GO:0003688,GO:0005634,GO:0005664,GO:0006260
BXY_1718400	GO:0006886,GO:0006890,GO:0006891,GO:0030126
BXY_1718600	GO:0003985,GO:0005739,GO:0006635,GO:0016746,GO:0016747
BXY_1718700	GO:0004930,GO:0005886,GO:0007186,GO:0016020
BXY_1719000	GO:0000978,GO:0000981,GO:0003677,GO:0006355,GO:0006357,GO:0048856
BXY_1719100	GO:0000978,GO:0000981,GO:0003677,GO:0005765,GO:0006355,GO:0006357,GO:0048856
BXY_1719200	GO:0042407
BXY_1719500	GO:0005515
BXY_1719600	GO:0005737,GO:0005789,GO:0006886,GO:0015038,GO:0034599
BXY_1719700	GO:0000166,GO:0002161,GO:0003676,GO:0004813,GO:0005524,GO:0005737,GO:0006419
BXY_1719800	GO:0000139,GO:0005515,GO:0005789,GO:0032933,GO:0032934,GO:0032936,GO:0045540
BXY_1720000	GO:0008484
BXY_1720100	GO:0005515,GO:0030490,GO:0030515,GO:0032040,GO:0034388
BXY_1720200	GO:0004077,GO:0005737,GO:0036211
BXY_1720300	GO:0009986
BXY_1720400	GO:0009986
BXY_1720500	GO:0005739
BXY_1720600	GO:0008289
BXY_1720700	GO:0016020,GO:0022857,GO:0055085
BXY_1720900	GO:0000220,GO:0005886,GO:0007035,GO:0016471,GO:0033179,GO:0046961,GO:0051117,GO:1902600
BXY_1721000	GO:0005096,GO:0005737,GO:0030695,GO:0051056
BXY_1721100	GO:0005515
BXY_1721200	GO:0004620,GO:0006644,GO:0016788
BXY_1721400	GO:0005783,GO:0016409,GO:0016746,GO:0018345
BXY_1721500	GO:0003676,GO:0003723
BXY_1721600	GO:0005085,GO:0005515,GO:0090630
BXY_1722000	GO:0003968,GO:0030422,GO:0031380
BXY_1722200	GO:0042302
BXY_1722300	GO:0042302
BXY_1722400	GO:0042302
BXY_1722500	GO:0004124,GO:0006535
BXY_1722700	GO:0008289
BXY_1722800	GO:0005737,GO:0006979,GO:0016671,GO:0030091,GO:0033743
BXY_1722900	GO:0004672,GO:0004674,GO:0005524,GO:0005634,GO:0006468,GO:0007346
BXY_1723000	GO:0003842,GO:0005759,GO:0010133,GO:0016491
BXY_1723100	GO:0005515
BXY_1723200	GO:0004672,GO:0004713,GO:0005524,GO:0006468
BXY_1723300	GO:0000978,GO:0000981,GO:0003700,GO:0006355,GO:0006357,GO:0009653,GO:0030154,GO:0043565
BXY_1723400	GO:0005886,GO:0007186,GO:0008528,GO:0016020
BXY_1723500	GO:0008194
BXY_1723600	GO:0004222,GO:0005886,GO:0006508,GO:0008237,GO:0016485
BXY_1723700	GO:0016042,GO:0016298,GO:0016787
BXY_1723800	GO:0005886,GO:0006833,GO:0015250,GO:0015267,GO:0016020,GO:0055085
BXY_1723900	GO:0005524,GO:0016020,GO:0016887,GO:0022857,GO:0042626,GO:0055085,GO:0140359
BXY_1724300	GO:0005515,GO:0005777,GO:0005778,GO:0016020,GO:0016560,GO:1990429
BXY_1724500	GO:0005777
BXY_1724600	GO:0006886,GO:0015031,GO:0016192,GO:0030117,GO:0030121,GO:0035615
BXY_1724700	GO:0006886,GO:0015031,GO:0016192,GO:0030117,GO:0030121,GO:0035615
BXY_1724800	GO:0003676,GO:0003677,GO:0003678,GO:0004386,GO:0005524,GO:0005634,GO:0006139,GO:0010569,GO:0016818,GO:0032508,GO:0045910,GO:0070182,GO:0090657,GO:1904430
BXY_1724900	GO:0004675,GO:0016020
BXY_1725000	GO:0004497,GO:0004510,GO:0005506,GO:0009072,GO:0016714,GO:0043005
BXY_1725100	GO:0000978,GO:0000981,GO:0003677,GO:0003700,GO:0005667,GO:0006355,GO:0006357,GO:0008134,GO:0042127,GO:0051726
BXY_1725300	GO:0016020
BXY_1725400	GO:0009986
BXY_1725500	GO:0004672,GO:0005524,GO:0006468
BXY_1725600	GO:0004672,GO:0005524,GO:0006468
BXY_1725900	GO:0000287,GO:0004614,GO:0005829,GO:0005975,GO:0016868
BXY_1726100	GO:0005471,GO:0005743,GO:0055085,GO:0140021,GO:1901029,GO:1990544
BXY_1726200	GO:0016020,GO:0055085
BXY_1726300	GO:0005471,GO:0005743,GO:0140021,GO:1901029,GO:1990544
BXY_1726400	GO:0016491
BXY_1726900	GO:0005634,GO:0006357
BXY_1727000	GO:0005509,GO:0016460
BXY_1727100	GO:0005262,GO:0015292,GO:0036444,GO:0051560,GO:1990246
BXY_1727300	GO:0005154,GO:0007166,GO:0007173,GO:0048018
BXY_1727400	GO:0004383,GO:0006182,GO:0008074,GO:0009190,GO:0016849,GO:0019934,GO:0020037,GO:0035556,GO:0070482
BXY_1727500	GO:0012505
BXY_1727600	GO:0004930,GO:0005886,GO:0007186,GO:0007218,GO:0016020,GO:0042277,GO:0042923,GO:0043005
BXY_1727700	GO:0005739,GO:0005811,GO:0005886,GO:0009247
BXY_1728100	GO:0004222,GO:0006508,GO:0008237,GO:0008270,GO:0031012
BXY_1728200	GO:0006406,GO:0006606,GO:0017056,GO:0031080,GO:0045893
BXY_1728400	GO:0000785,GO:0003682,GO:0003712,GO:0004402,GO:0005634,GO:0006355,GO:0006357,GO:0016573
BXY_1728500	GO:0005515,GO:0005737
BXY_1728600	GO:0003723,GO:0004518,GO:0005634,GO:0005829,GO:0006402,GO:0031047,GO:0031332
BXY_1728800	GO:0000413,GO:0003755,GO:0071013
BXY_1729000	GO:0005929,GO:0030992,GO:0035735,GO:0042073,GO:0048487,GO:0060271
BXY_1729200	GO:0000398,GO:0000974,GO:0005515,GO:0071011,GO:0071013
BXY_1729500	GO:0099072,GO:1900449
BXY_1729700	GO:0016020,GO:0022857,GO:0055085
BXY_1730100	GO:0005515
BXY_1730200	GO:0019825,GO:0020037
BXY_1730500	GO:0003697,GO:0005634,GO:0045944
BXY_1730600	GO:0000139,GO:0005975,GO:0015018,GO:0016020,GO:0050650
BXY_1730700	GO:0000398,GO:0005684,GO:0008380,GO:0071014
BXY_1730800	GO:0001510,GO:0005730,GO:0008168,GO:0008173,GO:0070475
BXY_1730900	GO:0016012,GO:0016020
BXY_1731000	GO:0000030,GO:0004376,GO:0006506,GO:0016020,GO:0051751,GO:1990529
BXY_1731100	GO:0004164,GO:0008168,GO:0017183
BXY_1731200	GO:0008113
BXY_1731300	GO:0000132,GO:0008093,GO:0008356,GO:0009786,GO:0045176,GO:0045179
BXY_1731400	GO:0005524,GO:0005743,GO:0015421,GO:0016020,GO:0016887,GO:0055085,GO:0090374,GO:0140359
BXY_1731700	GO:0004725,GO:0006470
BXY_1731900	GO:0006366
BXY_1732000	GO:0004725,GO:0006470,GO:0016311
BXY_1732200	GO:0003779,GO:0005769,GO:0006887,GO:0032456,GO:0034314,GO:0042147,GO:0043014,GO:0043015,GO:0055037,GO:0071203
BXY_1732300	GO:0005525
BXY_1732400	GO:0035091,GO:0043231
BXY_1732500	GO:0005200,GO:0005635,GO:0005652,GO:0006998,GO:0007097,GO:0031507,GO:0051664,GO:0090435
BXY_1732600	GO:0000166,GO:0004812,GO:0004814,GO:0005524,GO:0005737,GO:0006418,GO:0006420
BXY_1732700	GO:0007267,GO:0007275,GO:0016539,GO:0016540
BXY_1733100	GO:0005085,GO:0006887,GO:0070319
BXY_1733200	GO:0004721,GO:0006470,GO:0016311
BXY_1733300	GO:0016020
BXY_1733400	GO:0005525,GO:0035091,GO:0045494,GO:0070300
BXY_1733500	GO:0003676,GO:0003723,GO:0003729
BXY_1733600	GO:0004758,GO:0005783,GO:0046512,GO:0046513
BXY_1733700	GO:0004555,GO:0005975,GO:0005991,GO:0005993
BXY_1733800	GO:0004758,GO:0005783,GO:0009058,GO:0030170,GO:0046512,GO:0046513
BXY_1734000	GO:0005634,GO:0005737,GO:0071569,GO:1990592
BXY_1734100	GO:0004252,GO:0005509,GO:0016020
BXY_1734300	GO:0005739,GO:0016491,GO:0070221,GO:0070224,GO:0071949
BXY_1734600	GO:0004181,GO:0006508,GO:0008270
BXY_1734700	GO:0047631
BXY_1734800	GO:0005634,GO:0006511,GO:0031625,GO:0043130
BXY_1735000	GO:0000785,GO:0003676,GO:0003723,GO:0005654,GO:0010468
BXY_1735100	GO:0003735,GO:0005840,GO:0006412
BXY_1735200	GO:0004760,GO:0005777,GO:0008453,GO:0019265
BXY_1735300	GO:0005730
BXY_1735400	GO:0003676,GO:0003723,GO:0003743,GO:0005515,GO:0005852,GO:0006413,GO:0031369
BXY_1735500	GO:0005313,GO:0005886,GO:0015175,GO:0015293,GO:0015501,GO:0015813,GO:0016020
BXY_1735700	GO:0001097,GO:0005673,GO:0006367
BXY_1735800	GO:0006357,GO:0035098
BXY_1735900	GO:0006355,GO:0030015
BXY_1736100	GO:0000978,GO:0000981,GO:0003700,GO:0006355,GO:0006357,GO:0009653,GO:0030154,GO:0043565
BXY_1736200	GO:0005044,GO:0005509,GO:0005515
BXY_1736300	GO:0003712,GO:0005634,GO:0006355,GO:0008134,GO:0045892
BXY_1736400	GO:0005739,GO:0006099,GO:0006121,GO:0018293,GO:0034553
BXY_1736500	GO:0000149,GO:0005484,GO:0005886,GO:0006886,GO:0006887,GO:0006906,GO:0012505,GO:0016020,GO:0016192,GO:0031201,GO:0048278
BXY_1736600	GO:0005524,GO:0006457,GO:0016887,GO:0051082,GO:0140662
BXY_1737200	GO:0004222,GO:0005886,GO:0006508,GO:0008237,GO:0016485
BXY_1737400	GO:0005267,GO:0005886,GO:0015271,GO:0016020,GO:0022841,GO:0030322,GO:0071805
BXY_1737500	GO:0030431,GO:0032222,GO:1903818
BXY_1737600	GO:0005102,GO:0005109,GO:0005125,GO:0005576,GO:0005615,GO:0007275,GO:0016055,GO:0030182,GO:0045165,GO:0060070
BXY_1737700	GO:0005524,GO:0016887
BXY_1737800	GO:0004155,GO:0005737,GO:0006559,GO:0006729,GO:0070402,GO:0070404
BXY_1737900	GO:0003676,GO:0003723,GO:0003729,GO:0005829,GO:0006376
BXY_1738000	GO:0005829,GO:0008287,GO:0019888,GO:0032515,GO:0080163
BXY_1738100	GO:0003676,GO:0005737,GO:0008270
BXY_1738200	GO:0003682,GO:0010468,GO:0034087,GO:0061775,GO:0071169,GO:0090694,GO:0140588,GO:1990414
BXY_1738300	GO:0005524,GO:0005634,GO:0005694,GO:0007131,GO:0016887,GO:0051598
BXY_1738500	GO:0000026,GO:0000030,GO:0005789,GO:0006487,GO:0016757
BXY_1738600	GO:0003735,GO:0005763
BXY_1738700	GO:0001054,GO:0001055,GO:0001056,GO:0003677,GO:0003899,GO:0005665,GO:0005666,GO:0005736,GO:0006351,GO:0006362,GO:0006366,GO:0042797
BXY_1738900	GO:0005929
BXY_1739100	GO:0003333,GO:0015179,GO:0016020,GO:0022857,GO:0055085
BXY_1739200	GO:0003333,GO:0015179,GO:0016020,GO:0022857,GO:0055085
BXY_1739300	GO:0000175,GO:0003676,GO:0003723,GO:0015030,GO:0017069,GO:0034472,GO:0046872
BXY_1739400	GO:0005267,GO:0016020,GO:0042802,GO:0071805
BXY_1739500	GO:0004722,GO:0006470,GO:0043169
BXY_1739600	GO:0000166,GO:0000175,GO:0000176,GO:0000467,GO:0003676,GO:0003727,GO:0005730,GO:0006139,GO:0008408,GO:0071035,GO:0071036,GO:0071037,GO:0071038,GO:0071039,GO:0071040,GO:0071044,GO:0071051
BXY_1739800	GO:0005515,GO:0005829
BXY_1739900	GO:0000027,GO:0005515,GO:0005730,GO:0007219
BXY_1740000	GO:0003725,GO:0005634,GO:0005737,GO:0016442,GO:0030422,GO:0035197,GO:0070578,GO:0070920
BXY_1740300	GO:0015149,GO:0015749,GO:0016020,GO:0022857,GO:0055085
BXY_1740400	GO:0000209,GO:0004842,GO:0006511,GO:0061630
BXY_1740500	GO:0005868,GO:0007018
BXY_1740600	GO:0005524,GO:0005739,GO:0007005,GO:0008270,GO:0016887
BXY_1740800	GO:0000290,GO:0000932,GO:0003723,GO:0033962
BXY_1740900	GO:0005515
BXY_1741500	GO:0006679,GO:0008120,GO:0016020,GO:0016757
BXY_1741600	GO:0005770,GO:0006886,GO:0015031,GO:0030904,GO:0030906,GO:0042147
BXY_1741700	GO:0005509,GO:0005783,GO:0017156
BXY_1741800	GO:0000413,GO:0003755,GO:0005737,GO:0006457,GO:0016018
BXY_1742000	GO:0003990,GO:0004104,GO:0005615,GO:0005886,GO:0006581,GO:0019695,GO:0052689
BXY_1742100	GO:0004672,GO:0004674,GO:0005524,GO:0005634,GO:0006468,GO:0007346
BXY_1742300	GO:0016936,GO:0030246
BXY_1742400	GO:0000413,GO:0003755,GO:0005737,GO:0006457,GO:0016018
BXY_1742600	GO:0016936,GO:0030246
BXY_1742700	GO:0005789,GO:0006506,GO:0051267,GO:0051377
BXY_1742900	GO:0000470,GO:0001510,GO:0003723,GO:0005730,GO:0006396,GO:0008168,GO:0008173,GO:0008757,GO:0009383,GO:0070475
BXY_1743000	GO:0000978,GO:0001228,GO:0005634,GO:0006357
BXY_1743100	GO:0005524,GO:0006457,GO:0016887,GO:0051082,GO:0140662
BXY_1743300	GO:0004888,GO:0005216,GO:0005230,GO:0006811,GO:0016020,GO:0034220
BXY_1743400	GO:0003924,GO:0005525,GO:0007264
BXY_1743700	GO:0004842,GO:0008270,GO:0016567
BXY_1743800	GO:0003684,GO:0005515,GO:0005654,GO:0005829,GO:0006289,GO:0031593,GO:0043130,GO:0043161,GO:0070628
BXY_1743900	GO:0005515,GO:0005758
BXY_1744400	GO:0005245,GO:0005891
BXY_1744600	GO:0003924,GO:0005525,GO:0005634,GO:0005764,GO:0009267,GO:0010507,GO:1904263,GO:1990131
BXY_1744800	GO:0000462,GO:0005730,GO:0032040
BXY_1745000	GO:0005765,GO:0005774,GO:0015184,GO:0015811
BXY_1745100	GO:0005506,GO:0005737,GO:0006449,GO:0016705,GO:0016706,GO:0019511,GO:0031418,GO:0031543
BXY_1745200	GO:0016020,GO:0043231
BXY_1745300	GO:0000166,GO:0004812,GO:0004814,GO:0005524,GO:0005739,GO:0006418,GO:0006420,GO:0032543
BXY_1745400	GO:0004930,GO:0007186,GO:0016020
BXY_1745500	GO:0005783,GO:0005975,GO:0006006,GO:0016773,GO:0043843
BXY_1745600	GO:0000139,GO:0016020,GO:0017134
BXY_1745800	GO:0004096,GO:0005737,GO:0005739,GO:0005777,GO:0006979,GO:0020037,GO:0042542,GO:0042744
BXY_1746000	GO:0005515,GO:0005886,GO:0043235
BXY_1746200	GO:0005768,GO:0007032,GO:0016197,GO:0071203
BXY_1746300	GO:0000462,GO:0000479,GO:0003924,GO:0005525,GO:0005634,GO:0030688,GO:0034511,GO:0042254
BXY_1746400	GO:0005515,GO:0005930,GO:0030991,GO:0035721,GO:0036064,GO:0042073
BXY_1746500	GO:0004620,GO:0005737,GO:0046872
BXY_1746600	GO:0005783
BXY_1746700	GO:0004470,GO:0004473,GO:0005739,GO:0006090,GO:0006108,GO:0016616,GO:0051287
BXY_1746800	GO:0000176,GO:0000177,GO:0000467,GO:0016075,GO:0034427,GO:0034473,GO:0034475,GO:0034476,GO:0035925,GO:0043928,GO:0071028,GO:0071035,GO:0071038
BXY_1747000	GO:0005739,GO:0032981,GO:0035243
BXY_1747100	GO:0005515,GO:0005524,GO:0005694,GO:0016887,GO:0051276
BXY_1747200	GO:0005525,GO:0005730
BXY_1747400	GO:0003746,GO:0003924,GO:0005525,GO:0005739,GO:0006414,GO:0070125
BXY_1747500	GO:0016740
BXY_1747600	GO:0005886,GO:0072659
BXY_1747700	GO:0000228,GO:0003677,GO:0005515,GO:0006338,GO:0006355,GO:0008623,GO:0031445,GO:0045740
BXY_1747900	GO:0005829,GO:0006979,GO:0008379,GO:0016209,GO:0016491,GO:0033554,GO:0042744,GO:0045454
BXY_1748000	GO:0003837,GO:0016811,GO:0033396
BXY_1748100	GO:0004089,GO:0006730,GO:0008270,GO:0016836
BXY_1748200	GO:0002028
BXY_1748300	GO:0000035,GO:0000036,GO:0005739,GO:0005747,GO:0006633
BXY_1748400	GO:0004888,GO:0005216,GO:0005230,GO:0006811,GO:0016020,GO:0034220
BXY_1748600	GO:0003857,GO:0004300,GO:0005777,GO:0006635,GO:0044594
BXY_1748700	GO:0000062,GO:0003995,GO:0016627,GO:0017099,GO:0050660
BXY_1748800	GO:0005515
BXY_1748900	GO:0005737,GO:0008612,GO:0034038
BXY_1749100	GO:0003924,GO:0005525,GO:0007165,GO:0016020
BXY_1749200	GO:0000124,GO:0005515,GO:0005634,GO:0006281,GO:0006355,GO:0035267
BXY_1749300	GO:0005515,GO:0032874
BXY_1749400	GO:0005737
BXY_1749500	GO:0000118,GO:0004407,GO:0016575,GO:0040029
BXY_1749700	GO:0008146,GO:0008467
BXY_1749800	GO:0016197,GO:0031901,GO:0046872
BXY_1749900	GO:0005829,GO:0006979,GO:0008379,GO:0016209,GO:0016491,GO:0019430,GO:0033554,GO:0042744,GO:0045321,GO:0045454,GO:0051920
BXY_1750300	GO:0004672,GO:0005524,GO:0006468
BXY_1750400	GO:0007030,GO:0010008,GO:0019894,GO:0032418,GO:0032880
BXY_1750500	GO:0000123,GO:0005634,GO:0006325,GO:0006355,GO:0035267
BXY_1750600	GO:0000978,GO:0000981,GO:0001228,GO:0006355,GO:0006357,GO:0016602,GO:0046982
BXY_1750700	GO:0003729,GO:0005515,GO:0005634,GO:0006396,GO:0031123,GO:0031124
BXY_1750800	GO:0003723,GO:0003735,GO:0006412,GO:0015934
BXY_1751000	GO:0003677,GO:0003689,GO:0005524,GO:0005634,GO:0005663,GO:0006260,GO:0006261,GO:0006281,GO:0016887
BXY_1751200	GO:0005509
BXY_1751300	GO:0005216,GO:0006811,GO:0015276,GO:0016020,GO:0038023
BXY_1751600	GO:0000774,GO:0005783
BXY_1751700	GO:0003676,GO:0003723,GO:0004386,GO:0005524,GO:0005622,GO:0071013
BXY_1751800	GO:0000462,GO:0030515,GO:0030686,GO:0032040,GO:0034455,GO:0045943
BXY_1751900	GO:0005783,GO:0030497
BXY_1752200	GO:0004185,GO:0006508
BXY_1752300	GO:0005515,GO:0019005,GO:0031146
BXY_1752400	GO:0004222,GO:0005886,GO:0006508,GO:0008237,GO:0016485
BXY_1752500	GO:0016311,GO:0016791
BXY_1752700	GO:0003735,GO:0005840,GO:0006412
BXY_1752800	GO:0005515,GO:0006570
BXY_1752900	GO:0004363,GO:0005524,GO:0005829,GO:0006750,GO:0016874,GO:0043295
BXY_1753000	GO:0003735,GO:0005763,GO:0005840,GO:0006412,GO:0032543,GO:0070181
BXY_1753100	GO:0005634,GO:0006203,GO:0008832
BXY_1753200	GO:0005789,GO:0006487,GO:0008250,GO:0018279
BXY_1753300	GO:0005737,GO:0006457,GO:0051082
BXY_1753400	GO:0019825,GO:0020037
BXY_1753500	GO:0005200,GO:0005525,GO:0005874,GO:0007017
BXY_1753600	GO:0005509,GO:0005515,GO:0005737,GO:0005886,GO:0006897,GO:0016197
BXY_1753700	GO:0004601,GO:0006979,GO:0020037
BXY_1753800	GO:0005515
BXY_1753900	GO:0003824,GO:0004397,GO:0005737,GO:0006548,GO:0016841
BXY_1754000	GO:0004867,GO:0005615
BXY_1754100	GO:0012505
BXY_1754300	GO:0005524,GO:0005634,GO:0005829,GO:0016787,GO:0016887,GO:0030970,GO:0031593,GO:0034098,GO:0051228,GO:0097352
BXY_1754400	GO:0005737
BXY_1754500	GO:0004739,GO:0006086,GO:0016624,GO:0043231
BXY_1754600	GO:0003924,GO:0005200,GO:0005525,GO:0005874,GO:0007017
BXY_1754700	GO:0004930,GO:0005886,GO:0007186,GO:0016020
BXY_1754900	GO:0005085,GO:0005515,GO:0031267
BXY_1755200	GO:0035064
BXY_1755300	GO:0005524,GO:0005743,GO:0015421,GO:0016020,GO:0016887,GO:0055085,GO:0090374,GO:0140359
BXY_1755800	GO:0005324,GO:0005524,GO:0005778,GO:0006635,GO:0007031,GO:0015910,GO:0016020,GO:0016887,GO:0042626,GO:0042760,GO:0055085,GO:0140359
BXY_1755900	GO:0003723,GO:0005515,GO:0005848,GO:0031124
BXY_1756000	GO:0005391,GO:0005886,GO:0006883,GO:0019829,GO:0030007,GO:0036376,GO:1902600,GO:1990573
BXY_1756100	GO:0005524,GO:0005886,GO:0016020,GO:0016887,GO:0042626,GO:0055085,GO:0140359
BXY_1756200	GO:0000166,GO:0005215,GO:0005391,GO:0005524,GO:0005886,GO:0006883,GO:0016020,GO:0016887,GO:0019829,GO:0030007,GO:0036376,GO:1902600,GO:1990573
BXY_1756400	GO:0004930,GO:0007186,GO:0016020
BXY_1756500	GO:0005794,GO:0016020,GO:0016192,GO:0031267
BXY_1756800	GO:0001530,GO:0003723,GO:0006396
BXY_1756900	GO:0005886,GO:0016020
BXY_1757100	GO:0004725,GO:0005515,GO:0006470,GO:0016311
BXY_1757200	GO:0004722,GO:0016787
BXY_1757500	GO:0003677,GO:0003916,GO:0003917,GO:0005634,GO:0006265,GO:0006281,GO:0006310,GO:0031422
BXY_1758000	GO:0003677
BXY_1758200	GO:0005576,GO:0008061
BXY_1758300	GO:0000978,GO:0000981,GO:0005634,GO:0006355,GO:0006357,GO:0007548,GO:0043565
BXY_1758800	GO:0004601,GO:0005615,GO:0006979,GO:0020037
BXY_1759000	GO:0004601,GO:0005615,GO:0006979,GO:0020037
BXY_1759100	GO:0003824,GO:0004661,GO:0004662,GO:0005953,GO:0008318,GO:0018342,GO:0018344
BXY_1759200	GO:0016042,GO:0016298,GO:0016787
BXY_1759400	GO:0017183,GO:0090560
BXY_1759500	GO:0005783,GO:0008289
BXY_1759600	GO:0006357,GO:0035267
BXY_1759700	GO:0000014,GO:0000110,GO:0000712,GO:0000724,GO:0003684,GO:0003697,GO:1901255
BXY_1759800	GO:0004512,GO:0006021,GO:0008654
BXY_1759900	GO:0000014,GO:0000110,GO:0000712,GO:0000724,GO:0003677,GO:0003684,GO:0003697,GO:1901255
BXY_1760100	GO:0003735,GO:0005840,GO:0006412
BXY_1760300	GO:0006611,GO:0046907
BXY_1760400	GO:0009101,GO:0016020,GO:0016757
BXY_1760600	GO:0003676,GO:0003723,GO:0005515,GO:0006396
BXY_1760700	GO:0000398,GO:0000974,GO:0004842,GO:0005515,GO:0005737,GO:0016567,GO:0061630,GO:0071006
BXY_1760800	GO:0005515,GO:0005634,GO:0005737,GO:0006606,GO:0061015,GO:0061608
BXY_1761000	GO:0005515,GO:0005524,GO:0005634,GO:0006355,GO:0042393
BXY_1761100	GO:0005783,GO:0006506,GO:0016020,GO:0016746,GO:0032216,GO:0072659
BXY_1761200	GO:0000139,GO:0006024,GO:0006493,GO:0009101,GO:0016020,GO:0016757,GO:0016758,GO:0047220
BXY_1761400	GO:0006897,GO:0016020,GO:0016192,GO:0030125
BXY_1761500	GO:0005515,GO:0005680,GO:0010997,GO:0031145,GO:0097027,GO:1904668,GO:1905786,GO:1990757
BXY_1761600	GO:0004185,GO:0006508
BXY_1761800	GO:0004672,GO:0005524,GO:0006468
BXY_1761900	GO:0000445,GO:0003729,GO:0006406
BXY_1762000	GO:0000813,GO:0005770,GO:0019075,GO:0042058,GO:0046755
BXY_1762100	GO:0005313,GO:0005886,GO:0015175,GO:0015293,GO:0015501,GO:0015813,GO:0016020
BXY_1762200	GO:0000139,GO:0005789,GO:0006506
BXY_1762700	GO:0004601,GO:0005615,GO:0006979,GO:0020037
BXY_1762900	GO:0004601,GO:0005615,GO:0006979,GO:0020037
BXY_1763200	GO:0003924,GO:0005200,GO:0005525,GO:0005874,GO:0007017
BXY_1763300	GO:0000139,GO:0006621,GO:0006890,GO:0016020
BXY_1763400	GO:0009653
BXY_1763500	GO:0042302
BXY_1763600	GO:0005515
BXY_1764000	GO:0001508,GO:0005216,GO:0005249,GO:0005251,GO:0005515,GO:0006811,GO:0006813,GO:0008076,GO:0016020,GO:0051260,GO:0055085,GO:0071805
BXY_1764100	GO:0004725,GO:0006470,GO:0016311
BXY_1764200	GO:0042302
BXY_1764300	GO:0007606,GO:0016020
BXY_1764400	GO:0004984,GO:0050907
BXY_1764700	GO:0005096,GO:0005643,GO:0005737,GO:0046907
BXY_1764800	GO:0006457,GO:0016272,GO:0051082
BXY_1765000	GO:0005381,GO:0016020,GO:0034755
BXY_1765100	GO:0016936,GO:0030246
BXY_1765500	GO:0005267,GO:0005886,GO:0015271,GO:0016020,GO:0022841,GO:0030322,GO:0071805
BXY_1765600	GO:0005643,GO:0006999,GO:0017056,GO:0044611
BXY_1766200	GO:0042302
BXY_1766400	GO:0002098,GO:0005829,GO:0008033,GO:0030488,GO:0050660
BXY_1766500	GO:0000014,GO:0000729,GO:0000793,GO:0003676,GO:0003690,GO:0003697,GO:0005634,GO:0006303,GO:0015074,GO:0031297,GO:0035861,GO:0042800,GO:0044547,GO:0044774,GO:0046975
BXY_1766600	GO:0002098,GO:0005829,GO:0008033,GO:0030488,GO:0050660
BXY_1767000	GO:0005506,GO:0005783,GO:0008475,GO:0016705,GO:0017185,GO:0031418
BXY_1767100	GO:0000049,GO:0004812,GO:0004826,GO:0005524,GO:0005737,GO:0005739,GO:0006432,GO:0043039
BXY_1767200	GO:0004623,GO:0005737,GO:0008970,GO:0016410,GO:0070292
BXY_1767400	GO:0004521,GO:0005634,GO:0016180
BXY_1767600	GO:0003333,GO:0015179,GO:0016020,GO:0022857,GO:0055085
BXY_1767700	GO:0004022,GO:0005737,GO:0008270,GO:0016491
BXY_1767800	GO:0003729,GO:0003730,GO:0005829,GO:0046872
BXY_1768000	GO:0005743,GO:0006784,GO:0016020,GO:0016653,GO:0120547
BXY_1768100	GO:0004408,GO:0005739,GO:0018063
BXY_1768400	GO:0007606,GO:0016020
BXY_1768600	GO:0004842,GO:0005634,GO:0016567
BXY_1768700	GO:0004022,GO:0005737,GO:0008270,GO:0016491
BXY_1768900	GO:0000981,GO:0003700,GO:0006355,GO:0006357,GO:0035497
BXY_1769000	GO:0030544,GO:0051879,GO:0060548
BXY_1769100	GO:0005515
BXY_1769200	GO:0000398,GO:0005515,GO:0071013
BXY_1769400	GO:0000137,GO:0005794,GO:0005801,GO:0007030,GO:0032580
BXY_1769500	GO:0005747
BXY_1769600	GO:0008194
BXY_1769700	GO:0005507,GO:0006801,GO:0046872
BXY_1769800	GO:0042302
BXY_1769900	GO:0004672,GO:0005524,GO:0005886,GO:0006468
BXY_1770000	GO:0005375,GO:0016020,GO:0035434
BXY_1770100	GO:0005375,GO:0016020,GO:0035434
BXY_1770200	GO:0005375,GO:0016020,GO:0035434
BXY_1770300	GO:0004185,GO:0006508
BXY_1770400	GO:0006508,GO:0008234
